{"time": 25232.104025634, "bds50": {"value": {"rol": -0.7, "tan": 184.395, "gsp": 306, "tanR": -0.094, "tas": 312}, "time": 25231.217809092, "msg": "02188d0696f299c656c4808000a8201ca5ff9833267fec9c8880ca"}, "bds60": {"value": {"mhd": 186.855, "ias": 280, "mach": 0.476, "bar": 0, "ivv": 32}, "time": 25232.104025634, "msg": "02188d0696f2ce98ee22808100a02004b7c27a311de004018880ca"}, "df17": {"time": 25231.875, "Lat": 22.1185899, "Lon": 114.0830398, "geometric_height": 7100, "TId": "HVN593", "gsp": 305.0, "tan": 184.5153809}, "windSpd_kt": 14.559, "windDir_deg": 71.293, "temperature_K": 565.656, "address": "8880ca", "createdAt": "07:00:32.140525"}