{"time": 25294.58460391, "bds50": {"value": {"rol": -0.4, "tan": 195.645, "gsp": 418, "tanR": 0.0, "tas": 456}, "time": 25294.47731007, "msg": "02188d0697015455b876828900a00011b8ffd8b3346004e4789226"}, "bds60": {"value": {"mhd": 204.961, "ias": 295, "mach": 0.744, "bar": 160, "ivv": 0}, "time": 25294.58460391, "msg": "02188d0697015abae506818900a00011b8c8ea4f2ea02c00789226"}, "df17": {"time": 25294.53125, "Lat": 23.5211706, "Lon": 113.8604164, "geometric_height": 29100, "TId": "CRK337", "gsp": 418.6, "tan": 195.6610107}, "windSpd_kt": 80.449, "windDir_deg": 82.217, "temperature_K": 494.586, "address": "789226", "createdAt": "07:01:34.632350"}