{"time": 25299.346181348, "bds50": {"value": {"rol": -0.2, "tan": 267.891, "gsp": 348, "tanR": null, "tas": 382}, "time": 25299.346181348, "msg": "02188d069702768acce4908a00a8000b1ffffbe92b8004bf780172"}, "bds60": {"value": {"mhd": 269.473, "ias": 292, "mach": 0.592, "bar": -1280, "ivv": -1312}, "time": 25298.881756794, "msg": "02188d0697025adc3e7a808b00a0000ab8dfda49253ec7d7780172"}, "df17": {"time": 25299.046875, "Lat": 22.2740078, "Lon": 115.0547719, "geometric_height": 17325, "TId": "CPA501", "gsp": 349.1, "tan": 267.8686523}, "windSpd_kt": 35.459, "windDir_deg": 105.194, "temperature_K": 548.202, "address": "780172", "createdAt": "07:01:39.395945"}