{"time": 25302.501758753, "bds50": {"value": {"rol": 6.3, "tan": 216.387, "gsp": 348, "tanR": 0.281, "tas": 372}, "time": 25302.501758753, "msg": "02188d06970332a11721909300a8001b1484999f2ba04cba780e59"}, "bds60": {"value": {"mhd": 224.473, "ias": 280, "mach": 0.584, "bar": -32, "ivv": 0}, "time": 25302.068905703, "msg": "02188d06970318d446e7809200a0000b9ccfda3124bffc00780e59"}, "df17": {"time": 25301.921875, "Lat": 24.1114068, "Lon": 113.9478564, "geometric_height": 18575, "TId": "CDG4693", "gsp": 348.7, "tan": 215.1947021}, "windSpd_kt": 56.126, "windDir_deg": 105.181, "temperature_K": 534.218, "address": "780e59", "createdAt": "07:01:42.537045"}