{"time": 25136.335331735, "bds50": {"value": {"rol": -17.2, "tan": 339.961, "gsp": 366, "tanR": -0.938, "tas": 364}, "time": 25135.900591544, "msg": "02188d0696dc686d05b8808600a000091cf3df1d2dff14b6780bcf"}, "bds60": {"value": {"mhd": 336.445, "ias": 290, "mach": 0.56, "bar": -704, "ivv": -544}, "time": 25136.335331735, "msg": "02188d0696dc8256a197808700a000091cf7aa45233f57ef780bcf"}, "df17": {"time": 25136.078125, "Lat": 22.9197979, "Lon": 113.9395738, "geometric_height": 14425, "TId": "CSN3070", "gsp": 365.6, "tan": 340.1751709}, "windSpd_kt": 22.484, "windDir_deg": 63.102, "temperature_K": 556.268, "address": "780bcf", "createdAt": "06:58:56.368022"}