{"time": 25189.410216002, "bds50": {"value": {"rol": -0.2, "tan": 287.578, "gsp": 412, "tanR": null, "tas": 452}, "time": 25189.410216002, "msg": "02188d0696e8ddd91842809f00a80004b3fffcc933bffce27809e4"}, "bds60": {"value": {"mhd": 284.238, "ias": 304, "mach": 0.736, "bar": -1792, "ivv": -1792}, "time": 25189.399920043, "msg": "02188d0696e8dd3bfdab819600a0001099e51a612e3e47c87809e4"}, "df17": {"time": 25189.3046875, "Lat": 24.0519691, "Lon": 113.1142044, "geometric_height": 27025, "TId": "CSN8549", "gsp": 410.4, "tan": 287.7264404}, "windSpd_kt": 47.251, "windDir_deg": 73.707, "temperature_K": 496.568, "address": "7809e4", "createdAt": "06:59:49.455446"}