{"time": 25279.140455553, "bds50": {"value": {"rol": -0.2, "tan": 248.027, "gsp": 266, "tanR": null, "tas": 280}, "time": 25279.140455553, "msg": "02188d0696fdc22fe481807a00a8000e2efffb07217ffc8c789211"}, "bds60": {"value": {"mhd": 249.609, "ias": 233, "mach": 0.428, "bar": -1664, "ivv": -1792}, "time": 25279.13014996, "msg": "02188d0696fdc192a448807a00a0000733d8c9d31afe67c8789211"}, "df17": {"time": 25279.1015625, "Lat": 22.2202778, "Lon": 114.2201328, "geometric_height": 11250, "TId": "CRK611", "gsp": 266.1, "tan": 248.1591797}, "windSpd_kt": 15.899, "windDir_deg": 97.118, "temperature_K": 563.49, "address": "789211", "createdAt": "07:01:19.181260"}