{"time": 25211.451038583, "bds50": {"value": {"rol": -0.4, "tan": 195.469, "gsp": 420, "tanR": null, "tas": 460}, "time": 25211.451038583, "msg": "02188d0696edff955b77808d00a8001994ffd8b134bffce6780508"}, "bds60": {"value": {"mhd": 205.312, "ias": 278, "mach": 0.768, "bar": 0, "ivv": -32}, "time": 25211.047927585, "msg": "02188d0696ede78e5f21808c00a8001994c90a2d302007ff780508"}, "df17": {"time": 25210.2890625, "Lat": 23.2286167, "Lon": 113.7719679, "geometric_height": 33875, "TId": "CSN3516", "gsp": 420.1, "tan": 195.4577637}, "windSpd_kt": 85.369, "windDir_deg": 82.562, "temperature_K": 472.336, "address": "780508", "createdAt": "07:00:11.484689"}