{"time": 25142.371841455, "bds50": {"value": {"rol": -0.4, "tan": 223.77, "gsp": 424, "tanR": null, "tas": 474}, "time": 25142.371841455, "msg": "02188d0696ddea2475af809d00a02015bcffd9f3353ffced781392"}, "bds60": {"value": {"mhd": 229.57, "ias": 279, "mach": 0.804, "bar": 96, "ivv": 0}, "time": 25141.411634635, "msg": "02188d0696ddb0e8ddcb819700a02015bcd1aa2f32601c00781392"}, "df17": {"time": 25142.171875, "Lat": 21.8225169, "Lon": 112.0122027, "geometric_height": 36075, "TId": "CES235", "gsp": 423.0, "tan": 223.8519287}, "windSpd_kt": 67.511, "windDir_deg": 88.966, "temperature_K": 457.618, "address": "781392", "createdAt": "06:59:02.414212"}