{"time": 25281.918320421, "bds50": {"value": {"rol": 0.2, "tan": 227.285, "gsp": 358, "tanR": null, "tas": 450}, "time": 25281.918320421, "msg": "02188d0696fe67c2bf25909d00a80012bd803a1b2cfffce178124a"}, "bds60": {"value": {"mhd": 237.305, "ias": 262, "mach": 0.76, "bar": -64, "ivv": 0}, "time": 25281.371783309, "msg": "02188d0696fe472f408d819d00a00015bcd46a0d2fbff40078124a"}, "df17": {"time": 25280.2890625, "Lat": 26.0565019, "Lon": 115.0351381, "geometric_height": 35725, "TId": null, "gsp": 358.8, "tan": 227.1478271}, "windSpd_kt": 115.665, "windDir_deg": 89.889, "temperature_K": 461.59, "address": "78124a", "createdAt": "07:01:21.967856"}