{"time": 25138.892557462, "bds50": {"value": {"rol": 0.2, "tan": 186.504, "gsp": 436, "tanR": 0.0, "tas": 468}, "time": 25137.709072631, "msg": "02188d0696dcd43840f7809800a800173b80384b36a004ea780773"}, "bds60": {"value": {"mhd": 197.578, "ias": 306, "mach": 0.768, "bar": 128, "ivv": 32}, "time": 25138.892557462, "msg": "02188d0696dd1ac2cc96819400a00011b8c64a6530202401780773"}, "df17": {"time": 25138.171875, "Lat": 25.7402158, "Lon": 113.8781619, "geometric_height": 28975, "TId": "CSN6916", "gsp": 434.8, "tan": 186.4709473}, "windSpd_kt": 92.859, "windDir_deg": 81.981, "temperature_K": 488.908, "address": "780773", "createdAt": "06:58:58.926673"}