{"time": 25133.788357246, "bds50": {"value": {"rol": 0.2, "tan": 308.848, "gsp": 228, "tanR": -0.156, "tas": 218}, "time": 25133.78159381, "msg": "02188d0696dbea1faed2808400a8000e19803dbb1cbfdc6d780aab"}, "bds60": {"value": {"mhd": 309.902, "ias": 203, "mach": 0.332, "bar": -416, "ivv": -512}, "time": 25133.788357246, "msg": "02188d0696dbea86e27e808500a0000318ee399714ff9ff0780aab"}, "df17": {"time": 25132.9765625, "Lat": 22.10917, "Lon": 113.7914944, "geometric_height": 4250, "TId": "CPA859", "gsp": 228.3, "tan": 308.7762451}, "windSpd_kt": 10.808, "windDir_deg": -72.93, "temperature_K": 567.668, "address": "780aab", "createdAt": "06:58:53.830497"}