{"time": 25169.401050743, "bds50": {"value": {"rol": -0.2, "tan": 279.844, "gsp": 234, "tanR": 0.0, "tas": 234}, "time": 25168.860369259, "msg": "02188d0696e414fb516b908300a8001798fffc711d6004758990f5"}, "bds60": {"value": {"mhd": 280.195, "ias": 211, "mach": 0.356, "bar": -1056, "ivv": -1024}, "time": 25169.401050743, "msg": "02188d0696e435357677817700a0000492e3a9a7167effe08990f5"}, "df17": {"time": 25169.421875, "Lat": 22.069602, "Lon": 113.8932681, "geometric_height": 6600, "TId": "CAL7863", "gsp": 234.4, "tan": 279.8217773}, "windSpd_kt": 1.434, "windDir_deg": -169.98, "temperature_K": 568.84, "address": "8990f5", "createdAt": "06:59:29.446552"}