{"time": 25227.263701497, "bds50": {"value": {"rol": 0.5, "tan": 222.012, "gsp": 360, "tanR": null, "tas": 388}, "time": 25227.263701497, "msg": "02188d0696f1ae1771f9818b00a800180e8079df2d3ffcc2780c3f"}, "bds60": {"value": {"mhd": 228.516, "ias": 291, "mach": 0.612, "bar": -896, "ivv": -992}, "time": 25227.009779363, "msg": "02188d0696f19ef4e6a3818c00a0000c13d14a47267f27e1780c3f"}, "df17": {"time": 25227.046875, "Lat": 24.025147, "Lon": 113.864944, "geometric_height": 19275, "TId": "CSN6609", "gsp": 360.4, "tan": 221.9622803}, "windSpd_kt": 50.813, "windDir_deg": 101.887, "temperature_K": 529.198, "address": "780c3f", "createdAt": "07:00:27.296900"}