{"time": 25110.053504865, "bds50": {"value": {"rol": 7.6, "tan": 62.402, "gsp": 156, "tanR": null, "tas": 166}, "time": 25108.928329267, "msg": "02188d0696d620c0f633808f00a8001f2e8572c713800453780170"}, "bds60": {"value": {"mhd": 68.73, "ias": 160, "mach": 0.252, "bar": -288, "ivv": -288}, "time": 25110.053504865, "msg": "02188d0696d663d1c761908500a00002169879410fffbff7780170"}, "df17": {"time": 25109.90625, "Lat": 22.264502, "Lon": 113.7564111, "geometric_height": 2600, "TId": "CPA543", "gsp": 156.4, "tan": 63.4350586}, "windSpd_kt": 20.385, "windDir_deg": -53.762, "temperature_K": 571.312, "address": "780170", "createdAt": "06:58:30.098084"}