{"time": 25124.835403482, "bds50": {"value": {"rol": 0.4, "tan": 260.156, "gsp": 344, "tanR": 0.062, "tas": 368}, "time": 25124.835403482, "msg": "02188d0696d9d4e3a6da808600a8001e91805b912b2014b8780e17"}, "bds60": {"value": {"mhd": 262.441, "ias": 289, "mach": 0.568, "bar": -1216, "ivv": -1056}, "time": 25124.664073051, "msg": "02188d0696d9caad5b5b808700a00009b1dd5a4323bed7df780e17"}, "df17": {"time": 25124.4765625, "Lat": 22.8284097, "Lon": 114.7760153, "geometric_height": 15550, "TId": "CDC8835", "gsp": 343.0, "tan": 260.2606201}, "windSpd_kt": 27.88, "windDir_deg": 111.909, "temperature_K": 552.658, "address": "780e17", "createdAt": "06:58:44.871532"}