{"time": 25203.113648251, "bds50": {"value": {"rol": -0.2, "tan": 267.539, "gsp": 266, "tanR": 0.0, "tas": 278}, "time": 25203.113648251, "msg": "02188d0696ec0ea2e07b808a00a8200e2efffbe52160048b789211"}, "bds60": {"value": {"mhd": 268.066, "ias": 230, "mach": 0.424, "bar": -32, "ivv": -32}, "time": 25203.10628809, "msg": "02188d0696ec0e3291da808a00a0200790df59cd1abfffff789211"}, "df17": {"time": 25202.3671875, "Lat": 22.2487307, "Lon": 114.3154478, "geometric_height": 11550, "TId": "CRK611", "gsp": 265.2, "tan": 267.62146}, "windSpd_kt": 12.258, "windDir_deg": 99.579, "temperature_K": 565.998, "address": "789211", "createdAt": "07:00:03.188142"}