{"time": 25111.244727228, "bds50": {"value": {"rol": -0.2, "tan": 64.688, "gsp": 480, "tanR": 0.031, "tas": 434}, "time": 25111.244727228, "msg": "02188d0696d6aad263bc808b00a800153dfff2e13c200cd97810b1"}, "bds60": {"value": {"mhd": 67.5, "ias": 295, "mach": 0.704, "bar": -1248, "ivv": -1536}, "time": 25110.722427297, "msg": "02188d0696d68bb0b9a1808c00a0001014980a4f2c3ecfd07810b1"}, "df17": {"time": 25111.2265625, "Lat": 23.0176234, "Lon": 115.0639343, "geometric_height": 26125, "TId": "GCR7441", "gsp": 481.0, "tan": 64.7698975}, "windSpd_kt": 51.163, "windDir_deg": 40.096, "temperature_K": 500.37, "address": "7810b1", "createdAt": "06:58:31.283411"}