{"time": 25282.589259324, "bds50": {"value": {"rol": -0.4, "tan": 87.012, "gsp": 292, "tanR": -0.062, "tas": 276}, "time": 25282.589259324, "msg": "02188d0696fe8fc0763c829100a8000a30ffd3df24bff48a7804c9"}, "bds60": {"value": {"mhd": 91.23, "ias": 249, "mach": 0.424, "bar": -64, "ivv": -32}, "time": 25282.57537296, "msg": "02188d0696fe8eec92a0819100a00004b3a079f31abff7ff7804c9"}, "df17": {"time": 25282.4453125, "Lat": 23.5283375, "Lon": 113.4814954, "geometric_height": 7000, "TId": "CSN379", "gsp": 291.4, "tan": 87.0501709}, "windSpd_kt": 26.317, "windDir_deg": 36.534, "temperature_K": 557.884, "address": "7804c9", "createdAt": "07:01:22.623212"}