{"time": 25243.198520799, "bds50": {"value": {"rol": 0.0, "tan": 112.148, "gsp": 198, "tanR": 0.094, "tas": 198}, "time": 25243.198520799, "msg": "02188d0696f563e17ddf808200a80008148014fd18e01c63781433"}, "bds60": {"value": {"mhd": 117.422, "ias": 184, "mach": 0.3, "bar": -160, "ivv": -96}, "time": 25243.191033443, "msg": "02188d0696f5636f3e63808200a0000392a9c97112ffdffd781433"}, "df17": {"time": 25243.1015625, "Lat": 22.4823403, "Lon": 113.6918664, "geometric_height": 4925, "TId": "CSZ9504", "gsp": 197.8, "tan": 112.2857666}, "windSpd_kt": 18.219, "windDir_deg": 24.785, "temperature_K": 573.516, "address": "781433", "createdAt": "07:00:43.239203"}