{"time": 25093.904456152, "bds50": {"value": {"rol": 0.7, "tan": 221.836, "gsp": 402, "tanR": null, "tas": 458}, "time": 25093.889975108, "msg": "02188d0696d2a065e344819b00a00010988099dd327ffce576b4e9"}, "bds60": {"value": {"mhd": 227.988, "ias": 308, "mach": 0.744, "bar": 160, "ivv": 0}, "time": 25093.904456152, "msg": "02188d0696d2a142d9d890a000a0001098d11a692ea02c0076b4e9"}, "df17": {"time": 25093.0625, "Lat": 23.8334227, "Lon": 117.2044444, "geometric_height": 26950, "TId": "SLK991", "gsp": 400.8, "tan": 221.9677734}, "windSpd_kt": 72.503, "windDir_deg": 84.444, "temperature_K": 498.934, "address": "76b4e9", "createdAt": "06:58:13.943857"}