{"time": 25294.069230766, "bds50": {"value": {"rol": 0.0, "tan": 236.25, "gsp": 444, "tanR": null, "tas": 482}, "time": 25292.742514348, "msg": "02188d069700eceed6ac81a900a0001838801a8137bffcf1886289"}, "bds60": {"value": {"mhd": 236.426, "ias": 264, "mach": 0.828, "bar": 32, "ivv": 0}, "time": 25294.069230766, "msg": "02188d0697013c02ecae81a900a0001838d41a1133e00c00886289"}, "df17": {"time": 25292.5, "Lat": 18.1549931, "Lon": 111.2571931, "geometric_height": 40350, "TId": "TAX639", "gsp": 444.1, "tan": 236.2005615}, "windSpd_kt": 38.027, "windDir_deg": 58.481, "temperature_K": 446.16, "address": "886289", "createdAt": "07:01:34.106743"}