{"time": 25263.166845825, "bds50": {"value": {"rol": -0.7, "tan": 76.641, "gsp": 174, "tanR": -0.25, "tas": 174}, "time": 25263.166845825, "msg": "02188d0696fa0a15f381808100a8000926ff936915ffc4577811e2"}, "bds60": {"value": {"mhd": 79.629, "ias": 164, "mach": 0.264, "bar": -800, "ivv": -832}, "time": 25263.152636679, "msg": "02188d0696fa093d2307808100a00002b79c594910bf3fe67811e2"}, "df17": {"time": 25262.84375, "Lat": 22.449317, "Lon": 113.803618, "geometric_height": 3850, "TId": "CSC8783", "gsp": 174.7, "tan": 76.7614746}, "windSpd_kt": 9.073, "windDir_deg": -11.865, "temperature_K": 571.938, "address": "7811e2", "createdAt": "07:01:03.205306"}