{"time": 25096.31912111, "bds50": {"value": {"rol": 0.5, "tan": 83.496, "gsp": 482, "tanR": 0.0, "tas": 432}, "time": 25096.31912111, "msg": "02188d0696d3312fb6d6808c00a8000a318073b73c6004d87813e0"}, "bds60": {"value": {"mhd": 88.066, "ias": 283, "mach": 0.7, "bar": -64, "ivv": 0}, "time": 25095.418428356, "msg": "02188d0696d2fb803bc4808f00a00011309f5a372bfff4007813e0"}, "df17": {"time": 25096.3046875, "Lat": 22.9865098, "Lon": 113.3312058, "geometric_height": 28100, "TId": "OKA2720", "gsp": 481.2, "tan": 83.4356689}, "windSpd_kt": 61.838, "windDir_deg": 49.674, "temperature_K": 501.452, "address": "7813e0", "createdAt": "06:58:16.359857"}