{"time": 25140.871823682, "bds50": {"value": {"rol": -0.2, "tan": 172.969, "gsp": 288, "tanR": -0.094, "tas": 300}, "time": 25140.871823682, "msg": "02188d0696dd90bc0142807000a8001ca5fff7b1243fec968880ca"}, "bds60": {"value": {"mhd": 175.781, "ias": 271, "mach": 0.456, "bar": 1344, "ivv": 1408}, "time": 25140.864599677, "msg": "02188d0696dd904dc67d807000a0000495be8a1f1ca1542c8880ca"}, "df17": {"time": 25140.7109375, "Lat": 22.2450399, "Lon": 114.0746069, "geometric_height": 6625, "TId": "HVN593", "gsp": 286.1, "tan": 172.9742432}, "windSpd_kt": 18.764, "windDir_deg": 44.632, "temperature_K": 569.864, "address": "8880ca", "createdAt": "06:59:00.913876"}