{"time": 25128.849369462, "bds50": {"value": {"rol": -1.2, "tan": 335.215, "gsp": 402, "tanR": -0.094, "tas": 414}, "time": 25128.654562415, "msg": "02188d0696dab887646f808a00a82809bbff3ee7327feccf78115c"}, "bds60": {"value": {"mhd": 333.281, "ias": 301, "mach": 0.656, "bar": 2208, "ivv": 2176}, "time": 25128.849369462, "msg": "02188d0696dac423e976808b00a0280d1ef68a5b29222c4478115c"}, "df17": {"time": 25128.390625, "Lat": 22.6138115, "Lon": 114.0973306, "geometric_height": 21250, "TId": "CCA112", "gsp": 401.9, "tan": 335.2862549}, "windSpd_kt": 18.265, "windDir_deg": 105.312, "temperature_K": 524.386, "address": "78115c", "createdAt": "06:58:48.895546"}