{"time": 25225.050359613, "bds50": {"value": {"rol": -0.2, "tan": 181.23, "gsp": 444, "tanR": 0.0, "tas": 460}, "time": 25225.041528214, "msg": "02188d0696f129a3c596819100a0001491fff80f37a004e678074b"}, "bds60": {"value": {"mhd": 189.492, "ias": 277, "mach": 0.764, "bar": 1376, "ivv": 1376}, "time": 25225.050359613, "msg": "02188d0696f12a2a873d819200a0001491c36a2b2fe15c2b78074b"}, "df17": {"time": 25224.359375, "Lat": 21.2969542, "Lon": 113.7910867, "geometric_height": 33650, "TId": "CSN6049", "gsp": 443.2, "tan": 181.2908936}, "windSpd_kt": 67.048, "windDir_deg": 81.592, "temperature_K": 477.294, "address": "78074b", "createdAt": "07:00:25.088779"}