{"time": 25175.766301676, "bds50": {"value": {"rol": -0.2, "tan": 277.734, "gsp": 246, "tanR": 0.031, "tas": 262}, "time": 25174.855624105, "msg": "02188d0696e57a53a5a9818a00a8001812fffc591ee00c83780c75"}, "bds60": {"value": {"mhd": 279.316, "ias": 227, "mach": 0.404, "bar": -1088, "ivv": -1088}, "time": 25175.766301676, "msg": "02188d0696e5b09b7bec809000a0000631e359c7197ef7de780c75"}, "df17": {"time": 25175.203125, "Lat": 23.2930112, "Lon": 113.7099123, "geometric_height": 9475, "TId": "CSN644", "gsp": 247.2, "tan": 277.6739502}, "windSpd_kt": 17.468, "windDir_deg": 122.195, "temperature_K": 553.73, "address": "780c75", "createdAt": "06:59:35.798357"}