{"time": 25292.148674858, "bds50": {"value": {"rol": -0.4, "tan": 322.207, "gsp": 318, "tanR": 0.0, "tas": 326}, "time": 25292.148674858, "msg": "02188d069700c989912a808d00a8001912ffde5327e004a3780abc"}, "bds60": {"value": {"mhd": 322.207, "ias": 269, "mach": 0.5, "bar": -832, "ivv": -832}, "time": 25291.776771166, "msg": "02188d069700b35ec45e828700a00007b7f29a1b1f7f37e6780abc"}, "df17": {"time": 25291.234375, "Lat": 21.7341757, "Lon": 114.4149256, "geometric_height": 12150, "TId": "CPA134", "gsp": 317.3, "tan": 322.300415}, "windSpd_kt": 8.0, "windDir_deg": 142.207, "temperature_K": 559.696, "address": "780abc", "createdAt": "07:01:32.193716"}