{"time": 25243.742231919, "bds50": {"value": {"rol": 0.2, "tan": 263.672, "gsp": 288, "tanR": 0.0, "tas": 320}, "time": 25243.652278633, "msg": "02188d0696f57eed4969828200a8001811803bb9242004a0780612"}, "bds60": {"value": {"mhd": 266.309, "ias": 249, "mach": 0.496, "bar": -1632, "ivv": -1696}, "time": 25243.742231919, "msg": "02188d0696f58449dd6f908a00a0000a17deb9f31f3e6fcb780612"}, "df17": {"time": 25243.421875, "Lat": 22.8502536, "Lon": 114.9092674, "geometric_height": 16025, "TId": "CES5343", "gsp": 288.7, "tan": 263.638916}, "windSpd_kt": 34.917, "windDir_deg": 108.611, "temperature_K": 548.018, "address": "780612", "createdAt": "07:00:43.775449"}