{
	"time": 25303.591058967, 
	"bds50": {
				"value": {
							"rol": 20.0, 
							"tan": 326.074, 
							"gsp": 408, 
							"tanR": 0.938, 
							"tas": 418}, 
				"time": 25302.933752111, 
				"msg": "02188d0697034c60c92f828000a8000caf8e5e7f3320f4d1780239"
			}, 
	"bds60": {
				"value": {
							"mhd": 325.723, 
							"ias": 314, 
							"mach": 0.656, 
							"bar": 1504, 
							"ivv": 1504
						}, 
				"time": 25303.591058967, 
				"msg": "02188d069703738e7e17808200a8000caff3da7529217c2f780239"
			}, 
	"df17": {
				"time": 25302.2421875, 
				"Lat": 22.5680637, 
				"Lon": 114.1218781, 
				"geometric_height": 19125, 
				"TId": "HDA704", 
				"gsp": 406.1, 
				"tan": 324.1186523
			}, 
	"windSpd_kt": 10.315, 
	"windDir_deg": 131.7, 
	"temperature_K": 534.568, 
	"address": "780239", 
	"createdAt": "07:01:43.630159"
}