{"time": 25163.624442775, "bds50": {"value": {"rol": 0.9, "tan": 246.973, "gsp": 380, "tanR": 0.062, "tas": 400}, "time": 25162.717092056, "msg": "02188d0696e2a6d058d8819700a800101f80bafb2fa014c8780476"}, "bds60": {"value": {"mhd": 249.961, "ias": 320, "mach": 0.62, "bar": 128, "ivv": 32}, "time": 25163.624442775, "msg": "02188d0696e2dce56b97819000a0000930d8ea8126e02401780476"}, "df17": {"time": 25159.2109375, "Lat": 22.0297337, "Lon": 112.9789996, "geometric_height": 14500, "TId": "CSZ8909", "gsp": 379.0, "tan": 246.6815186}, "windSpd_kt": 28.518, "windDir_deg": 113.955, "temperature_K": 548.018, "address": "780476", "createdAt": "06:59:23.661625"}