{"time": 25250.253139886, "bds50": {"value": {"rol": 6.9, "tan": 139.57, "gsp": 354, "tanR": 0.344, "tas": 352}, "time": 25249.714154261, "msg": "02188d0696f6e83e2b15828900a00007be84f6352c605cb0780e0d"}, "bds60": {"value": {"mhd": 145.547, "ias": 288, "mach": 0.536, "bar": -1376, "ivv": -1120}, "time": 25250.253139886, "msg": "02188d0696f7085e6fae808d00a00007beb3ca4121beafdd780e0d"}, "df17": {"time": 25249.7421875, "Lat": 22.499249, "Lon": 112.886045, "geometric_height": 12325, "TId": "CSZ9324", "gsp": 354.0, "tan": 139.6966553}, "windSpd_kt": 36.862, "windDir_deg": 55.664, "temperature_K": 567.824, "address": "780e0d", "createdAt": "07:00:50.292378"}