{"time": 25208.021319166, "bds50": {"value": {"rol": 0.2, "tan": 263.496, "gsp": 306, "tanR": 0.0, "tas": 338}, "time": 25206.791678649, "msg": "02188d0696ece9dd2ab9808d00a8001811803bb7266004a9780612"}, "bds60": {"value": {"mhd": 266.66, "ias": 260, "mach": 0.524, "bar": -1024, "ivv": -1024}, "time": 25208.021319166, "msg": "02188d0696ed3327fdfe808a00a0000a90deda0920ff07e0780612"}, "df17": {"time": 25207.7734375, "Lat": 22.8557467, "Lon": 114.9624181, "geometric_height": 16675, "TId": "CES5343", "gsp": 305.9, "tan": 263.6169434}, "windSpd_kt": 36.597, "windDir_deg": 114.144, "temperature_K": 547.808, "address": "780612", "createdAt": "07:00:08.053076"}