{"time": 25247.753786854, "bds50": {"value": {"rol": 0.0, "tan": 263.496, "gsp": 410, "tanR": 0.0, "tas": 464}, "time": 25247.742160654, "msg": "02188d0696f672b3ef0e819800a800170f801bb7336004e87804a8"}, "bds60": {"value": {"mhd": 265.254, "ias": 300, "mach": 0.76, "bar": -32, "ivv": -32}, "time": 25247.753786854, "msg": "02188d0696f6736555e6819900a0001218de5a592fbfffff7804a8"}, "df17": {"time": 25247.6171875, "Lat": 22.9441094, "Lon": 116.2994456, "geometric_height": 29550, "TId": "CSN3088", "gsp": 409.6, "tan": 263.5510254}, "windSpd_kt": 55.633, "windDir_deg": 98.321, "temperature_K": 490.758, "address": "7804a8", "createdAt": "07:00:47.796351"}