{"time": 25138.986157734, "bds50": {"value": {"rol": -0.5, "tan": 320.098, "gsp": 200, "tanR": -0.062, "tas": 202}, "time": 25138.986157734, "msg": "02188d0696dd205706a6808700a8000e94ffbe3b193ff46579a054"}, "bds60": {"value": {"mhd": 320.449, "ias": 179, "mach": 0.308, "bar": -1120, "ivv": -1024}, "time": 25138.978381662, "msg": "02188d0696dd1fe05f5e807700a000051af1f967137eefe079a054"}, "df17": {"time": 25138.984375, "Lat": 22.7666545, "Lon": 114.2041039, "geometric_height": 7650, "TId": "CSN6325", "gsp": 200.8, "tan": 320.0482178}, "windSpd_kt": 2.349, "windDir_deg": 171.893, "temperature_K": 566.316, "address": "79a054", "createdAt": "06:58:59.021821"}