{"time": 25270.308894295, "bds50": {"value": {"rol": 0.2, "tan": 223.77, "gsp": 408, "tanR": null, "tas": 464}, "time": 25270.308894295, "msg": "02188d0696fbb3c8f657818b00a80019918039f3333ffce87809ab"}, "bds60": {"value": {"mhd": 229.746, "ias": 281, "mach": 0.776, "bar": 416, "ivv": -32}, "time": 25269.79861929, "msg": "02188d0696fb955ec89a818a00a000149cd1ba3330a06fff7809ab"}, "df17": {"time": 25270.1328125, "Lat": 22.8119302, "Lon": 113.0223012, "geometric_height": 33950, "TId": "CQH8579", "gsp": 408.7, "tan": 223.8079834}, "windSpd_kt": 72.067, "windDir_deg": 85.862, "temperature_K": 470.728, "address": "7809ab", "createdAt": "07:01:10.350278"}