{"time": 25117.1477944, "bds50": {"value": {"rol": -23.4, "tan": 8.965, "gsp": 356, "tanR": -1.25, "tas": 346}, "time": 25117.049114478, "msg": "02188d0696d804ca4f6e808100a8000cafef70672cbec4ad780239"}, "bds60": {"value": {"mhd": 6.504, "ias": 280, "mach": 0.532, "bar": 2208, "ivv": 1984}, "time": 25117.1477944, "msg": "02188d0696d80aac0be0808200a0000899825a3121622c3e780239"}, "df17": {"time": 25117.0546875, "Lat": 22.391746, "Lon": 114.3870521, "geometric_height": 13500, "TId": "HDA704", "gsp": 355.3, "tan": 8.9044189}, "windSpd_kt": 18.089, "windDir_deg": 64.183, "temperature_K": 556.912, "address": "780239", "createdAt": "06:58:37.187721"}