{"time": 25243.401516981, "bds50": {"value": {"rol": -4.0, "tan": 213.047, "gsp": 424, "tanR": -0.188, "tas": 458}, "time": 25243.401516981, "msg": "02188d0696f56ffaf7b5809500a8000f3cfd3979353fd4e570e050"}, "bds60": {"value": {"mhd": 218.496, "ias": 293, "mach": 0.752, "bar": 1568, "ivv": 1312}, "time": 25243.394283384, "msg": "02188d0696f56f8c9778818e00a000123dcdba4b2f218c2970e050"}, "df17": {"time": 25241.453125, "Lat": 21.10111, "Lon": 113.7966871, "geometric_height": 30200, "TId": "JCC625", "gsp": 423.9, "tan": 213.3544922}, "windSpd_kt": 53.954, "windDir_deg": 86.762, "temperature_K": 488.374, "address": "70e050", "createdAt": "07:00:43.437585"}