{"time": 25279.031680291, "bds50": {"value": {"rol": 0.2, "tan": 234.668, "gsp": 188, "tanR": 0.062, "tas": 194}, "time": 25279.02923297, "msg": "02188d0696fdbb8ec54a808700a8000e94803a6f17a0146179a054"}, "bds60": {"value": {"mhd": 235.723, "ias": 178, "mach": 0.296, "bar": -1056, "ivv": -992}, "time": 25279.031680291, "msg": "02188d0696fdbbb41d23807b00a00003bad3d96512beffe179a054"}, "df17": {"time": 25278.40625, "Lat": 22.7492094, "Lon": 114.0958714, "geometric_height": 5575, "TId": "CSN6325", "gsp": 187.9, "tan": 234.5306396}, "windSpd_kt": 6.955, "windDir_deg": 85.573, "temperature_K": 565.558, "address": "79a054", "createdAt": "07:01:19.078532"}