{"time": 25290.655174224, "bds50": {"value": {"rol": -0.9, "tan": 64.863, "gsp": 428, "tanR": null, "tas": 392}, "time": 25290.655174224, "msg": "02188d06970070848e50829400a800153dff72e335bffcc47810b1"}, "bds60": {"value": {"mhd": 64.336, "ias": 284, "mach": 0.62, "bar": -1920, "ivv": -1920}, "time": 25290.638330796, "msg": "02188d0697006f838bac829400a0000d3596ea3926fe27c47810b1"}, "df17": {"time": 25288.5859375, "Lat": 23.1782126, "Lon": 115.4320836, "geometric_height": 21550, "TId": "GCR7441", "gsp": 430.4, "tan": 64.9841309}, "windSpd_kt": 36.197, "windDir_deg": 70.58, "temperature_K": 526.316, "address": "7810b1", "createdAt": "07:01:30.690576"}