{"time": 25169.53419735, "bds50": {"value": {"rol": 0.4, "tan": 70.664, "gsp": 156, "tanR": null, "tas": 166}, "time": 25169.525619341, "msg": "02188d0696e43ca23a8d928d00a000019b80532513800453780170"}, "bds60": {"value": {"mhd": 70.84, "ias": 161, "mach": 0.252, "bar": -736, "ivv": -768}, "time": 25169.53419735, "msg": "02188d0696e43d251e66809300a000019b9939430fff4fe8780170"}, "df17": {"time": 25169.453125, "Lat": 22.2793937, "Lon": 113.8004637, "geometric_height": 1950, "TId": "CPA543", "gsp": 156.0, "tan": 70.5212402}, "windSpd_kt": 10.012, "windDir_deg": -106.417, "temperature_K": 571.312, "address": "780170", "createdAt": "06:59:29.579935"}