{"time": 25227.117974847, "bds50": {"value": {"rol": -11.2, "tan": 249.609, "gsp": 264, "tanR": -0.812, "tas": 278}, "time": 25227.117974847, "msg": "02188d0696f1a567d53f827500a8000e2ef81b19213f348b789211"}, "bds60": {"value": {"mhd": 249.434, "ias": 230, "mach": 0.424, "bar": 256, "ivv": 128}, "time": 25227.110123076, "msg": "02188d0696f1a4f00644807800a0000790d8b9cd1aa04404789211"}, "df17": {"time": 25227.109375, "Lat": 22.244482, "Lon": 114.2833471, "geometric_height": 11550, "TId": "CRK611", "gsp": 263.7, "tan": 249.5709229}, "windSpd_kt": 14.024, "windDir_deg": 66.138, "temperature_K": 565.998, "address": "789211", "createdAt": "07:00:27.154696"}