{"time": 25102.11532962, "bds50": {"value": {"rol": 2.6, "tan": 345.059, "gsp": 198, "tanR": 0.219, "tas": 188}, "time": 25102.108509503, "msg": "02188d0696d48a42c53f908a00a000029a81ff5718e03c5e780a9b"}, "bds60": {"value": {"mhd": 350.508, "ias": 178, "mach": 0.284, "bar": -1280, "ivv": -1312}, "time": 25102.11532962, "msg": "02188d0696d48aaad654918200a000029afca96511fec7d7780a9b"}, "df17": {"time": 25101.8125, "Lat": 22.1790791, "Lon": 113.7428713, "geometric_height": 3475, "TId": "CPA188", "gsp": 198.0, "tan": 344.7729492}, "windSpd_kt": 20.891, "windDir_deg": -73.652, "temperature_K": 576.948, "address": "780a9b", "createdAt": "06:58:22.159456"}