{"time": 25298.556438608, "bds50": {"value": {"rol": -0.4, "tan": 195.645, "gsp": 418, "tanR": 0.0, "tas": 456}, "time": 25298.556438608, "msg": "02188d06970247784850808d00a8000004ffd8b3346004e4789226"}, "bds60": {"value": {"mhd": 204.961, "ias": 296, "mach": 0.744, "bar": 128, "ivv": 0}, "time": 25298.447114671, "msg": "02188d06970240f421af808c00a8000004c8ea512ea02400789226"}, "df17": {"time": 25298.28125, "Lat": 23.5142612, "Lon": 113.8583136, "geometric_height": 29100, "TId": "CRK337", "gsp": 418.6, "tan": 195.6610107}, "windSpd_kt": 80.449, "windDir_deg": 82.217, "temperature_K": 494.586, "address": "789226", "createdAt": "07:01:38.592299"}