{"time": 25274.934093791, "bds50": {"value": {"rol": 0.5, "tan": 37.09, "gsp": 432, "tanR": 0.031, "tas": 392}, "time": 25274.925488928, "msg": "02188d0696fcc6f49b20809c00a0000eb08071a736200cc4781005"}, "bds60": {"value": {"mhd": 35.332, "ias": 274, "mach": 0.628, "bar": -288, "ivv": -32}, "time": 25274.934093791, "msg": "02188d0696fcc777e7df829500a0000eb08c9a25277fbfff781005"}, "df17": {"time": 25273.453125, "Lat": 23.9378786, "Lon": 114.5638633, "geometric_height": 23875, "TId": "CSZ9993", "gsp": 429.8, "tan": 37.0568848}, "windSpd_kt": 41.945, "windDir_deg": 53.751, "temperature_K": 512.992, "address": "781005", "createdAt": "07:01:14.969901"}