{"time": 25244.668612766, "bds50": {"value": {"rol": -0.2, "tan": 223.77, "gsp": 424, "tanR": 0.0, "tas": 474}, "time": 25244.66381096, "msg": "02188d0696f5bb380b90818b00a00015bcfff9f3352004ed781392"}, "bds60": {"value": {"mhd": 229.746, "ias": 278, "mach": 0.8, "bar": 32, "ivv": 0}, "time": 25244.668612766, "msg": "02188d0696f5bb81509e928e00a00015bcd1ba2d32200c00781392"}, "df17": {"time": 25243.578125, "Lat": 21.679008, "Lon": 111.8644667, "geometric_height": 36075, "TId": "CES235", "gsp": 423.0, "tan": 223.8519287}, "windSpd_kt": 68.442, "windDir_deg": 89.91, "temperature_K": 462.204, "address": "781392", "createdAt": "07:00:44.707946"}