{"time": 25150.74130949, "bds50": {"value": {"rol": -0.4, "tan": 25.137, "gsp": 478, "tanR": null, "tas": 444}, "time": 25150.74130949, "msg": "02188d0696dfdd006832809600a800180effd11f3bfffcde780d5c"}, "bds60": {"value": {"mhd": 24.434, "ias": 300, "mach": 0.72, "bar": -1280, "ivv": -1056}, "time": 25150.725530338, "msg": "02188d0696dfdc0fa2e2918900a000103988ba592d3ec7df780d5c"}, "df17": {"time": 25150.6484375, "Lat": 21.6773129, "Lon": 115.638442, "geometric_height": 26725, "TId": "CXA8692", "gsp": 478.6, "tan": 25.2246094}, "windSpd_kt": 34.467, "windDir_deg": 34.231, "temperature_K": 500.678, "address": "780d5c", "createdAt": "06:59:10.794711"}