{"time": 25202.822389445, "bds50": {"value": {"rol": 0.4, "tan": 83.32, "gsp": 480, "tanR": 0.0, "tas": 430}, "time": 25202.815358713, "msg": "02188d0696ebfcdb56f9808e00a00011308053b53c2004d77813e0"}, "bds60": {"value": {"mhd": 87.891, "ias": 282, "mach": 0.7, "bar": -32, "ivv": 0}, "time": 25202.822389445, "msg": "02188d0696ebfd469ec5808e00a00011309f4a352bfffc007813e0"}, "df17": {"time": 25202.375, "Lat": 23.0134177, "Lon": 113.5850501, "geometric_height": 28100, "TId": "OKA2720", "gsp": 480.3, "tan": 83.303833}, "windSpd_kt": 61.749, "windDir_deg": 49.612, "temperature_K": 496.82, "address": "7813e0", "createdAt": "07:00:02.902775"}