{"time": 25227.303503189, "bds50": {"value": {"rol": 0.0, "tan": 195.645, "gsp": 404, "tanR": 0.0, "tas": 446}, "time": 25227.303503189, "msg": "02188d0696f1b076c555818e00a8000f048018b332a004df7801a3"}, "bds60": {"value": {"mhd": 206.016, "ias": 269, "mach": 0.748, "bar": -32, "ivv": 0}, "time": 25226.316816087, "msg": "02188d0696f175a71ed7828e00a000149cc94a1b2efffc007801a3"}, "df17": {"time": 25226.0546875, "Lat": 23.7619472, "Lon": 113.933866, "geometric_height": 33800, "TId": "HDA901", "gsp": 404.1, "tan": 195.6555176}, "windSpd_kt": 87.472, "windDir_deg": 82.264, "temperature_K": 468.084, "address": "7801a3", "createdAt": "07:00:27.339815"}