{"time": 25226.881926805, "bds50": {"value": {"rol": 0.4, "tan": 276.68, "gsp": 248, "tanR": 0.0, "tas": 262}, "time": 25226.881926805, "msg": "02188d0696f197560695809100a8001812805c4d1f200483780c75"}, "bds60": {"value": {"mhd": 278.086, "ias": 229, "mach": 0.404, "bar": -224, "ivv": -64}, "time": 25226.816692936, "msg": "02188d0696f19372a2c8908b00a8001812e2e9cb197fcffe780c75"}, "df17": {"time": 25226.25, "Lat": 23.3005214, "Lon": 113.6465907, "geometric_height": 9075, "TId": "CSN644", "gsp": 248.7, "tan": 276.696167}, "windSpd_kt": 15.334, "windDir_deg": 121.467, "temperature_K": 553.73, "address": "780c75", "createdAt": "07:00:26.918586"}