{"time": 25163.217572068, "bds50": {"value": {"rol": -0.5, "tan": 262.441, "gsp": 406, "tanR": null, "tas": 464}, "time": 25163.217572068, "msg": "02188d0696e2c4a510e4818e00a8000925ffbbab32fffce87809c2"}, "bds60": {"value": {"mhd": 262.793, "ias": 311, "mach": 0.752, "bar": 0, "ivv": 0}, "time": 25163.209488893, "msg": "02188d0696e2c429b9fd809500a0001098dd7a6f2f2004007809c2"}, "df17": {"time": 25163.2265625, "Lat": 23.3251333, "Lon": 115.8098888, "geometric_height": 27025, "TId": "CES2476", "gsp": 407.6, "tan": 262.3864746}, "windSpd_kt": 58.061, "windDir_deg": 85.255, "temperature_K": 501.254, "address": "7809c2", "createdAt": "06:59:23.258222"}