{"time": 25243.11838335, "bds50": {"value": {"rol": 0.2, "tan": 263.672, "gsp": 290, "tanR": -0.094, "tas": 320}, "time": 25242.796054893, "msg": "02188d0696f54be4596d808a00a8001811803bb9247feca0780612"}, "bds60": {"value": {"mhd": 266.309, "ias": 249, "mach": 0.496, "bar": -1600, "ivv": -1632}, "time": 25243.11838335, "msg": "02188d0696f55f1ab0f6829200a0000a17deb9f31f3e77cd780612"}, "df17": {"time": 25242.8515625, "Lat": 22.8503823, "Lon": 114.9101472, "geometric_height": 16050, "TId": "CES5343", "gsp": 289.8, "tan": 263.6608887}, "windSpd_kt": 33.114, "windDir_deg": 110.07, "temperature_K": 548.018, "address": "780612", "createdAt": "07:00:43.162153"}