{"time": 25187.874322085, "bds50": {"value": {"rol": 0.2, "tan": 37.09, "gsp": 372, "tanR": 0.0, "tas": 342}, "time": 25187.874322085, "msg": "02188d0696e8824d36a5808e00a80000898031a72ea004ab781005"}, "bds60": {"value": {"mhd": 34.629, "ias": 242, "mach": 0.544, "bar": 1728, "ivv": 1696}, "time": 25187.590899113, "msg": "02188d0696e8716885a9808f00a80000898c59e52221b435781005"}, "df17": {"time": 25187.4609375, "Lat": 23.8099909, "Lon": 114.4586134, "geometric_height": 22525, "TId": "CSZ9993", "gsp": 372.7, "tan": 37.1447754}, "windSpd_kt": 33.685, "windDir_deg": 62.936, "temperature_K": 520.37, "address": "781005", "createdAt": "06:59:47.911812"}