{"time": 25135.213980012, "bds50": {"value": {"rol": 0.0, "tan": 247.852, "gsp": 350, "tanR": null, "tas": 370}, "time": 25135.213980012, "msg": "02188d0696dc3f80296c808300a8001d80801b052bfffcb9780265"}, "bds60": {"value": {"mhd": 249.785, "ias": 300, "mach": 0.568, "bar": 0, "ivv": 0}, "time": 25135.203384473, "msg": "02188d0696dc3ede7c99808200a0000898d8da5923a00400780265"}, "df17": {"time": 25135.0390625, "Lat": 22.6152706, "Lon": 113.7844348, "geometric_height": 13425, "TId": "CSN3690", "gsp": 349.6, "tan": 247.9833984}, "windSpd_kt": 23.396, "windDir_deg": 100.09, "temperature_K": 558.682, "address": "780265", "createdAt": "06:58:55.273907"}