{"time": 25136.063962811, "bds50": {"value": {"rol": -0.2, "tan": 2.461, "gsp": 480, "tanR": -0.062, "tas": 466}, "time": 25136.063962811, "msg": "02188d0696dc7229debb819200a800049dfff01d3c3ff4e97807dc"}, "bds60": {"value": {"mhd": 359.297, "ias": 320, "mach": 0.756, "bar": 1184, "ivv": 1184}, "time": 25135.550653404, "msg": "02188d0696dc539163dc819000a0001010ffca812f612c257807dc"}, "df17": {"time": 25135.625, "Lat": 24.1896415, "Lon": 113.4150624, "geometric_height": 25900, "TId": "CSN6274", "gsp": 479.4, "tan": 2.3895264}, "windSpd_kt": 29.63, "windDir_deg": 62.694, "temperature_K": 500.248, "address": "7807dc", "createdAt": "06:58:56.098730"}