{"time": 25191.770117076, "bds50": {"value": {"rol": 0.4, "tan": 139.043, "gsp": 378, "tanR": 0.031, "tas": 374}, "time": 25191.770117076, "msg": "02188d0696e96a8253d4918c00a800151f80562f2f600cbb780e0d"}, "bds60": {"value": {"mhd": 144.844, "ias": 302, "mach": 0.576, "bar": -1600, "ivv": -1504}, "time": 25190.910003756, "msg": "02188d0696e9373e0a2c818f00a00008b6b38a5d243e77d1780e0d"}, "df17": {"time": 25191.0078125, "Lat": 22.5749087, "Lon": 112.8151488, "geometric_height": 13800, "TId": "CSZ9324", "gsp": 378.6, "tan": 139.0704346}, "windSpd_kt": 38.262, "windDir_deg": 57.937, "temperature_K": 555.08, "address": "780e0d", "createdAt": "06:59:51.806735"}