{"time": 25283.328823286, "bds50": {"value": {"rol": 0.2, "tan": 168.047, "gsp": 254, "tanR": 0.031, "tas": 258}, "time": 25283.328823286, "msg": "02188d0696febbd54ff6809000a8001d908037791fe00c81780f53"}, "bds60": {"value": {"mhd": 172.266, "ias": 231, "mach": 0.396, "bar": -896, "ivv": -1344}, "time": 25283.318511286, "msg": "02188d0696febb37f6b6808f00a0000516bd49cf18ff27d6780f53"}, "df17": {"time": 25282.8203125, "Lat": 22.7451324, "Lon": 113.5139394, "geometric_height": 7525, "TId": "CUA5867", "gsp": 253.6, "tan": 167.9370117}, "windSpd_kt": 19.266, "windDir_deg": 68.182, "temperature_K": 558.864, "address": "780f53", "createdAt": "07:01:23.374655"}