{"time": 25151.676817364, "bds50": {"value": {"rol": -23.4, "tan": 98.438, "gsp": 202, "tanR": -2.281, "tas": 200}, "time": 25151.676817364, "msg": "02188d0696e014c31fd4818900a800181aef7461197dbc64780012"}, "bds60": {"value": {"mhd": 98.438, "ias": 185, "mach": 0.304, "bar": 0, "ivv": 0}, "time": 25150.929006522, "msg": "02188d0696dfe8306fba818b00a0000391a3097313200400780012"}, "df17": {"time": 25151.5390625, "Lat": 23.0219364, "Lon": 113.1414557, "geometric_height": 4925, "TId": "CSN8314", "gsp": 201.5, "tan": 100.5853271}, "windSpd_kt": 2.0, "windDir_deg": 98.438, "temperature_K": 569.864, "address": "780012", "createdAt": "06:59:11.713978"}