{"time": 25285.046718705, "bds50": {"value": {"rol": -0.2, "tan": 181.23, "gsp": 448, "tanR": 0.0, "tas": 464}, "time": 25285.046718705, "msg": "02188d0696ff223a50f1808f00a0001498fff80f382004e878074b"}, "bds60": {"value": {"mhd": 189.316, "ias": 279, "mach": 0.768, "bar": 32, "ivv": 0}, "time": 25284.580690866, "msg": "02188d0696ff06734bb2808f00a0001498c35a2f30200c0078074b"}, "df17": {"time": 25285.0390625, "Lat": 21.1715341, "Lon": 113.7878895, "geometric_height": 33900, "TId": "CSN6049", "gsp": 447.1, "tan": 181.1535645}, "windSpd_kt": 66.252, "windDir_deg": 81.333, "temperature_K": 480.586, "address": "78074b", "createdAt": "07:01:25.086115"}