{"time": 25263.495809535, "bds50": {"value": {"rol": -0.2, "tan": 265.781, "gsp": 342, "tanR": null, "tas": 368}, "time": 25263.151296924, "msg": "02188d0696fa0928b19c808400a800178dfffbd12afffcb8899029"}, "bds60": {"value": {"mhd": 268.594, "ias": 290, "mach": 0.568, "bar": -928, "ivv": -736}, "time": 25263.495809535, "msg": "02188d0696fa1db189ff807300a00009b1df8a4523bf1fe9899029"}, "df17": {"time": 25262.6484375, "Lat": 22.3471999, "Lon": 114.1163421, "geometric_height": 15525, "TId": "TTW371", "gsp": 341.0, "tan": 265.7922363}, "windSpd_kt": 31.294, "windDir_deg": 121.029, "temperature_K": 552.658, "address": "899029", "createdAt": "07:01:03.545552"}