{"time": 25191.975908047, "bds50": {"value": {"rol": -25.0, "tan": 258.398, "gsp": 194, "tanR": -2.375, "tas": 202}, "time": 25191.975908047, "msg": "02188d0696e976c672cf808500a8000e94ee5b7d187da46579a054"}, "bds60": {"value": {"mhd": 257.871, "ias": 181, "mach": 0.308, "bar": -352, "ivv": -320}, "time": 25191.970147846, "msg": "02188d0696e9766e8e06808600a00004b2dbb96b137faff679a054"}, "df17": {"time": 25191.8046875, "Lat": 22.7914166, "Lon": 114.163506, "geometric_height": 7025, "TId": "CSN6325", "gsp": 193.6, "tan": 260.7824707}, "windSpd_kt": 8.205, "windDir_deg": 65.31, "temperature_K": 566.316, "address": "79a054", "createdAt": "06:59:52.008364"}