{"time": 25217.079828434, "bds50": {"value": {"rol": 16.5, "tan": 303.223, "gsp": 234, "tanR": 1.312, "tas": 228}, "time": 25216.38726408, "msg": "02188d0696ef25ce2e50818d00a80017988bdd7b1d6154728990f5"}, "bds60": {"value": {"mhd": 304.629, "ias": 208, "mach": 0.348, "bar": -992, "ivv": -992}, "time": 25217.079828434, "msg": "02188d0696ef4f15dfd2808300a0000411ec59a115ff0fe18990f5"}, "df17": {"time": 25216.25, "Lat": 22.0818758, "Lon": 113.8409758, "geometric_height": 5775, "TId": "CAL7863", "gsp": 234.4, "tan": 302.8106689}, "windSpd_kt": 8.254, "windDir_deg": -99.449, "temperature_K": 565.156, "address": "8990f5", "createdAt": "07:00:17.113239"}