{"time": 25106.535895999, "bds50": {"value": {"rol": 0.0, "tan": 1.582, "gsp": 490, "tanR": 0.0, "tas": 464}, "time": 25105.616872559, "msg": "02188d0696d55b60246f80a000a80018af8010133d6004e8780195"}, "bds60": {"value": {"mhd": 352.266, "ias": 258, "mach": 0.796, "bar": 32, "ivv": 32}, "time": 25106.535895999, "msg": "02188d0696d5922753bf809f00a00017b4fd4a0531e00c01780195"}, "df17": {"time": 25105.7109375, "Lat": 26.1987662, "Lon": 113.5289168, "geometric_height": 38875, "TId": "HDA992", "gsp": 489.1, "tan": 1.5216064}, "windSpd_kt": 81.692, "windDir_deg": 68.429, "temperature_K": 447.37, "address": "780195", "createdAt": "06:58:26.597571"}