{"time": 25216.309268644, "bds50": {"value": {"rol": 1.2, "tan": 289.512, "gsp": 370, "tanR": 0.031, "tas": 396}, "time": 25215.061201745, "msg": "02188d0696eed6c41351807b00a8000caf80fcdf2e600cc6780239"}, "bds60": {"value": {"mhd": 290.566, "ias": 307, "mach": 0.616, "bar": 2336, "ivv": 2144}, "time": 25216.309268644, "msg": "02188d0696ef212810a4807f00a0000a3de75a6726a24c43780239"}, "df17": {"time": 25216.1328125, "Lat": 22.4957943, "Lon": 114.264164, "geometric_height": 16600, "TId": "HDA704", "gsp": 370.5, "tan": 289.5611572}, "windSpd_kt": 26.937, "windDir_deg": 125.202, "temperature_K": 544.11, "address": "780239", "createdAt": "07:00:16.345627"}