{"time": 25239.698988686, "bds50": {"value": {"rol": 0.2, "tan": 263.672, "gsp": 290, "tanR": 0.0, "tas": 322}, "time": 25239.698988686, "msg": "02188d0696f4934ade8e808b00a8001811803bb9246004a1780612"}, "bds60": {"value": {"mhd": 266.484, "ias": 250, "mach": 0.5, "bar": -1344, "ivv": -1344}, "time": 25239.690874904, "msg": "02188d0696f492cf1018828300a0000a1bdec9f51f7eb7d6780612"}, "df17": {"time": 25239.4140625, "Lat": 22.8509188, "Lon": 114.9153185, "geometric_height": 16125, "TId": "CES5343", "gsp": 289.8, "tan": 263.6608887}, "windSpd_kt": 35.34, "windDir_deg": 110.224, "temperature_K": 546.046, "address": "780612", "createdAt": "07:00:39.739231"}