{"time": 25109.117029695, "bds50": {"value": {"rol": -0.2, "tan": 108.984, "gsp": 356, "tanR": 0.0, "tas": 334}, "time": 25109.117029695, "msg": "02188d0696d62c004d3f808a00a8001f29fff4d92ca004a7780813"}, "bds60": {"value": {"mhd": 113.73, "ias": 265, "mach": 0.516, "bar": 1472, "ivv": 1536}, "time": 25109.100061882, "msg": "02188d0696d62afd64ba808b00a000093da87a1320617430780813"}, "df17": {"time": 25108.7265625, "Lat": 22.309134, "Lon": 114.1016221, "geometric_height": 14875, "TId": "B7797", "gsp": 355.5, "tan": 109.0447998}, "windSpd_kt": 36.047, "windDir_deg": 58.932, "temperature_K": 551.634, "address": "780813", "createdAt": "06:58:29.154423"}