{"time": 25152.900763816, "bds50": {"value": {"rol": 13.4, "tan": 330.645, "gsp": 218, "tanR": -0.094, "tas": 208}, "time": 25152.900763816, "msg": "02188d0696e05db710a8908900a8000e19899eb31b7fec68780aab"}, "bds60": {"value": {"mhd": 333.457, "ias": 196, "mach": 0.316, "bar": -608, "ivv": -640}, "time": 25152.883610609, "msg": "02188d0696e05cb153f1808800a0000310f6998913ff6fec780aab"}, "df17": {"time": 25152.890625, "Lat": 22.124083, "Lon": 113.7764525, "geometric_height": 4050, "TId": "CPA859", "gsp": 218.6, "tan": 330.3863525}, "windSpd_kt": 14.464, "windDir_deg": -74.226, "temperature_K": 570.44, "address": "780aab", "createdAt": "06:59:12.945418"}