{"time": 25291.20151684, "bds50": {"value": {"rol": 0.0, "tan": 265.605, "gsp": 340, "tanR": 0.0, "tas": 366}, "time": 25291.173134708, "msg": "02188d0697008f640174818900a800178d801bcf2aa004b7899029"}, "bds60": {"value": {"mhd": 268.242, "ias": 289, "mach": 0.564, "bar": -768, "ivv": -832}, "time": 25291.20151684, "msg": "02188d06970091151528808200a0000992df6a43237f47e6899029"}, "df17": {"time": 25291.0703125, "Lat": 22.3437667, "Lon": 114.0677404, "geometric_height": 15100, "TId": "TTW371", "gsp": 341.0, "tan": 265.6274414}, "windSpd_kt": 30.652, "windDir_deg": 118.928, "temperature_K": 554.45, "address": "899029", "createdAt": "07:01:31.240217"}