{"time": 25211.897502536, "bds50": {"value": {"rol": 8.1, "tan": 64.688, "gsp": 154, "tanR": 1.062, "tas": 164}, "time": 25211.310234276, "msg": "02188d0696edf730daa4808c00a800111d85d2e113611452780a9b"}, "bds60": {"value": {"mhd": 69.609, "ias": 159, "mach": 0.252, "bar": -160, "ivv": -160}, "time": 25211.897502536, "msg": "02188d0696ee1a31db48808900a00001bd98c93f0fffdffb780a9b"}, "df17": {"time": 25211.359375, "Lat": 22.2629786, "Lon": 113.7514973, "geometric_height": 2350, "TId": "CPA188", "gsp": 154.2, "tan": 64.2645264}, "windSpd_kt": 16.917, "windDir_deg": -59.049, "temperature_K": 557.628, "address": "780a9b", "createdAt": "07:00:11.930234"}