{"time": 25219.6335541, "bds50": {"value": {"rol": 0.2, "tan": 223.77, "gsp": 408, "tanR": -0.062, "tas": 466}, "time": 25218.267639025, "msg": "02188d0696ef95e26cf1808d00a000149d8039f3333ff4e97809ab"}, "bds60": {"value": {"mhd": 229.746, "ias": 282, "mach": 0.78, "bar": 128, "ivv": 0}, "time": 25219.6335541, "msg": "02188d0696efe74ca2b4808e00a000149dd1ba3530e024007809ab"}, "df17": {"time": 25219.3359375, "Lat": 22.8813672, "Lon": 113.0942059, "geometric_height": 33975, "TId": "CQH8579", "gsp": 408.7, "tan": 223.8079834}, "windSpd_kt": 73.692, "windDir_deg": 84.945, "temperature_K": 469.938, "address": "7809ab", "createdAt": "07:00:19.667990"}