{"time": 25112.950483287, "bds50": {"value": {"rol": 0.0, "tan": 245.039, "gsp": 458, "tanR": 0.0, "tas": 498}, "time": 25112.950483287, "msg": "02188d0696d7107e2957809700a0001838801ae5396004f986ebfa"}, "bds60": {"value": {"mhd": 246.27, "ias": 275, "mach": 0.86, "bar": -64, "ivv": -32}, "time": 25112.276434701, "msg": "02188d0696d6e850ff0d819900a0001837d79a2735fff7ff86ebfa"}, "df17": {"time": 25112.28125, "Lat": 19.9281263, "Lon": 114.5846128, "geometric_height": 40350, "TId": "ANA847", "gsp": 457.7, "tan": 245.0610352}, "windSpd_kt": 41.295, "windDir_deg": 80.054, "temperature_K": 441.488, "address": "86ebfa", "createdAt": "06:58:32.988028"}