{"time": 25232.704271024, "bds50": {"value": {"rol": -1.1, "tan": 184.395, "gsp": 306, "tanR": -0.125, "tas": 312}, "time": 25232.704271024, "msg": "02188d0696f2f25ff2b0907f00a02004b7ff5833267fe49c8880ca"}, "bds60": {"value": {"mhd": 186.855, "ias": 280, "mach": 0.476, "bar": 0, "ivv": 32}, "time": 25232.11084162, "msg": "02188d0696f2cf00ef14808100a02004b7c27a311de004018880ca"}, "df17": {"time": 25232.453125, "Lat": 22.1176672, "Lon": 114.0829754, "geometric_height": 7100, "TId": "HVN593", "gsp": 305.0, "tan": 184.5153809}, "windSpd_kt": 14.559, "windDir_deg": 71.293, "temperature_K": 565.656, "address": "8880ca", "createdAt": "07:00:32.741392"}