{"time": 25224.297635229, "bds50": {"value": {"rol": 0.0, "tan": 25.312, "gsp": 472, "tanR": 0.0, "tas": 440}, "time": 25222.945708283, "msg": "02188d0696f0acb818fb829000a800180e8011213b2004dc780d5c"}, "bds60": {"value": {"mhd": 24.258, "ias": 300, "mach": 0.712, "bar": 128, "ivv": 0}, "time": 25224.297635229, "msg": "02188d0696f0fd4cdd9d90a200a000101088aa592ca02400780d5c"}, "df17": {"time": 25222.4296875, "Lat": 21.8198776, "Lon": 115.7101536, "geometric_height": 26025, "TId": "CXA8692", "gsp": 472.0, "tan": 25.2081299}, "windSpd_kt": 33.08, "windDir_deg": 39.474, "temperature_K": 502.81, "address": "780d5c", "createdAt": "07:00:24.335997"}