{"time": 25096.777181239, "bds50": {"value": {"rol": 0.5, "tan": 37.09, "gsp": 444, "tanR": null, "tas": 398}, "time": 25096.777181239, "msg": "02188d0696d34c7d2837929300a8001cbb8071a737bffcc7780a6a"}, "bds60": {"value": {"mhd": 35.859, "ias": 271, "mach": 0.644, "bar": -128, "ivv": 0}, "time": 25096.313347304, "msg": "02188d0696d330d79ce8829100a00010108cca1f287fe400780a6a"}, "df17": {"time": 25096.484375, "Lat": 23.9861798, "Lon": 114.6037745, "geometric_height": 25975, "TId": "CRK270", "gsp": 444.3, "tan": 36.9470215}, "windSpd_kt": 46.878, "windDir_deg": 47.599, "temperature_K": 502.866, "address": "780a6a", "createdAt": "06:58:16.818687"}