{"time": 25111.740346419, "bds50": {"value": {"rol": -0.2, "tan": 2.461, "gsp": 480, "tanR": null, "tas": 464}, "time": 25111.73270187, "msg": "02188d0696d6c7e84aae818b00a0000f9cfff01d3c3ffce87807dc"}, "bds60": {"value": {"mhd": 359.473, "ias": 321, "mach": 0.752, "bar": 768, "ivv": 1184}, "time": 25111.740346419, "msg": "02188d0696d6c85cf033918b00a0000f9cffda832f20c4257807dc"}, "df17": {"time": 25110.4375, "Lat": 24.1332078, "Lon": 113.412466, "geometric_height": 25350, "TId": "CSN6274", "gsp": 478.3, "tan": 2.3950195}, "windSpd_kt": 29.353, "windDir_deg": 57.949, "temperature_K": 501.254, "address": "7807dc", "createdAt": "06:58:31.779408"}