{"time": 25142.278581059, "bds50": {"value": {"rol": 0.0, "tan": 203.73, "gsp": 396, "tanR": 0.0, "tas": 464}, "time": 25141.881305343, "msg": "02188d0696ddcce778ff819e00a800080080190f31a004e87814fb"}, "bds60": {"value": {"mhd": 215.332, "ias": 282, "mach": 0.78, "bar": -224, "ivv": 0}, "time": 25142.278581059, "msg": "02188d0696dde4956b43819d00a000149ccc9a3530ffcc007814fb"}, "df17": {"time": 25141.765625, "Lat": 26.0516095, "Lon": 114.877317, "geometric_height": 33675, "TId": "CSN6581", "gsp": 396.6, "tan": 203.7854004}, "windSpd_kt": 110.147, "windDir_deg": 81.638, "temperature_K": 465.912, "address": "7814fb", "createdAt": "06:59:02.315225"}