{"time": 25177.091416044, "bds50": {"value": {"rol": 0.5, "tan": 172.441, "gsp": 302, "tanR": -0.125, "tas": 310}, "time": 25176.588394174, "msg": "02188d0696e5e19b9ebe807700a8001ca58077ab25ffe49b8880ca"}, "bds60": {"value": {"mhd": 175.43, "ias": 278, "mach": 0.472, "bar": -96, "ivv": 32}, "time": 25177.091416044, "msg": "02188d0696e5ff971fec807600a00004b7be6a2d1dbfec018880ca"}, "df17": {"time": 25176.6015625, "Lat": 22.1965027, "Lon": 114.0814304, "geometric_height": 7100, "TId": "HVN593", "gsp": 301.7, "tan": 172.3809814}, "windSpd_kt": 17.853, "windDir_deg": 57.323, "temperature_K": 567.934, "address": "8880ca", "createdAt": "06:59:37.129046"}