{"time": 25299.253099327, "bds50": {"value": {"rol": -0.2, "tan": 195.645, "gsp": 422, "tanR": 0.0, "tas": 460}, "time": 25298.532374985, "msg": "02188d069702460919c9828a00a8001994fff8b334e004e6780508"}, "bds60": {"value": {"mhd": 204.961, "ias": 278, "mach": 0.768, "bar": 0, "ivv": 0}, "time": 25299.253099327, "msg": "02188d06970270fe7b3f818a00a000149cc8ea2d30200400780508"}, "df17": {"time": 25298.3828125, "Lat": 23.0626416, "Lon": 113.7221861, "geometric_height": 33900, "TId": "CSN3516", "gsp": 421.4, "tan": 195.5511475}, "windSpd_kt": 81.023, "windDir_deg": 82.434, "temperature_K": 472.336, "address": "780508", "createdAt": "07:01:39.292783"}