{"time": 25288.188562609, "bds50": {"value": {"rol": 26.7, "tan": 93.516, "gsp": 242, "tanR": 1.969, "tas": 248}, "time": 25287.17856785, "msg": "02188d0696ffa14bc0aa806900a80018ad9314291e61fc7c880858"}, "bds60": {"value": {"mhd": 106.875, "ias": 230, "mach": 0.376, "bar": 1536, "ivv": 1440}, "time": 25288.188562609, "msg": "02188d0696ffdd7f0cb1806800a000033ba609cd17a1842d880858"}, "df17": {"time": 25287.921875, "Lat": 22.3369217, "Lon": 114.038794, "geometric_height": 4750, "TId": "AIQ521", "gsp": 242.1, "tan": 95.4492188}, "windSpd_kt": 57.305, "windDir_deg": 4.226, "temperature_K": 572.776, "address": "880858", "createdAt": "07:01:28.228972"}