{"time": 25219.28832521, "bds50": {"value": {"rol": 0.0, "tan": 183.516, "gsp": 380, "tanR": 0.0, "tas": 378}, "time": 25219.28832521, "msg": "02188d0696efd2b8dc5a808500a8000ca88018292fa004bd76aa77"}, "bds60": {"value": {"mhd": 189.492, "ias": 299, "mach": 0.584, "bar": 1984, "ivv": 2016}, "time": 25219.280974627, "msg": "02188d0696efd248b323808800a0000994c36a5724a1f43f76aa77"}, "df17": {"time": 25218.65625, "Lat": 21.688149, "Lon": 114.0516257, "geometric_height": 15075, "TId": "JSA698", "gsp": 380.8, "tan": 183.4661865}, "windSpd_kt": 39.563, "windDir_deg": 99.398, "temperature_K": 551.59, "address": "76aa77", "createdAt": "07:00:19.321500"}