{"time": 25225.197741845, "bds50": {"value": {"rol": 0.7, "tan": 58.711, "gsp": 410, "tanR": null, "tas": 382}, "time": 25225.197741845, "msg": "02188d0696f132f36715928900a80001a680929d337ffcbf780a9e"}, "bds60": {"value": {"mhd": 59.59, "ias": 298, "mach": 0.592, "bar": -2176, "ivv": -2304}, "time": 25225.175196087, "msg": "02188d0696f1319b61b7808e00a0000a1e953a55253de7b8780a9e"}, "df17": {"time": 25224.203125, "Lat": 21.612339, "Lon": 113.5541725, "geometric_height": 16375, "TId": "CRK170", "gsp": 411.1, "tan": 58.62854}, "windSpd_kt": 28.651, "windDir_deg": 46.908, "temperature_K": 548.202, "address": "780a9e", "createdAt": "07:00:25.233986"}