{"time": 25164.365872827, "bds50": {"value": {"rol": 0.7, "tan": 259.98, "gsp": 348, "tanR": -0.062, "tas": 366}, "time": 25163.190932515, "msg": "02188d0696e2c30e9423808000a8001e91809b8f2bbff4b7780e17"}, "bds60": {"value": {"mhd": 261.914, "ias": 290, "mach": 0.564, "bar": -1088, "ivv": -992}, "time": 25164.365872827, "msg": "02188d0696e30916bebb808400a0200937dd2a45237ef7e1780e17"}, "df17": {"time": 25164.296875, "Lat": 22.8175092, "Lon": 114.7084022, "geometric_height": 14825, "TId": "CDC8835", "gsp": 347.2, "tan": 260.0518799}, "windSpd_kt": 21.659, "windDir_deg": 114.751, "temperature_K": 554.45, "address": "780e17", "createdAt": "06:59:24.408636"}