{"time": 25242.743883666, "bds50": {"value": {"rol": 0.0, "tan": 162.246, "gsp": 422, "tanR": 0.031, "tas": 416}, "time": 25242.743883666, "msg": "02188d0696f548c84792808a00a8001e2480173734e00cd07813bd"}, "bds60": {"value": {"mhd": 169.453, "ias": 304, "mach": 0.66, "bar": 1472, "ivv": 1600}, "time": 25241.872156776, "msg": "02188d0696f514d2c868808c00a0000d1bbc4a61296174327813bd"}, "df17": {"time": 25242.4375, "Lat": 22.632308, "Lon": 113.3258629, "geometric_height": 21225, "TId": "CSN335", "gsp": 421.2, "tan": 162.1691895}, "windSpd_kt": 53.009, "windDir_deg": 82.336, "temperature_K": 523.066, "address": "7813bd", "createdAt": "07:00:42.773677"}