{"time": 25195.867779796, "bds50": {"value": {"rol": 0.7, "tan": 207.246, "gsp": 384, "tanR": null, "tas": 430}, "time": 25195.672954, "msg": "02188d0696ea5322e490819a00a8001a8a809937303ffcd7780f76"}, "bds60": {"value": {"mhd": 215.508, "ias": 290, "mach": 0.704, "bar": -96, "ivv": 0}, "time": 25195.867779796, "msg": "02188d0696ea5ebfb2d4809f00a0001098ccaa452c3fec00780f76"}, "df17": {"time": 25195.4609375, "Lat": 24.9270558, "Lon": 114.404304, "geometric_height": 27000, "TId": "CSZ9610", "gsp": 384.5, "tan": 207.2296143}, "windSpd_kt": 74.454, "windDir_deg": 83.336, "temperature_K": 491.19, "address": "780f76", "createdAt": "06:59:55.903433"}