{"time": 25170.65458555, "bds50": {"value": {"rol": -11.1, "tan": 248.555, "gsp": 402, "tanR": -0.531, "tas": 458}, "time": 25170.552658295, "msg": "02188d0696e479d99977819d00a8201990f83b0d327f7ce57803ed"}, "bds60": {"value": {"mhd": 250.664, "ias": 286, "mach": 0.756, "bar": 96, "ivv": -32}, "time": 25170.65458555, "msg": "02188d0696e47fece2ce819d00a0201337d92a3d2f601fff7803ed"}, "df17": {"time": 25168.8046875, "Lat": 22.9410625, "Lon": 116.3934946, "geometric_height": 31700, "TId": "CES2007", "gsp": 402.8, "tan": 250.2575684}, "windSpd_kt": 58.184, "windDir_deg": 85.394, "temperature_K": 483.22, "address": "7803ed", "createdAt": "06:59:30.699686"}