{"time": 25243.289270482, "bds50": {"value": {"rol": 0.4, "tan": 223.77, "gsp": 408, "tanR": -0.062, "tas": 466}, "time": 25242.639966369, "msg": "02188d0696f54296a0a1818600a80019918059f3333ff4e97809ab"}, "bds60": {"value": {"mhd": 229.746, "ias": 281, "mach": 0.776, "bar": 64, "ivv": -32}, "time": 25243.289270482, "msg": "02188d0696f5694a38d2909000a000149dd1ba3330a017ff7809ab"}, "df17": {"time": 25242.8359375, "Lat": 22.8493738, "Lon": 113.0610967, "geometric_height": 33975, "TId": "CQH8579", "gsp": 408.7, "tan": 223.8079834}, "windSpd_kt": 73.692, "windDir_deg": 84.945, "temperature_K": 474.796, "address": "7809ab", "createdAt": "07:00:43.326398"}