{"time": 25250.880152343, "bds50": {"value": {"rol": 0.4, "tan": 1.406, "gsp": 382, "tanR": 0.0, "tas": 370}, "time": 25250.880152343, "msg": "02188d0696f72dbde31782a100a8000a258050112fe004b9780d62"}, "bds60": {"value": {"mhd": 355.43, "ias": 249, "mach": 0.604, "bar": 1472, "ivv": 1472}, "time": 25250.708425067, "msg": "02188d0696f72381896b82a000a0001034fe69f325e1742e780d62"}, "df17": {"time": 25250.53125, "Lat": 24.8328781, "Lon": 113.4333658, "geometric_height": 26300, "TId": "CUA5896", "gsp": 381.2, "tan": 1.505127}, "windSpd_kt": 40.99, "windDir_deg": 71.419, "temperature_K": 494.068, "address": "780d62", "createdAt": "07:00:50.914431"}