{"time": 25261.413597264, "bds50": {"value": {"rol": 0.2, "tan": 229.746, "gsp": 424, "tanR": null, "tas": 472}, "time": 25261.413597264, "msg": "02188d0696f9a1958050809e00a000133c803a37353ffcec780ead"}, "bds60": {"value": {"mhd": 233.789, "ias": 295, "mach": 0.78, "bar": 0, "ivv": 0}, "time": 25260.648759534, "msg": "02188d0696f973ff00ee819a00a000133cd32a4f30e00400780ead"}, "df17": {"time": 25259.0078125, "Lat": 21.5618062, "Lon": 111.7337465, "geometric_height": 31825, "TId": "CXA837", "gsp": 424.3, "tan": 229.7790527}, "windSpd_kt": 57.446, "windDir_deg": 85.147, "temperature_K": 482.118, "address": "780ead", "createdAt": "07:01:01.453964"}