{"time": 25187.199040482, "bds50": {"value": {"rol": 0.7, "tan": 260.156, "gsp": 348, "tanR": -0.062, "tas": 364}, "time": 25187.199040482, "msg": "02188d0696e85a0d3be2808500a8001e91809b912bbff4b6780e17"}, "bds60": {"value": {"mhd": 262.441, "ias": 291, "mach": 0.56, "bar": -864, "ivv": -1024}, "time": 25187.172387542, "msg": "02188d0696e858768ad6909200a0000917dd5a47233f2fe0780e17"}, "df17": {"time": 25186.7109375, "Lat": 22.8114581, "Lon": 114.6708083, "geometric_height": 14425, "TId": "CDC8835", "gsp": 348.9, "tan": 260.2661133}, "windSpd_kt": 21.388, "windDir_deg": 122.886, "temperature_K": 556.268, "address": "780e17", "createdAt": "06:59:47.242515"}