{"time": 25295.149837714, "bds50": {"value": {"rol": -0.2, "tan": 248.203, "gsp": 270, "tanR": null, "tas": 282}, "time": 25295.149837714, "msg": "02188d0697017c6bad92807400a8000e2efffb0921fffc8d789211"}, "bds60": {"value": {"mhd": 249.434, "ias": 236, "mach": 0.428, "bar": -1184, "ivv": -1280}, "time": 25295.142616887, "msg": "02188d0697017bfd7f37807700a0000713d8b9d91afedfd8789211"}, "df17": {"time": 25294.9609375, "Lat": 22.2128963, "Lon": 114.2003274, "geometric_height": 10800, "TId": "CRK611", "gsp": 270.3, "tan": 248.2800293}, "windSpd_kt": 13.385, "windDir_deg": 95.116, "temperature_K": 571.568, "address": "789211", "createdAt": "07:01:35.213574"}