{"time": 25259.144950843, "bds50": {"value": {"rol": 0.4, "tan": 247.852, "gsp": 264, "tanR": 0.031, "tas": 278}, "time": 25259.144950843, "msg": "02188d0696f91a5cb43b807a00a8280e2e805b0521200c8b789211"}, "bds60": {"value": {"mhd": 249.258, "ias": 230, "mach": 0.424, "bar": -32, "ivv": -32}, "time": 25259.144150846, "msg": "02188d0696f91a507f3e807a00a8280e2ed8a9cd1abfffff789211"}, "df17": {"time": 25259.0078125, "Lat": 22.2294617, "Lon": 114.2447233, "geometric_height": 11550, "TId": "CRK611", "gsp": 263.2, "tan": 247.9174805}, "windSpd_kt": 15.498, "windDir_deg": 93.964, "temperature_K": 565.998, "address": "789211", "createdAt": "07:00:59.184852"}