{"time": 25100.219325267, "bds50": {"value": {"rol": -0.7, "tan": 199.16, "gsp": 324, "tanR": 0.0, "tas": 338}, "time": 25100.219325267, "msg": "02188d0696d419a81b53808f00a8001029ff98db28a004a978135d"}, "bds60": {"value": {"mhd": 204.785, "ias": 278, "mach": 0.52, "bar": -32, "ivv": -32}, "time": 25099.374145069, "msg": "02188d0696d3e747ae2d808f00a0000810c8da2d20bfffff78135d"}, "df17": {"time": 25099.828125, "Lat": 23.0574059, "Lon": 113.2034898, "geometric_height": 12350, "TId": "CSN3759", "gsp": 324.1, "tan": 199.2755127}, "windSpd_kt": 35.365, "windDir_deg": 88.682, "temperature_K": 556.268, "address": "78135d", "createdAt": "06:58:20.254459"}