{"time": 25185.126699604, "bds50": {"value": {"rol": 0.0, "tan": 184.043, "gsp": 360, "tanR": null, "tas": 366}, "time": 25184.765912036, "msg": "02188d0696e7c906a3e4828a00a8000cb980182f2d3ffcb77801c1"}, "bds60": {"value": {"mhd": 188.438, "ias": 320, "mach": 0.564, "bar": 2880, "ivv": 2912}, "time": 25185.126699604, "msg": "02188d0696e7de87d254807e00a000061ac30a812362d45b7801c1"}, "df17": {"time": 25184.8125, "Lat": 22.0009375, "Lon": 114.0743494, "geometric_height": 9250, "TId": "HDA254", "gsp": 359.0, "tan": 184.152832}, "windSpd_kt": 28.476, "windDir_deg": 84.086, "temperature_K": 554.45, "address": "7801c1", "createdAt": "06:59:45.163668"}