{"time": 25180.049044028, "bds50": {"value": {"rol": 0.0, "tan": 301.465, "gsp": 476, "tanR": 0.0, "tas": 494}, "time": 25180.023437225, "msg": "02188d0696e6ae5a37a981a100a0001837801d673ba004f7781361"}, "bds60": {"value": {"mhd": 299.355, "ias": 272, "mach": 0.852, "bar": -96, "ivv": 32}, "time": 25180.049044028, "msg": "02188d0696e6afe0f23c81a200a0001837ea7a21357fec01781361"}, "df17": {"time": 25178.328125, "Lat": 19.2218685, "Lon": 115.4390359, "geometric_height": 40325, "TId": "CSN336", "gsp": 477.0, "tan": 301.4593506}, "windSpd_kt": 25.355, "windDir_deg": 75.629, "temperature_K": 442.622, "address": "781361", "createdAt": "06:59:40.087038"}