{"time": 25291.472009041, "bds50": {"value": {"rol": 0.0, "tan": 268.594, "gsp": 404, "tanR": 0.0, "tas": 450}, "time": 25291.472009041, "msg": "02188d069700a1347751819800a8001a1e801bf132a004e1789205"}, "bds60": {"value": {"mhd": 270.0, "ias": 285, "mach": 0.744, "bar": -1952, "ivv": -1664}, "time": 25291.448464997, "msg": "02188d0697009fcd3665819700a00012b7e00a3b2ebe1fcc789205"}, "df17": {"time": 25290.140625, "Lat": 22.3204422, "Lon": 116.8226051, "geometric_height": 30975, "TId": "HKE601", "gsp": 404.1, "tan": 268.5827637}, "windSpd_kt": 47.175, "windDir_deg": 102.13, "temperature_K": 481.656, "address": "789205", "createdAt": "07:01:31.508131"}