{"time": 25283.914327748, "bds50": {"value": {"rol": -0.2, "tan": 184.043, "gsp": 386, "tanR": null, "tas": 390}, "time": 25283.265131935, "msg": "02188d0696feb809759f808600a8000cb9fff82f307ffcc37801c1"}, "bds60": {"value": {"mhd": 189.141, "ias": 321, "mach": 0.6, "bar": 1952, "ivv": 2016}, "time": 25283.914327748, "msg": "02188d0696fedebb66c4808900a000081ac34a8325a1ec3f7801c1"}, "df17": {"time": 25282.921875, "Lat": 21.8311, "Lon": 114.0614748, "geometric_height": 12675, "TId": "HDA254", "gsp": 386.9, "tan": 183.9990234}, "windSpd_kt": 34.742, "windDir_deg": 89.987, "temperature_K": 556.268, "address": "7801c1", "createdAt": "07:01:23.957644"}