{"time": 25119.340545851, "bds50": {"value": {"rol": 0.2, "tan": 46.406, "gsp": 444, "tanR": null, "tas": 394}, "time": 25119.340545851, "msg": "02188d0696d88d5ec73b819b00a80000a280321137bffcc5780f05"}, "bds60": {"value": {"mhd": 46.23, "ias": 245, "mach": 0.648, "bar": 768, "ivv": 864}, "time": 25119.333170752, "msg": "02188d0696d88cee3e4080a000a00013109079eb28a0c41b780f05"}, "df17": {"time": 25119.03125, "Lat": 22.3531651, "Lon": 111.8045139, "geometric_height": 31100, "TId": "CDC6004", "gsp": 444.3, "tan": 46.4611816}, "windSpd_kt": 50.017, "windDir_deg": 47.793, "temperature_K": 486.744, "address": "780f05", "createdAt": "06:58:39.377451"}