{"time": 25275.186856906, "bds50": {"value": {"rol": -0.4, "tan": 322.383, "gsp": 318, "tanR": 0.0, "tas": 328}, "time": 25275.186856906, "msg": "02188d0696fcd688c3ca808a00a8001912ffde5527e004a4780abc"}, "bds60": {"value": {"mhd": 322.383, "ias": 270, "mach": 0.504, "bar": -864, "ivv": -832}, "time": 25275.17012736, "msg": "02188d0696fcd5897e00808c00a0000810f2aa1d1fbf2fe6780abc"}, "df17": {"time": 25274.40625, "Lat": 21.7145634, "Lon": 114.4311047, "geometric_height": 12375, "TId": "CPA134", "gsp": 317.9, "tan": 322.4102783}, "windSpd_kt": 10.0, "windDir_deg": 142.383, "temperature_K": 557.628, "address": "780abc", "createdAt": "07:01:15.222859"}