{"time": 25281.441959389, "bds50": {"value": {"rol": 0.2, "tan": 146.074, "gsp": 332, "tanR": null, "tas": 334}, "time": 25281.434805309, "msg": "02188d0696fe4af0e43d809900a000079780367f29bffca7780e0d"}, "bds60": {"value": {"mhd": 151.348, "ias": 277, "mach": 0.512, "bar": -1152, "ivv": -1120}, "time": 25281.441959389, "msg": "02188d0696fe4b5e0ddd829400a0000797b5da2b203ee7dd780e0d"}, "df17": {"time": 25280.5234375, "Lat": 22.4596381, "Lon": 112.9166651, "geometric_height": 11725, "TId": "CSZ9324", "gsp": 333.5, "tan": 146.1181641}, "windSpd_kt": 30.706, "windDir_deg": 54.98, "temperature_K": 560.288, "address": "780e0d", "createdAt": "07:01:21.494854"}