{"time": 25160.84915107, "bds50": {"value": {"rol": -0.2, "tan": 25.137, "gsp": 474, "tanR": null, "tas": 442}, "time": 25160.840831405, "msg": "02188d0696e236fae1ad809700a0001031fff11f3b7ffcdd780d5c"}, "bds60": {"value": {"mhd": 24.258, "ias": 299, "mach": 0.716, "bar": -1184, "ivv": -1056}, "time": 25160.84915107, "msg": "02188d0696e23779d45e929300a000103188aa572cfedfdf780d5c"}, "df17": {"time": 25159.8515625, "Lat": 21.6956592, "Lon": 115.6477332, "geometric_height": 26525, "TId": "CXA8692", "gsp": 475.0, "tan": 25.1641846}, "windSpd_kt": 32.761, "windDir_deg": 37.082, "temperature_K": 501.738, "address": "780d5c", "createdAt": "06:59:20.892679"}