{"time": 25227.222165484, "bds50": {"value": {"rol": 0.7, "tan": 83.496, "gsp": 480, "tanR": 0.0, "tas": 430}, "time": 25227.222165484, "msg": "02188d0696f1ab9da7ec809300a8000a318093b73c2004d77813e0"}, "bds60": {"value": {"mhd": 88.066, "ias": 282, "mach": 0.7, "bar": 32, "ivv": 0}, "time": 25226.697075776, "msg": "02188d0696f18c516c40828b00a00011309f5a352be00c007813e0"}, "df17": {"time": 25227.234375, "Lat": 23.0197906, "Lon": 113.6444664, "geometric_height": 28100, "TId": "OKA2720", "gsp": 480.1, "tan": 83.4246826}, "windSpd_kt": 61.745, "windDir_deg": 49.793, "temperature_K": 496.82, "address": "7813e0", "createdAt": "07:00:27.258355"}