{"time": 25224.69012984, "bds50": {"value": {"rol": 0.2, "tan": 183.516, "gsp": 382, "tanR": null, "tas": 378}, "time": 25224.69012984, "msg": "02188d0696f114b1dbb0908700a8000ca88038292ffffcbd76aa77"}, "bds60": {"value": {"mhd": 189.492, "ias": 298, "mach": 0.584, "bar": 2144, "ivv": 2176}, "time": 25224.673003565, "msg": "02188d0696f113ac882d808800a000099cc36a5524a21c4476aa77"}, "df17": {"time": 25224.6171875, "Lat": 21.6768408, "Lon": 114.0508747, "geometric_height": 15300, "TId": "JSA698", "gsp": 381.7, "tan": 183.4552002}, "windSpd_kt": 39.817, "windDir_deg": 102.262, "temperature_K": 551.59, "address": "76aa77", "createdAt": "07:00:24.727302"}