{"time": 25211.114936468, "bds50": {"value": {"rol": -4.7, "tan": 267.539, "gsp": 266, "tanR": -0.375, "tas": 278}, "time": 25211.114936468, "msg": "02188d0696edeb8cd894807e00a8200e2efcbbe5217fa48b789211"}, "bds60": {"value": {"mhd": 267.539, "ias": 230, "mach": 0.424, "bar": -32, "ivv": -32}, "time": 25211.107589038, "msg": "02188d0696edeb1cbbae907d00a0200790df29cd1abfffff789211"}, "df17": {"time": 25210.09375, "Lat": 22.2483873, "Lon": 114.3053198, "geometric_height": 11550, "TId": "CRK611", "gsp": 265.2, "tan": 267.62146}, "windSpd_kt": 12.0, "windDir_deg": 87.539, "temperature_K": 565.998, "address": "789211", "createdAt": "07:00:11.149913"}