{"time": 25121.712186379, "bds50": {"value": {"rol": 11.8, "tan": 274.395, "gsp": 236, "tanR": 0.875, "tas": 236}, "time": 25121.704324063, "msg": "02188d0696d91a432bdf808100a0000510887c331da0e4768990f5"}, "bds60": {"value": {"mhd": 276.504, "ias": 210, "mach": 0.36, "bar": -960, "ivv": -896}, "time": 25121.712186379, "msg": "02188d0696d91abb240b808100a0000510e259a516bf17e48990f5"}, "df17": {"time": 25121.28125, "Lat": 22.0615339, "Lon": 113.9491224, "geometric_height": 7375, "TId": "CAL7863", "gsp": 235.5, "tan": 274.1363525}, "windSpd_kt": 8.686, "windDir_deg": -174.551, "temperature_K": 565.818, "address": "8990f5", "createdAt": "06:58:41.755766"}