{"time": 25226.91632319, "bds50": {"value": {"rol": 0.5, "tan": 161.895, "gsp": 418, "tanR": 0.0, "tas": 416}, "time": 25226.91632319, "msg": "02188d0696f19962df76808a00a8001e24807733346004d07813bd"}, "bds60": {"value": {"mhd": 169.277, "ias": 304, "mach": 0.656, "bar": 1728, "ivv": 1792}, "time": 25226.909107206, "msg": "02188d0696f198f4c406828300a0000cbcbc3a612921b4387813bd"}, "df17": {"time": 25226.671875, "Lat": 22.6614046, "Lon": 113.3156919, "geometric_height": 20775, "TId": "CSN335", "gsp": 418.8, "tan": 161.9110107}, "windSpd_kt": 53.726, "windDir_deg": 77.715, "temperature_K": 529.464, "address": "7813bd", "createdAt": "07:00:26.955869"}