{"time": 25135.578848721, "bds50": {"value": {"rol": -0.2, "tan": 195.82, "gsp": 402, "tanR": null, "tas": 446}, "time": 25134.214916103, "msg": "02188d0696dc03f3a807819400a8000f04fff8b5327ffcdf7801a3"}, "bds60": {"value": {"mhd": 206.367, "ias": 269, "mach": 0.748, "bar": -32, "ivv": 0}, "time": 25135.578848721, "msg": "02188d0696dc553f9dd1809e00a000149cc96a1b2efffc007801a3"}, "df17": {"time": 25134.7421875, "Lat": 23.9260769, "Lon": 113.9842272, "geometric_height": 33800, "TId": "HDA901", "gsp": 402.3, "tan": 195.869751}, "windSpd_kt": 89.411, "windDir_deg": 81.751, "temperature_K": 468.084, "address": "7801a3", "createdAt": "06:58:55.624247"}