{"time": 25239.434633847, "bds50": {"value": {"rol": -0.2, "tan": 195.645, "gsp": 416, "tanR": 0.0, "tas": 454}, "time": 25239.434633847, "msg": "02188d0696f483892277818d00a8000004fff8b3342004e3789226"}, "bds60": {"value": {"mhd": 205.137, "ias": 294, "mach": 0.74, "bar": 384, "ivv": 0}, "time": 25239.426545853, "msg": "02188d0696f4830db8bd818d00a00011b8c8fa4d2e606400789226"}, "df17": {"time": 25239.40625, "Lat": 23.6235881, "Lon": 113.8916373, "geometric_height": 29075, "TId": "CRK337", "gsp": 415.3, "tan": 195.6445312}, "windSpd_kt": 81.336, "windDir_deg": 82.642, "temperature_K": 495.572, "address": "789226", "createdAt": "07:00:39.474333"}