{"time": 25243.213203254, "bds50": {"value": {"rol": -0.2, "tan": 184.219, "gsp": 306, "tanR": 0.0, "tas": 314}, "time": 25243.213203254, "msg": "02188d0696f564c18736807f00a8201ca5fff8312660049d8880ca"}, "bds60": {"value": {"mhd": 186.68, "ias": 281, "mach": 0.48, "bar": 160, "ivv": 96}, "time": 25243.205426194, "msg": "02188d0696f5644adc12807e00a02004b7c26a331e202c038880ca"}, "df17": {"time": 25242.9609375, "Lat": 22.1032906, "Lon": 114.0818381, "geometric_height": 7100, "TId": "HVN593", "gsp": 305.9, "tan": 184.3121338}, "windSpd_kt": 15.532, "windDir_deg": 64.455, "temperature_K": 563.422, "address": "8880ca", "createdAt": "07:00:43.255576"}