{"time": 25179.564834326, "bds50": {"value": {"rol": 13.9, "tan": 177.539, "gsp": 178, "tanR": 1.469, "tas": 186}, "time": 25179.564834326, "msg": "02188d0696e693047e16808c00a8001e9489f7e516617c5d7811ab"}, "bds60": {"value": {"mhd": 184.57, "ias": 172, "mach": 0.28, "bar": -608, "ivv": -832}, "time": 25178.953628356, "msg": "02188d0696e66e963ac4808d00a000033dc1a95911bf6fe67811ab"}, "df17": {"time": 25178.3984375, "Lat": 23.1703162, "Lon": 113.3895278, "geometric_height": 4800, "TId": "CSZ9676", "gsp": 180.2, "tan": 173.6224365}, "windSpd_kt": 23.705, "windDir_deg": 71.37, "temperature_K": 580.988, "address": "7811ab", "createdAt": "06:59:39.641753"}