{"time": 25103.686411001, "bds50": {"value": {"rol": 0.0, "tan": 105.117, "gsp": 202, "tanR": null, "tas": 202}, "time": 25103.686411001, "msg": "02188d0696d4e84fa2f9818c00a800181a8014ad197ffc65780012"}, "bds60": {"value": {"mhd": 110.039, "ias": 187, "mach": 0.308, "bar": 32, "ivv": 32}, "time": 25103.276651191, "msg": "02188d0696d4cfe332b7809500a0000391a7297713600c01780012"}, "df17": {"time": 25100.8984375, "Lat": 23.0339098, "Lon": 113.0918455, "geometric_height": 4925, "TId": "CSN8314", "gsp": 202.1, "tan": 105.2050781}, "windSpd_kt": 17.347, "windDir_deg": 17.578, "temperature_K": 566.316, "address": "780012", "createdAt": "06:58:23.723514"}