{"time": 25195.333282126, "bds50": {"value": {"rol": -0.4, "tan": 334.336, "gsp": 306, "tanR": null, "tas": 310}, "time": 25194.99382312, "msg": "02188d0696ea2aa82d90808a00a800189fffdedd267ffc9b780bcf"}, "bds60": {"value": {"mhd": 332.93, "ias": 248, "mach": 0.476, "bar": -384, "ivv": -320}, "time": 25195.333282126, "msg": "02188d0696ea3ee3e94e818300a0000910f669f11dffa7f6780bcf"}, "df17": {"time": 25195.046875, "Lat": 23.001852, "Lon": 113.8974524, "geometric_height": 14100, "TId": "CSN3070", "gsp": 307.2, "tan": 334.352417}, "windSpd_kt": 8.551, "windDir_deg": 91.521, "temperature_K": 558.428, "address": "780bcf", "createdAt": "06:59:55.372167"}