{"time": 25159.188174029, "bds50": {"value": {"rol": 0.5, "tan": 259.98, "gsp": 348, "tanR": -0.062, "tas": 366}, "time": 25158.841092497, "msg": "02188d0696e1bfc94991818e00a8001e91807b8f2bbff4b7780e17"}, "bds60": {"value": {"mhd": 261.914, "ias": 290, "mach": 0.564, "bar": -928, "ivv": -992}, "time": 25159.188174029, "msg": "02188d0696e1d47954cd808300a000093add2a45237f1fe1780e17"}, "df17": {"time": 25158.4609375, "Lat": 22.8189683, "Lon": 114.7172856, "geometric_height": 14900, "TId": "CDC8835", "gsp": 347.2, "tan": 260.0518799}, "windSpd_kt": 21.659, "windDir_deg": 114.751, "temperature_K": 554.45, "address": "780e17", "createdAt": "06:59:19.236615"}