{"time": 25151.210561503, "bds50": {"value": {"rol": 0.5, "tan": 259.98, "gsp": 346, "tanR": 0.031, "tas": 366}, "time": 25151.210561503, "msg": "02188d0696dff8f89fdf808200a8001e91807b8f2b600cb7780e17"}, "bds60": {"value": {"mhd": 261.738, "ias": 290, "mach": 0.564, "bar": -928, "ivv": -1024}, "time": 25151.191073085, "msg": "02188d0696dff7cf413d808300a000093fdd1a45237f1fe0780e17"}, "df17": {"time": 25151.15625, "Lat": 22.8210711, "Lon": 114.7304821, "geometric_height": 15025, "TId": "CDC8835", "gsp": 346.1, "tan": 260.1837158}, "windSpd_kt": 22.786, "windDir_deg": 109.502, "temperature_K": 554.45, "address": "780e17", "createdAt": "06:59:11.257993"}