{"time": 25296.225805402, "bds50": {"value": {"rol": 0.0, "tan": 213.398, "gsp": 394, "tanR": null, "tas": 420}, "time": 25296.225805402, "msg": "02188d069701bc8da45a809300a80009ab80197d317ffcd2780126"}, "bds60": {"value": {"mhd": 217.617, "ias": 301, "mach": 0.664, "bar": 1120, "ivv": 1024}, "time": 25296.215523715, "msg": "02188d069701bbf0c183819000a0000d9ccd6a5b29a11c20780126"}, "df17": {"time": 25294.3203125, "Lat": 21.2593174, "Lon": 113.9075589, "geometric_height": 22025, "TId": "HDA694", "gsp": 394.6, "tan": 213.5302734}, "windSpd_kt": 39.659, "windDir_deg": 84.577, "temperature_K": 526.768, "address": "780126", "createdAt": "07:01:36.259759"}