{"time": 25270.57993463, "bds50": {"value": {"rol": 0.4, "tan": 217.441, "gsp": 412, "tanR": null, "tas": 458}, "time": 25270.57993463, "msg": "02188d0696fbc3f0b5a6819400a80019908059ab33bffce57803ed"}, "bds60": {"value": {"mhd": 223.77, "ias": 285, "mach": 0.756, "bar": 224, "ivv": -32}, "time": 25270.571726363, "msg": "02188d0696fbc373761b90a400a0001338cf9a3b2f603fff7803ed"}, "df17": {"time": 25270.25, "Lat": 22.8109217, "Lon": 116.2453723, "geometric_height": 31725, "TId": "CES2007", "gsp": 411.3, "tan": 217.5952148}, "windSpd_kt": 66.454, "windDir_deg": 86.884, "temperature_K": 483.22, "address": "7803ed", "createdAt": "07:01:10.611460"}