{"time": 25284.31689086, "bds50": {"value": {"rol": -0.2, "tan": 327.656, "gsp": 492, "tanR": 0.0, "tas": 494}, "time": 25284.31689086, "msg": "02188d0696fef6ba06ec81a300a0001837fffe913da004f7781361"}, "bds60": {"value": {"mhd": 325.195, "ias": 272, "mach": 0.852, "bar": 0, "ivv": 32}, "time": 25283.340435627, "msg": "02188d0696febc8680ab81a200a0001837f3aa2135600401781361"}, "df17": {"time": 25282.046875, "Lat": 19.3760848, "Lon": 115.2606583, "geometric_height": 40300, "TId": "CSN336", "gsp": 492.2, "tan": 327.7001953}, "windSpd_kt": 21.268, "windDir_deg": 61.82, "temperature_K": 442.622, "address": "781361", "createdAt": "07:01:24.353718"}