{"time": 25269.311811458, "bds50": {"value": {"rol": -0.2, "tan": 229.746, "gsp": 388, "tanR": 0.0, "tas": 438}, "time": 25269.311811458, "msg": "02188d0696fb785aaf82829600a80016adfffa3730a004db78109c"}, "bds60": {"value": {"mhd": 233.262, "ias": 254, "mach": 0.74, "bar": -192, "ivv": -32}, "time": 25268.487140564, "msg": "02188d0696fb473334d4819400a00015bcd2f9fd2e7fd7ff78109c"}, "df17": {"time": 25269.1875, "Lat": 20.8674359, "Lon": 110.86514, "geometric_height": 36100, "TId": "CSN6624", "gsp": 389.6, "tan": 229.6856689}, "windSpd_kt": 56.034, "windDir_deg": 78.391, "temperature_K": 461.256, "address": "78109c", "createdAt": "07:01:09.361497"}