{"time": 25179.196542017, "bds50": {"value": {"rol": 0.4, "tan": 172.441, "gsp": 302, "tanR": 0.031, "tas": 310}, "time": 25179.196542017, "msg": "02188d0696e67d10cc41807800a8001ca58057ab25e00c9b8880ca"}, "bds60": {"value": {"mhd": 175.43, "ias": 278, "mach": 0.472, "bar": 64, "ivv": 32}, "time": 25179.185923265, "msg": "02188d0696e67c6ec4c1807800a00004b7be6a2d1da014018880ca"}, "df17": {"time": 25178.6875, "Lat": 22.1934342, "Lon": 114.0818381, "geometric_height": 7100, "TId": "HVN593", "gsp": 301.7, "tan": 172.3809814}, "windSpd_kt": 17.853, "windDir_deg": 57.323, "temperature_K": 567.934, "address": "8880ca", "createdAt": "06:59:39.267103"}