{"time": 25219.921128296, "bds50": {"value": {"rol": 0.5, "tan": 263.496, "gsp": 300, "tanR": 0.031, "tas": 332}, "time": 25219.140539056, "msg": "02188d0696efc9e9d2b0819100a8001811807bb725a00ca6780612"}, "bds60": {"value": {"mhd": 266.66, "ias": 257, "mach": 0.516, "bar": -992, "ivv": -928}, "time": 25219.921128296, "msg": "02188d0696eff870ab68827f00a8001811deda03207f0fe3780612"}, "df17": {"time": 25217.265625, "Lat": 22.8542233, "Lon": 114.9476123, "geometric_height": 16525, "TId": "CES5343", "gsp": 301.0, "tan": 263.5125732}, "windSpd_kt": 36.437, "windDir_deg": 113.689, "temperature_K": 545.048, "address": "780612", "createdAt": "07:00:19.960066"}