{"time": 25195.310670679, "bds50": {"value": {"rol": 0.5, "tan": 83.32, "gsp": 480, "tanR": 0.0, "tas": 430}, "time": 25194.851463592, "msg": "02188d0696ea222bf1a8808e00a00011308073b53c2004d77813e0"}, "bds60": {"value": {"mhd": 87.891, "ias": 282, "mach": 0.7, "bar": -64, "ivv": 0}, "time": 25195.310670679, "msg": "02188d0696ea3d8ae357808f00a00011309f4a352bfff4007813e0"}, "df17": {"time": 25194.1015625, "Lat": 23.0113149, "Lon": 113.5652232, "geometric_height": 28100, "TId": "OKA2720", "gsp": 480.1, "tan": 83.4246826}, "windSpd_kt": 61.749, "windDir_deg": 49.612, "temperature_K": 496.82, "address": "7813e0", "createdAt": "06:59:55.341608"}