{"time": 25109.454691566, "bds50": {"value": {"rol": 0.5, "tan": 247.676, "gsp": 262, "tanR": -0.062, "tas": 278}, "time": 25109.447531906, "msg": "02188d0696d63fb35d82807800a0000790807b0320fff48b780a49"}, "bds60": {"value": {"mhd": 249.609, "ias": 230, "mach": 0.424, "bar": -64, "ivv": 0}, "time": 25109.454691566, "msg": "02188d0696d640209cee807700a0000790d8c9cd1abff400780a49"}, "df17": {"time": 25109.3046875, "Lat": 22.2298694, "Lon": 114.2457318, "geometric_height": 11550, "TId": "CPA495", "gsp": 262.8, "tan": 247.6318359}, "windSpd_kt": 18.409, "windDir_deg": 98.298, "temperature_K": 565.998, "address": "780a49", "createdAt": "06:58:29.495088"}