{"time": 25094.809591423, "bds50": {"value": {"rol": 0.0, "tan": 227.461, "gsp": 414, "tanR": 0.0, "tas": 462}, "time": 25093.725981033, "msg": "02188d0696d2969f896982a000a000121c801a1d33e004e7780add"}, "bds60": {"value": {"mhd": 231.855, "ias": 298, "mach": 0.756, "bar": 1856, "ivv": 1952}, "time": 25094.809591423, "msg": "02188d0696d2d7361e7f819100a000121ed27a552f61d43d780add"}, "df17": {"time": 25092.8828125, "Lat": 22.2121668, "Lon": 112.5701022, "geometric_height": 29625, "TId": "CES5736", "gsp": 415.5, "tan": 227.4389648}, "windSpd_kt": 58.552, "windDir_deg": 84.655, "temperature_K": 491.698, "address": "780add", "createdAt": "06:58:14.858887"}