{"time": 25287.093965311, "bds50": {"value": {"rol": 0.9, "tan": 259.98, "gsp": 294, "tanR": -0.062, "tas": 316}, "time": 25286.812026087, "msg": "02188d0696ff8b72c4e7919600a800181180bb8f24fff49e780612"}, "bds60": {"value": {"mhd": 262.266, "ias": 250, "mach": 0.488, "bar": -1152, "ivv": -1024}, "time": 25287.093965311, "msg": "02188d0696ff9c40d1ff819700a0000935dd49f51ebee7e0780612"}, "df17": {"time": 25286.0703125, "Lat": 22.841177, "Lon": 114.8481774, "geometric_height": 14675, "TId": "CES5343", "gsp": 294.4, "tan": 260.0244141}, "windSpd_kt": 25.137, "windDir_deg": 110.075, "temperature_K": 552.068, "address": "780612", "createdAt": "07:01:27.130971"}