{"time": 25100.385642397, "bds50": {"value": {"rol": 0.9, "tan": 158.027, "gsp": 260, "tanR": 0.156, "tas": 262}, "time": 25100.385642397, "msg": "02188d0696d42391e79d818100a800052980b70720a02c837815a3"}, "bds60": {"value": {"mhd": 162.246, "ias": 230, "mach": 0.404, "bar": -896, "ivv": -832}, "time": 25100.376957307, "msg": "02188d0696d4230d617b808700a00005bfb9b9cd197f27e67815a3"}, "df17": {"time": 25100.1015625, "Lat": 22.635355, "Lon": 113.5152912, "geometric_height": 8975, "TId": "EPA6236", "gsp": 260.2, "tan": 157.8735352}, "windSpd_kt": 19.318, "windDir_deg": 64.198, "temperature_K": 553.73, "address": "7815a3", "createdAt": "06:58:20.419608"}