{"time": 25207.2779905, "bds50": {"value": {"rol": 10.4, "tan": 274.219, "gsp": 206, "tanR": 0.969, "tas": 196}, "time": 25207.2779905, "msg": "02188d0696ed06d9b264919700a80013a7877c3119e0fc627813f7"}, "bds60": {"value": {"mhd": 278.086, "ias": 189, "mach": 0.3, "bar": -64, "ivv": 0}, "time": 25206.527147509, "msg": "02188d0696ecda18bdf5918a00a0000236e2e97b12fff4007813f7"}, "df17": {"time": 25206.703125, "Lat": 22.9223728, "Lon": 113.4003639, "geometric_height": 2975, "TId": "CSN3092", "gsp": 204.1, "tan": 271.1206055}, "windSpd_kt": 16.848, "windDir_deg": -137.462, "temperature_K": 561.988, "address": "7813f7", "createdAt": "07:00:07.315242"}