{"time": 25180.308871005, "bds50": {"value": {"rol": -0.5, "tan": 262.441, "gsp": 406, "tanR": null, "tas": 462}, "time": 25180.308871005, "msg": "02188d0696e6bf5d975d818e00a8000925ffbbab32fffce77809c2"}, "bds60": {"value": {"mhd": 262.969, "ias": 311, "mach": 0.748, "bar": -32, "ivv": 0}, "time": 25180.140591811, "msg": "02188d0696e6b555dac3809f00a0001098dd8a6f2efffc007809c2"}, "df17": {"time": 25180.1484375, "Lat": 23.3209062, "Lon": 115.775857, "geometric_height": 27025, "TId": "CES2476", "gsp": 407.6, "tan": 262.3864746}, "windSpd_kt": 56.142, "windDir_deg": 86.79, "temperature_K": 502.272, "address": "7809c2", "createdAt": "06:59:40.350518"}