{"time": 25155.146035288, "bds50": {"value": {"rol": -0.2, "tan": 108.984, "gsp": 368, "tanR": 0.0, "tas": 342}, "time": 25155.146035288, "msg": "02188d0696e0e38b3058827a00a8001f29fff4d92e2004ab780813"}, "bds60": {"value": {"mhd": 113.027, "ias": 266, "mach": 0.528, "bar": 1408, "ivv": 1504}, "time": 25155.135603075, "msg": "02188d0696e0e2ec0183807f00a0000a18a83a152121642f780813"}, "df17": {"time": 25154.4296875, "Lat": 22.2840285, "Lon": 114.1796637, "geometric_height": 16000, "TId": "B7797", "gsp": 367.2, "tan": 109.0777588}, "windSpd_kt": 36.089, "windDir_deg": 67.06, "temperature_K": 552.386, "address": "780813", "createdAt": "06:59:15.221855"}