{"time": 25268.443589075, "bds50": {"value": {"rol": -0.4, "tan": 247.852, "gsp": 264, "tanR": -0.125, "tas": 264}, "time": 25267.679385176, "msg": "02188d0696fb170dd658806f00a800160fffdb05213fe484780a49"}, "bds60": {"value": {"mhd": 248.906, "ias": 230, "mach": 0.404, "bar": -1120, "ivv": -1120}, "time": 25268.443589075, "msg": "02188d0696fb449aa9d3806d00a0000614d889cd197eefdd780a49"}, "df17": {"time": 25268.328125, "Lat": 22.157321, "Lon": 114.0530419, "geometric_height": 9150, "TId": "CPA495", "gsp": 263.7, "tan": 247.7142334}, "windSpd_kt": 4.856, "windDir_deg": 158.379, "temperature_K": 562.216, "address": "780a49", "createdAt": "07:01:08.481541"}