{"time": 25149.746169593, "bds50": {"value": {"rol": 10.5, "tan": 346.289, "gsp": 194, "tanR": 1.062, "tas": 190}, "time": 25148.609491142, "msg": "02188d0696df5def70c6908900a800111d879f651861145f780a9b"}, "bds60": {"value": {"mhd": 355.078, "ias": 182, "mach": 0.288, "bar": -800, "ivv": -768}, "time": 25149.746169593, "msg": "02188d0696dfa1afc6f9918300a800111dfe496d123f3fe8780a9b"}, "df17": {"time": 25149.515625, "Lat": 22.2214794, "Lon": 113.7304688, "geometric_height": 2725, "TId": "CPA188", "gsp": 193.8, "tan": 347.1844482}, "windSpd_kt": 29.692, "windDir_deg": -91.597, "temperature_K": 573.034, "address": "780a9b", "createdAt": "06:59:09.787183"}