{"time": 25243.417887156, "bds50": {"value": {"rol": -1.2, "tan": 356.484, "gsp": 172, "tanR": -0.156, "tas": 172}, "time": 25243.417887156, "msg": "02188d0696f570f4c1b4807e00a8000435ff3fd915bfdc56780447"}, "bds60": {"value": {"mhd": 0.527, "ias": 166, "mach": 0.26, "bar": -288, "ivv": -512}, "time": 25243.402770944, "msg": "02188d0696f5700e1a00807e00a00001bc80394d107fbff0780447"}, "df17": {"time": 25242.6953125, "Lat": 22.4863529, "Lon": 113.8696003, "geometric_height": 2350, "TId": "CSZ9902", "gsp": 171.4, "tan": 356.6546631}, "windSpd_kt": 12.134, "windDir_deg": -91.494, "temperature_K": 576.192, "address": "780447", "createdAt": "07:00:43.454461"}