{"time": 25267.564634495, "bds50": {"value": {"rol": 0.4, "tan": 263.672, "gsp": 310, "tanR": 0.031, "tas": 342}, "time": 25267.427598017, "msg": "02188d0696fb080bdec1809400a8001125805bb926e00cab7805e0"}, "bds60": {"value": {"mhd": 266.133, "ias": 261, "mach": 0.536, "bar": -1120, "ivv": -1056}, "time": 25267.564634495, "msg": "02188d0696fb1036e17f818d00a0000b14deaa0b21beefdf7805e0"}, "df17": {"time": 25266.375, "Lat": 22.8763247, "Lon": 115.1557517, "geometric_height": 17625, "TId": "CXA8643", "gsp": 310.9, "tan": 263.7213135}, "windSpd_kt": 34.922, "windDir_deg": 108.539, "temperature_K": 536.02, "address": "7805e0", "createdAt": "07:01:07.600290"}