{"time": 25115.79945308, "bds50": {"value": {"rol": -19.9, "tan": 328.359, "gsp": 272, "tanR": -1.406, "tas": 274}, "time": 25114.846723194, "msg": "02188d0696d781847c7a919700a8001812f1fe99223e9c89780c75"}, "bds60": {"value": {"mhd": 320.977, "ias": 231, "mach": 0.416, "bar": -1056, "ivv": -1024}, "time": 25115.79945308, "msg": "02188d0696d7ba4dfd98808e00a8001812f229cf1a3effe0780c75"}, "df17": {"time": 25114.984375, "Lat": 23.2690001, "Lon": 113.7813449, "geometric_height": 10425, "TId": "CSN644", "gsp": 272.5, "tan": 328.3538818}, "windSpd_kt": 35.206, "windDir_deg": 57.918, "temperature_K": 571.178, "address": "780c75", "createdAt": "06:58:35.836632"}