{"time": 25185.054534891, "bds50": {"value": {"rol": -0.2, "tan": 228.34, "gsp": 394, "tanR": 0.0, "tas": 448}, "time": 25184.219944401, "msg": "02188d0696e7a87bd5d181a600a0001338fffa27316004e0780193"}, "bds60": {"value": {"mhd": 234.668, "ias": 280, "mach": 0.74, "bar": 64, "ivv": 0}, "time": 25185.054534891, "msg": "02188d0696e7da3aaceb82a900a0001338d37a312e601400780193"}, "df17": {"time": 25184.828125, "Lat": 23.3161426, "Lon": 117.6095867, "geometric_height": 31750, "TId": "CPA367", "gsp": 393.1, "tan": 228.4002686}, "windSpd_kt": 71.182, "windDir_deg": 92.263, "temperature_K": 482.558, "address": "780193", "createdAt": "06:59:45.100775"}