{"time": 25289.318920569, "bds50": {"value": {"rol": 0.4, "tan": 227.109, "gsp": 358, "tanR": null, "tas": 450}, "time": 25289.313688802, "msg": "02188d069700208f1ce280a100a00015bc805a192cfffce178124a"}, "bds60": {"value": {"mhd": 237.305, "ias": 262, "mach": 0.76, "bar": 32, "ivv": 0}, "time": 25289.318920569, "msg": "02188d06970020def179829d00a00015bcd46a0d2fa00c0078124a"}, "df17": {"time": 25284.8984375, "Lat": 26.0513306, "Lon": 115.0289583, "geometric_height": 35725, "TId": "CSH9309", "gsp": 358.8, "tan": 227.1478271}, "windSpd_kt": 116.414, "windDir_deg": 90.286, "temperature_K": 461.59, "address": "78124a", "createdAt": "07:01:29.376996"}