{"time": 25278.848884096, "bds50": {"value": {"rol": 0.0, "tan": 268.418, "gsp": 372, "tanR": 0.0, "tas": 412}, "time": 25278.848884096, "msg": "02188d0696fdb0cedd80809500a8001ab0801bef2ea004ce789207"}, "bds60": {"value": {"mhd": 268.242, "ias": 281, "mach": 0.668, "bar": -1440, "ivv": -1312}, "time": 25278.834836063, "msg": "02188d0696fdaff8825f809600a0000fb8df6a3329fe9fd7789207"}, "df17": {"time": 25277.8359375, "Lat": 22.2934055, "Lon": 115.7180929, "geometric_height": 25850, "TId": "HKE619", "gsp": 372.2, "tan": 268.4619141}, "windSpd_kt": 40.018, "windDir_deg": 86.606, "temperature_K": 500.84, "address": "789207", "createdAt": "07:01:18.885946"}