{"time": 25239.919295714, "bds50": {"value": {"rol": 1.1, "tan": 246.621, "gsp": 264, "tanR": 0.094, "tas": 278}, "time": 25239.919295714, "msg": "02188d0696f4a06c7ce2807900a8000e2e80daf721201c8b789211"}, "bds60": {"value": {"mhd": 248.379, "ias": 231, "mach": 0.424, "bar": -128, "ivv": -64}, "time": 25239.117536657, "msg": "02188d0696f470a29d91807900a0000790d859cf1abfe7fe789211"}, "df17": {"time": 25239.609375, "Lat": 22.2385168, "Lon": 114.2682409, "geometric_height": 11550, "TId": "CRK611", "gsp": 263.5, "tan": 246.7419434}, "windSpd_kt": 16.282, "windDir_deg": 98.209, "temperature_K": 565.998, "address": "789211", "createdAt": "07:00:39.953189"}