{"time": 25300.074353488, "bds50": {"value": {"rol": 28.5, "tan": 119.883, "gsp": 236, "tanR": 2.25, "tas": 248}, "time": 25299.190711282, "msg": "02188d0697026d4683f2807c00a80018ad9455551da2447c880858"}, "bds60": {"value": {"mhd": 132.891, "ias": 229, "mach": 0.376, "bar": 928, "ivv": 704}, "time": 25300.074353488, "msg": "02188d069702a1f1d350908300a0000395af49cb17a0ec16880858"}, "df17": {"time": 25299.7421875, "Lat": 22.3317075, "Lon": 114.0518188, "geometric_height": 5000, "TId": "AIQ521", "gsp": 236.4, "tan": 122.2119141}, "windSpd_kt": 56.105, "windDir_deg": 24.118, "temperature_K": 572.776, "address": "880858", "createdAt": "07:01:40.115628"}