{"time": 25190.005976252, "bds50": {"value": {"rol": -1.4, "tan": 237.832, "gsp": 450, "tanR": -0.094, "tas": 492}, "time": 25189.994024205, "msg": "02188d0696e900a54d0d81a400a0001998ff1a93387fecf688002d"}, "bds60": {"value": {"mhd": 237.656, "ias": 263, "mach": 0.86, "bar": 32, "ivv": -32}, "time": 25190.005976252, "msg": "02188d0696e9015bacbc81a400a0001998d48a0f35e00fff88002d"}, "df17": {"time": 25189.890625, "Lat": 18.5293651, "Lon": 111.8479872, "geometric_height": null, "TId": "THA683", "gsp": null, "tan": null}, "windSpd_kt": 42.025, "windDir_deg": 55.771, "temperature_K": 430.914, "address": "88002d", "createdAt": "06:59:50.045922"}