{"time": 25298.58880516, "bds50": {"value": {"rol": -0.2, "tan": 216.562, "gsp": 404, "tanR": null, "tas": 464}, "time": 25298.581086083, "msg": "02188d06970248f05f83919000a000149cfff9a132bffce87810e6"}, "bds60": {"value": {"mhd": 224.648, "ias": 281, "mach": 0.776, "bar": -128, "ivv": 0}, "time": 25298.58880516, "msg": "02188d06970249662828909800a000149ccfea3330bfe4007810e6"}, "df17": {"time": 25298.5546875, "Lat": 24.0571189, "Lon": 114.1859508, "geometric_height": 33900, "TId": "CQH8895", "gsp": 404.5, "tan": 216.5570068}, "windSpd_kt": 85.6, "windDir_deg": 86.243, "temperature_K": 470.728, "address": "7810e6", "createdAt": "07:01:38.624414"}