{"time": 25128.638351469, "bds50": {"value": {"rol": 0.5, "tan": 319.922, "gsp": 206, "tanR": 0.031, "tas": 206}, "time": 25128.638351469, "msg": "02188d0696dab790086d807900a8000e94807e3919e00c6779a054"}, "bds60": {"value": {"mhd": 320.625, "ias": 182, "mach": 0.316, "bar": -576, "ivv": -448}, "time": 25128.566503357, "msg": "02188d0696dab347b7bd807900a000051ff2096d13ff77f279a054"}, "df17": {"time": 25127.7890625, "Lat": 22.7584577, "Lon": 114.2114854, "geometric_height": 7775, "TId": "CSN6325", "gsp": 208.5, "tan": 319.6691895}, "windSpd_kt": 2.528, "windDir_deg": -129.727, "temperature_K": 559.524, "address": "79a054", "createdAt": "06:58:48.679867"}