{"time": 25270.36314062, "bds50": {"value": {"rol": -0.5, "tan": 197.93, "gsp": 326, "tanR": 0.031, "tas": 342}, "time": 25270.36314062, "msg": "02188d0696fbb704b20c818600a8001029ffb8cd28e00cab78135d"}, "bds60": {"value": {"mhd": 202.852, "ias": 281, "mach": 0.524, "bar": -32, "ivv": 0}, "time": 25269.823830255, "msg": "02188d0696fb96df78ef818a00a0000810c82a3320fffc0078135d"}, "df17": {"time": 25268.640625, "Lat": 22.8153849, "Lon": 113.1177878, "geometric_height": 12350, "TId": "CSN3759", "gsp": 325.2, "tan": 198.0999756}, "windSpd_kt": 32.837, "windDir_deg": 81.26, "temperature_K": 560.85, "address": "78135d", "createdAt": "07:01:10.401784"}