{"time": 25168.737451171, "bds50": {"value": {"rol": -0.2, "tan": 268.418, "gsp": 436, "tanR": 0.0, "tas": 494}, "time": 25168.737451171, "msg": "02188d0696e40da7bca3809800a8001f3efffbef36a004f7a7f08e"}, "bds60": {"value": {"mhd": 270.0, "ias": 292, "mach": 0.824, "bar": -2112, "ivv": -2144}, "time": 25168.703693868, "msg": "02188d0696e40ba4a42c809700a000153fe00a4933bdf7bda7f08e"}, "df17": {"time": 25167.6640625, "Lat": 22.3075032, "Lon": 116.2668729, "geometric_height": 35400, "TId": "UPS62", "gsp": 436.2, "tan": 268.4234619}, "windSpd_kt": 59.399, "windDir_deg": 101.692, "temperature_K": 473.214, "address": "a7f08e", "createdAt": "06:59:28.781058"}