{"time": 25288.36293989, "bds50": {"value": {"rol": -1.1, "tan": 70.488, "gsp": 168, "tanR": 0.0, "tas": 174}, "time": 25287.216816228, "msg": "02188d0696ffa3936064808600a8000a32ff53231520045786eee4"}, "bds60": {"value": {"mhd": 73.125, "ias": 171, "mach": 0.264, "bar": 2464, "ivv": 2624}, "time": 25288.36293989, "msg": "02188d0696ffe7e3d5f2807400a8000a329a095710a26c5286eee4"}, "df17": {"time": 25288, "Lat": 22.3079753, "Lon": 113.9347243, "geometric_height": 875, "TId": "ANA860", "gsp": 168.5, "tan": 70.5981445}, "windSpd_kt": 9.895, "windDir_deg": -55.51, "temperature_K": 571.938, "address": "86eee4", "createdAt": "07:01:28.397936"}