{"time": 25214.061806041, "bds50": {"value": {"rol": 0.2, "tan": 165.059, "gsp": 400, "tanR": null, "tas": 404}, "time": 25213.838596545, "msg": "02188d0696ee8de499c1829a00a8001c8f803757323ffcca781325"}, "bds60": {"value": {"mhd": 177.539, "ias": 271, "mach": 0.66, "bar": 0, "ivv": 32}, "time": 25214.061806041, "msg": "02188d0696ee9b3281d991a200a0001098bf2a1f29600401781325"}, "df17": {"time": 25212.984375, "Lat": 25.3038311, "Lon": 114.2123652, "geometric_height": 26850, "TId": "CCA1671", "gsp": 399.2, "tan": 165.1959229}, "windSpd_kt": 87.48, "windDir_deg": 78.694, "temperature_K": 493.324, "address": "781325", "createdAt": "07:00:14.097546"}