{"time": 25251.325437331, "bds50": {"value": {"rol": -0.2, "tan": 168.926, "gsp": 258, "tanR": null, "tas": 258}, "time": 25251.325437331, "msg": "02188d0696f748486593818900a8001d90fff783207ffc81780f53"}, "bds60": {"value": {"mhd": 173.145, "ias": 229, "mach": 0.396, "bar": -1280, "ivv": -1216}, "time": 25251.314238674, "msg": "02188d0696f7479d84d2828b00a000053dbd99cb18fec7da780f53"}, "df17": {"time": 25251.3359375, "Lat": 22.7420211, "Lon": 113.4592652, "geometric_height": null, "TId": "CUA5867", "gsp": 259.9, "tan": 168.9038086}, "windSpd_kt": 18.994, "windDir_deg": 81.035, "temperature_K": 558.864, "address": "780f53", "createdAt": "07:00:51.368977"}