{"time": 25156.048471022, "bds50": {"value": {"rol": 26.2, "tan": 346.992, "gsp": 250, "tanR": 2.062, "tas": 240}, "time": 25156.048471022, "msg": "02188d0696e1195543ee807f00a8001b2592bf6d1f621478780714"}, "bds60": {"value": {"mhd": 351.562, "ias": 223, "mach": 0.364, "bar": 2400, "ivv": 2272}, "time": 25155.176092213, "msg": "02188d0696e0e555d235808d00a0000334fd09bf16e25c47780714"}, "df17": {"time": 25155.9921875, "Lat": 22.7659464, "Lon": 113.7406826, "geometric_height": 4600, "TId": "CQH8906", "gsp": 249.4, "tan": 347.0251465}, "windSpd_kt": 21.943, "windDir_deg": -73.635, "temperature_K": 572.37, "address": "780714", "createdAt": "06:59:16.115234"}