{"time": 25238.644872518, "bds50": {"value": {"rol": 4.2, "tan": 85.254, "gsp": 282, "tanR": 0.25, "tas": 272}, "time": 25238.600018625, "msg": "02188d0696f451c9eac1808a00a8000a308313cb236044887804c9"}, "bds60": {"value": {"mhd": 90.879, "ias": 245, "mach": 0.416, "bar": 864, "ivv": 832}, "time": 25238.644872518, "msg": "02188d0696f454765546808800a000049ea059eb1a20dc1a7804c9"}, "df17": {"time": 25238.46875, "Lat": 23.5255051, "Lon": 113.4177232, "geometric_height": 6850, "TId": "CSN379", "gsp": 281.2, "tan": 84.6936035}, "windSpd_kt": 28.96, "windDir_deg": 18.241, "temperature_K": 562.872, "address": "7804c9", "createdAt": "07:00:38.681080"}