{"time": 25098.771670504, "bds50": {"value": {"rol": 0.0, "tan": 145.898, "gsp": 226, "tanR": null, "tas": 230}, "time": 25098.762618029, "msg": "02188d0696d3c2d484ad808900a000043380167d1c7ffc73781433"}, "bds60": {"value": {"mhd": 150.82, "ias": 209, "mach": 0.352, "bar": -960, "ivv": -960}, "time": 25098.771670504, "msg": "02188d0696d3c35ea5e8808900a0000433b5a9a3163f17e2781433"}, "df17": {"time": 25097.1640625, "Lat": 22.5467348, "Lon": 113.5507393, "geometric_height": 6225, "TId": "CSZ9504", "gsp": 227.0, "tan": 145.9588623}, "windSpd_kt": 19.984, "windDir_deg": 46.823, "temperature_K": 562.118, "address": "781433", "createdAt": "06:58:18.810133"}