{"time": 25212.297815256, "bds50": {"value": {"rol": 2.6, "tan": 183.516, "gsp": 304, "tanR": 0.156, "tas": 310}, "time": 25212.297815256, "msg": "02188d0696ee320e24d8808000a8001ca581f82926202c9b8880ca"}, "bds60": {"value": {"mhd": 186.855, "ias": 279, "mach": 0.476, "bar": 128, "ivv": 64}, "time": 25211.191923764, "msg": "02188d0696edf0239434807e00a00004b7c27a2f1de024028880ca"}, "df17": {"time": 25212.1875, "Lat": 22.1461201, "Lon": 114.0853786, "geometric_height": 7100, "TId": "HVN593", "gsp": 303.4, "tan": 183.213501}, "windSpd_kt": 18.867, "windDir_deg": 76.651, "temperature_K": 558.428, "address": "8880ca", "createdAt": "07:00:12.338673"}