{"time": 25266.47853158, "bds50": {"value": {"rol": 0.2, "tan": 162.246, "gsp": 424, "tanR": 0.031, "tas": 420}, "time": 25266.47853158, "msg": "02188d0696facf7a43fc808a00a8001e2480373735200cd27813bd"}, "bds60": {"value": {"mhd": 169.453, "ias": 304, "mach": 0.668, "bar": 1440, "ivv": 1504}, "time": 25265.629537294, "msg": "02188d0696fa9cdfa40e808800a0000d94bc4a6129e16c2f7813bd"}, "df17": {"time": 25266.3828125, "Lat": 22.5874186, "Lon": 113.3412695, "geometric_height": 21850, "TId": "CSN335", "gsp": 424.1, "tan": 162.2900391}, "windSpd_kt": 53.197, "windDir_deg": 80.153, "temperature_K": 520.48, "address": "7813bd", "createdAt": "07:01:06.512235"}