{"time": 25143.170009246, "bds50": {"value": {"rol": 0.2, "tan": 263.496, "gsp": 312, "tanR": 0.0, "tas": 346}, "time": 25142.774343725, "msg": "02188d0696de0222282d819500a8001811803bb7272004ad780612"}, "bds60": {"value": {"mhd": 266.133, "ias": 259, "mach": 0.544, "bar": -1984, "ivv": -1952}, "time": 25143.170009246, "msg": "02188d0696de19b7889e819600a0000b9cdeaa07223e17c3780612"}, "df17": {"time": 25142.28125, "Lat": 22.8660893, "Lon": 115.0632262, "geometric_height": 18750, "TId": "CES5343", "gsp": 312.0, "tan": 263.5565186}, "windSpd_kt": 37.211, "windDir_deg": 108.824, "temperature_K": 532.614, "address": "780612", "createdAt": "06:59:03.204896"}