{"time": 25209.387839924, "bds50": {"value": {"rol": -0.4, "tan": 112.148, "gsp": 178, "tanR": 0.062, "tas": 178}, "time": 25209.376866723, "msg": "02188d0696ed83f401a3808000a0000316ffd4fd166014597811e2"}, "bds60": {"value": {"mhd": 115.84, "ias": 166, "mach": 0.272, "bar": -1120, "ivv": -1152}, "time": 25209.387839924, "msg": "02188d0696ed849b71b4807f00a0000316a9394d113eefdc7811e2"}, "df17": {"time": 25208.9453125, "Lat": 22.4567842, "Lon": 113.7590933, "geometric_height": 4225, "TId": "CSC8783", "gsp": 178.0, "tan": 112.098999}, "windSpd_kt": 11.468, "windDir_deg": 23.994, "temperature_K": 563.846, "address": "7811e2", "createdAt": "07:00:09.421126"}