{"time": 25101.325938254, "bds50": {"value": {"rol": -0.2, "tan": 267.715, "gsp": 266, "tanR": null, "tas": 278}, "time": 25101.325938254, "msg": "02188d0696d45b9dae4e807f00a8000e2efffbe7217ffc8b789211"}, "bds60": {"value": {"mhd": 268.242, "ias": 230, "mach": 0.424, "bar": -512, "ivv": -512}, "time": 25101.318704601, "msg": "02188d0696d45b2f4dd9807e00a0000798df69cd1abf87f0789211"}, "df17": {"time": 25100.484375, "Lat": 22.2536874, "Lon": 114.449923, "geometric_height": 11775, "TId": "CRK611", "gsp": 266.1, "tan": 267.8466797}, "windSpd_kt": 12.258, "windDir_deg": 99.755, "temperature_K": 565.998, "address": "789211", "createdAt": "06:58:21.359254"}