{"time": 25111.210253816, "bds50": {"value": {"rol": -0.7, "tan": 262.441, "gsp": 408, "tanR": null, "tas": 464}, "time": 25110.598149404, "msg": "02188d0696d68448651c829b00a8000925ff9bab333ffce87809c2"}, "bds60": {"value": {"mhd": 262.969, "ias": 312, "mach": 0.752, "bar": 0, "ivv": 0}, "time": 25111.210253816, "msg": "02188d0696d6a8c45df8829500a0001098dd8a712f2004007809c2"}, "df17": {"time": 25111.046875, "Lat": 23.338201, "Lon": 115.9158468, "geometric_height": 27025, "TId": "CES2476", "gsp": 407.6, "tan": 262.3864746}, "windSpd_kt": 56.143, "windDir_deg": 86.809, "temperature_K": 501.254, "address": "7809c2", "createdAt": "06:58:31.253088"}