{"time": 25257.769748441, "bds50": {"value": {"rol": -0.2, "tan": 227.285, "gsp": 406, "tanR": null, "tas": 458}, "time": 25257.769748441, "msg": "02188d0696f8c864c7d981a500a8001098fffa1b32fffce5780add"}, "bds60": {"value": {"mhd": 231.152, "ias": 285, "mach": 0.756, "bar": 64, "ivv": 64}, "time": 25257.493754671, "msg": "02188d0696f8b7f1732f81a500a000133cd23a3b2f601402780add"}, "df17": {"time": 25257.609375, "Lat": 22.000165, "Lon": 112.3235106, "geometric_height": 31850, "TId": "CES5736", "gsp": 406.9, "tan": 227.2906494}, "windSpd_kt": 59.588, "windDir_deg": 78.507, "temperature_K": 483.22, "address": "780add", "createdAt": "07:00:57.837118"}