{"time": 25151.73825228, "bds50": {"value": {"rol": 0.5, "tan": 334.336, "gsp": 346, "tanR": 0.031, "tas": 348}, "time": 25151.73825228, "msg": "02188d0696e0186c8bf8808700a0000919807edd2b600cae780bcf"}, "bds60": {"value": {"mhd": 333.457, "ias": 279, "mach": 0.536, "bar": -576, "ivv": -480}, "time": 25151.003571251, "msg": "02188d0696dfeca23433808700a0000919f69a2f21bf77f1780bcf"}, "df17": {"time": 25150.921875, "Lat": 22.941792, "Lon": 113.9283299, "geometric_height": 14325, "TId": "CSN3070", "gsp": 347.6, "tan": 334.2480469}, "windSpd_kt": 5.687, "windDir_deg": 84.487, "temperature_K": 554.992, "address": "780bcf", "createdAt": "06:59:11.781163"}