{"time": 25282.885764411, "bds50": {"value": {"rol": -0.2, "tan": 215.508, "gsp": 422, "tanR": null, "tas": 454}, "time": 25282.880278147, "msg": "02188d0696fea1190e8381a900a00015b8fff99534fffce370e063"}, "bds60": {"value": {"mhd": 218.672, "ias": 265, "mach": 0.764, "bar": -32, "ivv": -32}, "time": 25282.885764411, "msg": "02188d0696fea16cc53b81a900a00015b8cdca132fffffff70e063"}, "df17": {"time": 25281.4375, "Lat": 19.1515946, "Lon": 112.6139402, "geometric_height": 36050, "TId": "MKR978", "gsp": 422.1, "tan": 215.6506348}, "windSpd_kt": 40.101, "windDir_deg": 74.181, "temperature_K": 464.924, "address": "70e063", "createdAt": "07:01:22.928963"}