{"time": 25136.664919397, "bds50": {"value": {"rol": 0.2, "tan": 70.137, "gsp": 158, "tanR": null, "tas": 168}, "time": 25136.664919397, "msg": "02188d0696dc95fbbd65808700a8001f2e80331f13c00454780170"}, "bds60": {"value": {"mhd": 72.773, "ias": 161, "mach": 0.252, "bar": -832, "ivv": -864}, "time": 25136.657655509, "msg": "02188d0696dc958ce6d5808700a00001bd99e9430fff37e5780170"}, "df17": {"time": 25136.40625, "Lat": 22.271347, "Lon": 113.7759161, "geometric_height": 2375, "TId": "CPA543", "gsp": 157.1, "tan": 70.2960205}, "windSpd_kt": 12.497, "windDir_deg": -71.673, "temperature_K": 585.16, "address": "780170", "createdAt": "06:58:56.709766"}