{"time": 25295.008004965, "bds50": {"value": {"rol": 0.0, "tan": 334.512, "gsp": 442, "tanR": null, "tas": 442}, "time": 25294.742240469, "msg": "02188d06970164203cd5808600a80009bb801edf377ffcdd78115c"}, "bds60": {"value": {"mhd": 331.348, "ias": 302, "mach": 0.716, "bar": 64, "ivv": 0}, "time": 25295.008004965, "msg": "02188d06970173f77b65828100a0001010f5da5d2ce0140078115c"}, "df17": {"time": 25294.515625, "Lat": 22.9041982, "Lon": 113.9477921, "geometric_height": 26000, "TId": "CCA112", "gsp": 442.3, "tan": 334.418335}, "windSpd_kt": 24.405, "windDir_deg": 62.93, "temperature_K": 501.738, "address": "78115c", "createdAt": "07:01:35.068879"}