{"time": 25140.668298869, "bds50": {"value": {"rol": 0.2, "tan": 70.84, "gsp": 136, "tanR": 0.344, "tas": 140}, "time": 25140.668298869, "msg": "02188d0696dd849a7675908a00a80018b780332711205c46780a71"}, "bds60": {"value": {"mhd": 71.016, "ias": 138, "mach": 0.212, "bar": -704, "ivv": -704}, "time": 25140.652809525, "msg": "02188d0696dd83ae1d35908a00a00001199949150d7f57ea780a71"}, "df17": {"time": 25139.859375, "Lat": 22.2935557, "Lon": 113.84413, "geometric_height": 1100, "TId": "HKE553", "gsp": 135.6, "tan": 70.6311035}, "windSpd_kt": 4.022, "windDir_deg": -103.023, "temperature_K": 574.172, "address": "780a71", "createdAt": "06:59:00.704774"}