{"time": 25198.995175002, "bds50": {"value": {"rol": -11.1, "tan": 243.105, "gsp": 194, "tanR": -1.125, "tas": 202}, "time": 25198.995175002, "msg": "02188d0696eb1927f65a808000a8000e94f83acf187ee46579a054"}, "bds60": {"value": {"mhd": 243.105, "ias": 182, "mach": 0.312, "bar": -832, "ivv": -832}, "time": 25198.987954191, "msg": "02188d0696eb18b9c80f807e00a000049fd6796d13bf37e679a054"}, "df17": {"time": 25198.71875, "Lat": 22.789228, "Lon": 114.1573048, "geometric_height": 6925, "TId": "CSN6325", "gsp": 194.7, "tan": 244.753418}, "windSpd_kt": 8.0, "windDir_deg": 63.105, "temperature_K": 551.888, "address": "79a054", "createdAt": "06:59:59.034468"}