{"time": 25112.753213252, "bds50": {"value": {"rol": 0.5, "tan": 260.156, "gsp": 342, "tanR": 0.031, "tas": 368}, "time": 25112.746160051, "msg": "02188d0696d704506fb3808800a00009ba807b912ae00cb8780e17"}, "bds60": {"value": {"mhd": 262.793, "ias": 289, "mach": 0.572, "bar": -1088, "ivv": -1024}, "time": 25112.753213252, "msg": "02188d0696d704bc0f44808900a00009badd7a4323fef7e0780e17"}, "df17": {"time": 25112.6015625, "Lat": 22.8315854, "Lon": 114.7962499, "geometric_height": 15750, "TId": "CDC8835", "gsp": 343.0, "tan": 260.2606201}, "windSpd_kt": 30.701, "windDir_deg": 113.625, "temperature_K": 544.956, "address": "780e17", "createdAt": "06:58:32.788561"}