{"time": 25124.088617531, "bds50": {"value": {"rol": 0.4, "tan": 83.496, "gsp": 480, "tanR": 0.0, "tas": 430}, "time": 25124.088617531, "msg": "02188d0696d9a8609a3b828800a8000a318053b73c2004d77813e0"}, "bds60": {"value": {"mhd": 88.066, "ias": 282, "mach": 0.7, "bar": 0, "ivv": 0}, "time": 25123.358804743, "msg": "02188d0696d97ce08b07818900a00011309f5a352be004007813e0"}, "df17": {"time": 25124.1015625, "Lat": 22.9935479, "Lon": 113.3977675, "geometric_height": 28100, "TId": "OKA2720", "gsp": 481.0, "tan": 83.5565186}, "windSpd_kt": 61.745, "windDir_deg": 49.793, "temperature_K": 496.82, "address": "7813e0", "createdAt": "06:58:44.138883"}