{"time": 25151.716693616, "bds50": {"value": {"rol": 0.5, "tan": 225.527, "gsp": 426, "tanR": 0.0, "tas": 472}, "time": 25151.716693616, "msg": "02188d0696e017239670829700a800193c807a07356004ec7805f8"}, "bds60": {"value": {"mhd": 230.625, "ias": 308, "mach": 0.772, "bar": -32, "ivv": 0}, "time": 25150.618671228, "msg": "02188d0696dfd5b1187c828f00a00011b8d20a69307ffc007805f8"}, "df17": {"time": 25149.2265625, "Lat": 22.670567, "Lon": 112.9462552, "geometric_height": 29100, "TId": "CSN6483", "gsp": 425.0, "tan": 225.4779053}, "windSpd_kt": 60.884, "windDir_deg": 89.069, "temperature_K": 492.16, "address": "7805f8", "createdAt": "06:59:11.760133"}