{"time": 25149.542523041, "bds50": {"value": {"rol": -25.5, "tan": 331.348, "gsp": 268, "tanR": -2.219, "tas": 260}, "time": 25149.533645833, "msg": "02188d0696df9504ec09808800a000053dedfebb21bdcc82780a22"}, "bds60": {"value": {"mhd": 328.008, "ias": 231, "mach": 0.4, "bar": -864, "ivv": -896}, "time": 25149.542523041, "msg": "02188d0696df958c60a1808800a000053df4a9cf193f2fe4780a22"}, "df17": {"time": 25149.359375, "Lat": 21.9162869, "Lon": 113.9196825, "geometric_height": 8175, "TId": "CRK108", "gsp": 267.8, "tan": 333.1494141}, "windSpd_kt": 17.341, "windDir_deg": 32.218, "temperature_K": 556.268, "address": "780a22", "createdAt": "06:59:09.591364"}