{"time": 25207.318685847, "bds50": {"value": {"rol": 0.5, "tan": 83.32, "gsp": 480, "tanR": 0.0, "tas": 430}, "time": 25207.168021796, "msg": "02188d0696ed004bb524808a00a8000a318073b53c2004d77813e0"}, "bds60": {"value": {"mhd": 87.891, "ias": 282, "mach": 0.7, "bar": 32, "ivv": 32}, "time": 25207.318685847, "msg": "02188d0696ed0946a897808b00a00011309f4a352be00c017813e0"}, "df17": {"time": 25206.515625, "Lat": 23.0144906, "Lon": 113.5949206, "geometric_height": 28100, "TId": "OKA2720", "gsp": 480.3, "tan": 83.303833}, "windSpd_kt": 61.749, "windDir_deg": 49.612, "temperature_K": 496.82, "address": "7813e0", "createdAt": "07:00:07.358758"}