{"time": 25278.105201527, "bds50": {"value": {"rol": 0.5, "tan": 222.012, "gsp": 358, "tanR": 0.094, "tas": 384}, "time": 25278.105201527, "msg": "02188d0696fd847b2b77819e00a800180e8079df2ce01cc0780c3f"}, "bds60": {"value": {"mhd": 228.867, "ias": 290, "mach": 0.6, "bar": -1024, "ivv": -1088}, "time": 25278.094891188, "msg": "02188d0696fd83ddd8b4918f00a0000b91d16a4525bf07de780c3f"}, "df17": {"time": 25275.703125, "Lat": 23.9646149, "Lon": 113.8055921, "geometric_height": 18425, "TId": "CSN6609", "gsp": 359.0, "tan": 221.9512939}, "windSpd_kt": 51.395, "windDir_deg": 105.11, "temperature_K": 539.284, "address": "780c3f", "createdAt": "07:01:18.150903"}