{"time": 25231.727820935, "bds50": {"value": {"rol": 0.7, "tan": 260.156, "gsp": 344, "tanR": 0.0, "tas": 360}, "time": 25231.727820935, "msg": "02188d0696f2b82c8087908700a8001e91809b912b2004b4780e17"}, "bds60": {"value": {"mhd": 262.266, "ias": 291, "mach": 0.552, "bar": -800, "ivv": -704}, "time": 25231.14786758, "msg": "02188d0696f2959b1dbc919200a000089bdd4a4722bf3fea780e17"}, "df17": {"time": 25230.6875, "Lat": 22.7991414, "Lon": 114.5935392, "geometric_height": 13650, "TId": "CDC8835", "gsp": 345.2, "tan": 260.15625}, "windSpd_kt": 20.59, "windDir_deg": 120.228, "temperature_K": 559.996, "address": "780e17", "createdAt": "07:00:31.769315"}