{"time": 25161.121000403, "bds50": {"value": {"rol": -0.2, "tan": 248.027, "gsp": 264, "tanR": 0.0, "tas": 278}, "time": 25160.746318326, "msg": "02188d0696e23158b9f6807b00a800160ffffb072120048b780a49"}, "bds60": {"value": {"mhd": 249.961, "ias": 231, "mach": 0.424, "bar": -1024, "ivv": -992}, "time": 25161.121000403, "msg": "02188d0696e247adebd3807800a000071cd8e9cf1abf07e1780a49"}, "df17": {"time": 25160.8125, "Lat": 22.2063518, "Lon": 114.1831398, "geometric_height": 11050, "TId": "CPA495", "gsp": 264.3, "tan": 247.9998779}, "windSpd_kt": 16.722, "windDir_deg": 102.157, "temperature_K": 565.998, "address": "780a49", "createdAt": "06:59:21.155675"}