{"time": 25092.481461021, "bds50": {"value": {"rol": 0.0, "tan": 145.898, "gsp": 226, "tanR": -0.125, "tas": 226}, "time": 25091.353681448, "msg": "02188d0696d209391e28808900a800081480167d1c7fe471781433"}, "bds60": {"value": {"mhd": 150.645, "ias": 205, "mach": 0.344, "bar": -928, "ivv": -960}, "time": 25092.481461021, "msg": "02188d0696d24c71ab1d809200a0000437b5999b15bf1fe2781433"}, "df17": {"time": 25090.90625, "Lat": 22.552464, "Lon": 113.546555, "geometric_height": 6325, "TId": "CSZ9504", "gsp": 225.4, "tan": 146.0302734}, "windSpd_kt": 18.719, "windDir_deg": 58.271, "temperature_K": 568.274, "address": "781433", "createdAt": "06:58:12.516547"}