{"time": 25192.393212923, "bds50": {"value": {"rol": -0.2, "tan": 108.984, "gsp": 376, "tanR": 0.0, "tas": 346}, "time": 25192.393212923, "msg": "02188d0696e98fa603fb907d00a8001f29fff4d92f2004ad780813"}, "bds60": {"value": {"mhd": 113.73, "ias": 266, "mach": 0.54, "bar": 1408, "ivv": 1504}, "time": 25192.382511394, "msg": "02188d0696e98f02b922807b00a0000a9ba87a1521e1642f780813"}, "df17": {"time": 25191.578125, "Lat": 22.2630215, "Lon": 114.2448735, "geometric_height": 16925, "TId": "B7797", "gsp": 375.7, "tan": 109.1107178}, "windSpd_kt": 42.333, "windDir_deg": 66.434, "temperature_K": 540.534, "address": "780813", "createdAt": "06:59:52.440550"}