{"time": 25280.622986744, "bds50": {"value": {"rol": 0.4, "tan": 209.355, "gsp": 432, "tanR": 0.0, "tas": 464}, "time": 25280.614019415, "msg": "02188d0696fe1a04b157828a00a00012b780594f362004e870e050"}, "bds60": {"value": {"mhd": 214.805, "ias": 294, "mach": 0.764, "bar": 1088, "ivv": 1088}, "time": 25280.622986744, "msg": "02188d0696fe1a8d85f8809000a00012b7cc6a4d2fe1142270e050"}, "df17": {"time": 25280.0859375, "Lat": 21.0347199, "Lon": 113.7553811, "geometric_height": 30925, "TId": "JCC625", "gsp": 432.4, "tan": 209.3499756}, "windSpd_kt": 53.257, "windDir_deg": 85.197, "temperature_K": 485.632, "address": "70e050", "createdAt": "07:01:20.659751"}