{"time": 25263.138178272, "bds50": {"value": {"rol": 0.2, "tan": 248.027, "gsp": 264, "tanR": 0.0, "tas": 278}, "time": 25263.138178272, "msg": "02188d0696fa086084e0827f00a8280e2e803b072120048b789211"}, "bds60": {"value": {"mhd": 249.258, "ias": 230, "mach": 0.424, "bar": -96, "ivv": -192}, "time": 25263.127747763, "msg": "02188d0696fa07c15cb3827e00a028073fd8a9cd1abfeffa789211"}, "df17": {"time": 25262.53125, "Lat": 22.2278523, "Lon": 114.2404103, "geometric_height": 11550, "TId": "CRK611", "gsp": 263.2, "tan": 247.9174805}, "windSpd_kt": 15.162, "windDir_deg": 91.225, "temperature_K": 565.998, "address": "789211", "createdAt": "07:01:03.176711"}