{"time": 25269.644968838, "bds50": {"value": {"rol": 0.2, "tan": 223.066, "gsp": 398, "tanR": 0.0, "tas": 448}, "time": 25269.644968838, "msg": "02188d0696fb8c364386819800a80003ad8039eb31e004e0780193"}, "bds60": {"value": {"mhd": 229.922, "ias": 280, "mach": 0.74, "bar": -256, "ivv": 0}, "time": 25268.635551495, "msg": "02188d0696fb500bc707819900a0001338d1ca312e7fc400780193"}, "df17": {"time": 25269.34375, "Lat": 23.2096052, "Lon": 117.4882007, "geometric_height": 31750, "TId": "CPA367", "gsp": 396.8, "tan": 223.0609131}, "windSpd_kt": 71.063, "windDir_deg": 91.879, "temperature_K": 482.558, "address": "780193", "createdAt": "07:01:09.679199"}