{"time": 25209.156124824, "bds50": {"value": {"rol": -0.2, "tan": 70.488, "gsp": 498, "tanR": null, "tas": 452}, "time": 25208.738661475, "msg": "02188d0696ed5de9c463819100a0001399fff3233e4004e2780132"}, "bds60": {"value": {"mhd": 72.598, "ias": 279, "mach": 0.744, "bar": -1888, "ivv": -1824}, "time": 25209.156124824, "msg": "02188d0696ed76cbc098819100a000139899da2f2ebe2fc7780132"}, "df17": {"time": 25206.5234375, "Lat": 21.1958027, "Lon": 112.5530434, "geometric_height": 32300, "TId": "CPA750", "gsp": 499.4, "tan": 70.5871582}, "windSpd_kt": 49.206, "windDir_deg": 50.72, "temperature_K": 485.946, "address": "780132", "createdAt": "07:00:09.196695"}