{"time": 25191.048550093, "bds50": {"value": {"rol": 0.0, "tan": 229.219, "gsp": 244, "tanR": null, "tas": 266}, "time": 25190.169577884, "msg": "02188d0696e90b1c099c809300a8000d8a801a311e800485780bf6"}, "bds60": {"value": {"mhd": 232.383, "ias": 221, "mach": 0.404, "bar": -480, "ivv": 480}, "time": 25191.048550093, "msg": "02188d0696e93f8016cd809100a0000730d2a9bb197f8c0f780bf6"}, "df17": {"time": 25190.46875, "Lat": 23.6603451, "Lon": 113.4225512, "geometric_height": 11075, "TId": "CCA1339", "gsp": 243.9, "tan": 229.3231201}, "windSpd_kt": 26.113, "windDir_deg": 83.43, "temperature_K": 570.766, "address": "780bf6", "createdAt": "06:59:51.098184"}