{"time": 25216.94514739, "bds50": {"value": {"rol": 0.0, "tan": 183.516, "gsp": 380, "tanR": -0.062, "tas": 378}, "time": 25216.763610755, "msg": "02188d0696ef3c3cc683808800a8000ca88018292fbff4bd76aa77"}, "bds60": {"value": {"mhd": 189.492, "ias": 299, "mach": 0.584, "bar": 1856, "ivv": 1952}, "time": 25216.94514739, "msg": "02188d0696ef470ecdfe808800a8000ca8c36a5724a1d43d76aa77"}, "df17": {"time": 25216.5703125, "Lat": 21.6920328, "Lon": 114.0518618, "geometric_height": 14975, "TId": "JSA698", "gsp": 379.7, "tan": 183.4716797}, "windSpd_kt": 39.563, "windDir_deg": 99.398, "temperature_K": 551.59, "address": "76aa77", "createdAt": "07:00:16.983781"}