{"time": 25191.55900688, "bds50": {"value": {"rol": 0.5, "tan": 37.09, "gsp": 374, "tanR": -0.062, "tas": 342}, "time": 25191.55900688, "msg": "02188d0696e95ded0aa0808d00a0000e128071a72efff4ab781005"}, "bds60": {"value": {"mhd": 34.629, "ias": 243, "mach": 0.548, "bar": 1568, "ivv": 1472}, "time": 25191.520103833, "msg": "02188d0696e95b9b6d99808d00a0000e128c59e722618c2e781005"}, "df17": {"time": 25190.703125, "Lat": 23.8146472, "Lon": 114.4624758, "geometric_height": 22600, "TId": "CSZ9993", "gsp": 373.3, "tan": 37.0513916}, "windSpd_kt": 35.496, "windDir_deg": 61.529, "temperature_K": 512.8, "address": "781005", "createdAt": "06:59:51.596976"}