{"time": 25156.974689911, "bds50": {"value": {"rol": -0.2, "tan": 267.715, "gsp": 264, "tanR": 0.0, "tas": 278}, "time": 25156.967530327, "msg": "02188d0696e1501cff57827a00a000073ffffbe72120048b789211"}, "bds60": {"value": {"mhd": 268.066, "ias": 230, "mach": 0.424, "bar": 32, "ivv": 32}, "time": 25156.974689911, "msg": "02188d0696e1508a3e77927a00a000073fdf59cd1aa00c01789211"}, "df17": {"time": 25156.40625, "Lat": 22.2509837, "Lon": 114.3761086, "geometric_height": 11525, "TId": "CRK611", "gsp": 264.1, "tan": 267.8302002}, "windSpd_kt": 14.098, "windDir_deg": 94.653, "temperature_K": 565.998, "address": "789211", "createdAt": "06:59:17.014927"}