{"time": 25228.866186229, "bds50": {"value": {"rol": 0.2, "tan": 183.516, "gsp": 382, "tanR": 0.031, "tas": 378}, "time": 25228.651052026, "msg": "02188d0696f200c8bbfa808700a8000ca88038292fe00cbd76aa77"}, "bds60": {"value": {"mhd": 189.492, "ias": 298, "mach": 0.588, "bar": 2176, "ivv": 2176}, "time": 25228.866186229, "msg": "02188d0696f20d9b6bf5817f00a00009b2c36a5524e2244476aa77"}, "df17": {"time": 25228.78125, "Lat": 21.6697598, "Lon": 114.0504241, "geometric_height": 15475, "TId": "JSA698", "gsp": 381.7, "tan": 183.4552002}, "windSpd_kt": 39.817, "windDir_deg": 102.262, "temperature_K": 544.11, "address": "76aa77", "createdAt": "07:00:28.903468"}