{"time": 25280.161559015, "bds50": {"value": {"rol": -0.2, "tan": 248.027, "gsp": 266, "tanR": 0.0, "tas": 280}, "time": 25279.519704416, "msg": "02188d0696fdd8cac560807900a8000e2efffb072160048c789211"}, "bds60": {"value": {"mhd": 249.609, "ias": 233, "mach": 0.428, "bar": -1728, "ivv": -1792}, "time": 25280.161559015, "msg": "02188d0696fdff0cb1e7907300a0000732d8c9d31afe57c8789211"}, "df17": {"time": 25279.984375, "Lat": 22.2198486, "Lon": 114.2190599, "geometric_height": 11225, "TId": "CRK611", "gsp": 266.1, "tan": 248.1591797}, "windSpd_kt": 15.899, "windDir_deg": 97.118, "temperature_K": 563.49, "address": "789211", "createdAt": "07:01:20.194044"}