{"time": 25218.493467351, "bds50": {"value": {"rol": 0.4, "tan": 354.727, "gsp": 402, "tanR": 0.0, "tas": 392}, "time": 25218.493467351, "msg": "02188d0696efa3584ad7819400a8000621805fc5326004c47502b0"}, "bds60": {"value": {"mhd": 350.332, "ias": 250, "mach": 0.64, "bar": -512, "ivv": -480}, "time": 25218.478093025, "msg": "02188d0696efa26db2e1829400a0001216fc99f5283f87f17502b0"}, "df17": {"time": 25218.3671875, "Lat": 21.3034987, "Lon": 116.3079643, "geometric_height": 29650, "TId": "MAS358", "gsp": 401.7, "tan": 354.7155762}, "windSpd_kt": 32.043, "windDir_deg": 64.359, "temperature_K": 493.936, "address": "7502b0", "createdAt": "07:00:18.550089"}