{"time": 25144.286099576, "bds50": {"value": {"rol": -0.2, "tan": 262.617, "gsp": 386, "tanR": null, "tas": 432}, "time": 25144.286099576, "msg": "02188d0696de5c3db878929100a0000f38fffbad307ffcd87807da"}, "bds60": {"value": {"mhd": 262.969, "ias": 299, "mach": 0.696, "bar": 224, "ivv": 0}, "time": 25143.336959109, "msg": "02188d0696de23aafc85829000a0000f38dd8a572ba03c007807da"}, "df17": {"time": 25144.1484375, "Lat": 23.2761669, "Lon": 114.9659801, "geometric_height": 24900, "TId": "CSN3650", "gsp": 385.2, "tan": 262.6885986}, "windSpd_kt": 46.068, "windDir_deg": 85.92, "temperature_K": 507.232, "address": "7807da", "createdAt": "06:59:04.321544"}