{"time": 25108.010934727, "bds50": {"value": {"rol": 0.0, "tan": 236.25, "gsp": 444, "tanR": null, "tas": 480}, "time": 25107.631752814, "msg": "02188d0696d5d378c66e82a100a0001838801a8137bffcf0886289"}, "bds60": {"value": {"mhd": 236.426, "ias": 264, "mach": 0.828, "bar": -32, "ivv": 0}, "time": 25108.010934727, "msg": "02188d0696d5ea12a1c7829f00a0001838d41a1133fffc00886289"}, "df17": {"time": 25106.53125, "Lat": 18.3678961, "Lon": 111.5908384, "geometric_height": 40350, "TId": "TAX639", "gsp": 444.9, "tan": 236.2719727}, "windSpd_kt": 36.028, "windDir_deg": 58.595, "temperature_K": 442.466, "address": "886289", "createdAt": "06:58:28.044904"}