{"time": 25233.077811866, "bds50": {"value": {"rol": -0.4, "tan": 335.566, "gsp": 202, "tanR": null, "tas": 190}, "time": 25231.868727232, "msg": "02188d0696f2c0928fc0808800a8000e19ffdeeb197ffc5f780aab"}, "bds60": {"value": {"mhd": 340.312, "ias": 181, "mach": 0.288, "bar": -512, "ivv": -544}, "time": 25233.077811866, "msg": "02188d0696f308a3ba9a808400a0000295f9096b123f87ef780aab"}, "df17": {"time": 25232.546875, "Lat": 22.1929407, "Lon": 113.7440515, "geometric_height": 3350, "TId": "CPA859", "gsp": 201.9, "tan": 335.7202148}, "windSpd_kt": 20.179, "windDir_deg": -75.607, "temperature_K": 573.034, "address": "780aab", "createdAt": "07:00:33.112503"}