{"time": 25223.151061161, "bds50": {"value": {"rol": -0.4, "tan": 281.602, "gsp": 384, "tanR": null, "tas": 456}, "time": 25223.151061161, "msg": "02188d0696f0b8f588a9828a00a8000a81ffdc85303ffce4780725"}, "bds60": {"value": {"mhd": 279.316, "ias": 266, "mach": 0.772, "bar": 192, "ivv": 0}, "time": 25223.137284932, "msg": "02188d0696f0b8235344818900a00015bce35a1530603400780725"}, "df17": {"time": 25220.8203125, "Lat": 24.2965436, "Lon": 113.3027101, "geometric_height": 35925, "TId": "CHB6441", "gsp": 383.9, "tan": 281.5740967}, "windSpd_kt": 73.91, "windDir_deg": 87.356, "temperature_K": 459.36, "address": "780725", "createdAt": "07:00:23.189530"}