{"time": 25215.790224218, "bds50": {"value": {"rol": -1.4, "tan": 235.723, "gsp": 190, "tanR": -0.156, "tas": 198}, "time": 25214.997264732, "msg": "02188d0696eed2f4795c808800a8000e94ff1a7b17ffdc6379a054"}, "bds60": {"value": {"mhd": 237.656, "ias": 177, "mach": 0.3, "bar": -1056, "ivv": -1056}, "time": 25215.790224218, "msg": "02188d0696ef0238135a808100a0000494d4896312feffdf79a054"}, "df17": {"time": 25215.578125, "Lat": 22.781117, "Lon": 114.1434646, "geometric_height": 6650, "TId": "CSN6325", "gsp": 190.1, "tan": 235.7226562}, "windSpd_kt": 10.335, "windDir_deg": 95.98, "temperature_K": 573.516, "address": "79a054", "createdAt": "07:00:15.833197"}