{"time": 25122.299965434, "bds50": {"value": {"rol": 0.2, "tan": 246.094, "gsp": 426, "tanR": null, "tas": 482}, "time": 25122.299965434, "msg": "02188d0696d93dc3effa81a700a8000e1f803af1354004f18674ac"}, "bds60": {"value": {"mhd": 246.27, "ias": 254, "mach": 0.836, "bar": 0, "ivv": 0}, "time": 25122.291749232, "msg": "02188d0696d93d46917082a500a0001998d799fd346004008674ac"}, "df17": {"time": 25117.59375, "Lat": 21.0945868, "Lon": 117.3257017, "geometric_height": 42300, "TId": "JAL31", "gsp": 425.4, "tan": 246.1486816}, "windSpd_kt": 56.017, "windDir_deg": 67.609, "temperature_K": 437.662, "address": "8674ac", "createdAt": "06:58:42.343229"}