{"time": 25164.647341689, "bds50": {"value": {"rol": -0.2, "tan": 108.984, "gsp": 370, "tanR": null, "tas": 344}, "time": 25164.647341689, "msg": "02188d0696e319dd9e79808400a8001f29fff4d92e7ffcac780813"}, "bds60": {"value": {"mhd": 113.027, "ias": 267, "mach": 0.532, "bar": 1408, "ivv": 1504}, "time": 25164.623429619, "msg": "02188d0696e31870bff3808200a0000a31a83a172161642f780813"}, "df17": {"time": 25164.453125, "Lat": 22.2784066, "Lon": 114.1970444, "geometric_height": 16250, "TId": "B7797", "gsp": 370.2, "tan": 109.0722656}, "windSpd_kt": 36.187, "windDir_deg": 66.899, "temperature_K": 550.492, "address": "780813", "createdAt": "06:59:24.697948"}