{"time": 25094.943300496, "bds50": {"value": {"rol": -0.2, "tan": 132.188, "gsp": 422, "tanR": null, "tas": 410}, "time": 25093.692476566, "msg": "02188d0696d294a04c96819200a8000daefff5e134fffccd78018d"}, "bds60": {"value": {"mhd": 137.637, "ias": 298, "mach": 0.648, "bar": 1632, "ivv": 1664}, "time": 25094.943300496, "msg": "02188d0696d2df2e5b90909c00a0000d1cb0fa5528a19c3478018d"}, "df17": {"time": 25094.5859375, "Lat": 21.7378235, "Lon": 114.9011135, "geometric_height": 21225, "TId": "CPA919", "gsp": 421.9, "tan": 132.1160889}, "windSpd_kt": 41.324, "windDir_deg": 61.774, "temperature_K": 527.078, "address": "78018d", "createdAt": "06:58:14.984994"}