{"time": 25244.772089084, "bds50": {"value": {"rol": -0.5, "tan": 356.309, "gsp": 172, "tanR": -0.094, "tas": 172}, "time": 25244.764923304, "msg": "02188d0696f5c13ee5a8807d00a00001bbffbfd715bfec56780447"}, "bds60": {"value": {"mhd": 0.352, "ias": 167, "mach": 0.26, "bar": -576, "ivv": -480}, "time": 25244.772089084, "msg": "02188d0696f5c1ac3cfc807d00a00001bb80294f107f77f1780447"}, "df17": {"time": 25244.6640625, "Lat": 22.4879193, "Lon": 113.869493, "geometric_height": 2325, "TId": "CSZ9902", "gsp": 172.3, "tan": 356.3415527}, "windSpd_kt": 12.134, "windDir_deg": -91.67, "temperature_K": 576.192, "address": "780447", "createdAt": "07:00:44.810605"}