{"time": 25177.113288755, "bds50": {"value": {"rol": -0.2, "tan": 245.039, "gsp": 442, "tanR": 0.0, "tas": 490}, "time": 25177.113288755, "msg": "02188d0696e600e4e033819600a0001998fffae5376004f586d974"}, "bds60": {"value": {"mhd": 245.391, "ias": 261, "mach": 0.856, "bar": 0, "ivv": 32}, "time": 25177.094502936, "msg": "02188d0696e5ffc63a18829700a0001998d74a0b35a0040186d974"}, "df17": {"time": 25176.640625, "Lat": 19.6900964, "Lon": 114.0423775, "geometric_height": 42325, "TId": "JAL737", "gsp": 441.2, "tan": 245.0610352}, "windSpd_kt": 48.085, "windDir_deg": 68.628, "temperature_K": 431.422, "address": "86d974", "createdAt": "06:59:37.149423"}