{"time": 25104.580949213, "bds50": {"value": {"rol": -0.2, "tan": 333.105, "gsp": 196, "tanR": 0.094, "tas": 188}, "time": 25103.208931785, "msg": "02188d0696d4cbd9e1c9808d00a8001b25fffecf18a01c5e780714"}, "bds60": {"value": {"mhd": 337.148, "ias": 180, "mach": 0.288, "bar": 608, "ivv": 576}, "time": 25104.580949213, "msg": "02188d0696d51da134dd827f00a0000291f7e96912209c12780714"}, "df17": {"time": 25103.34375, "Lat": 22.7150059, "Lon": 113.7667751, "geometric_height": 3275, "TId": "CQH8906", "gsp": 197.3, "tan": 333.1768799}, "windSpd_kt": 15.729, "windDir_deg": -84.323, "temperature_K": 561.034, "address": "780714", "createdAt": "06:58:24.621069"}