{"time": 25104.826387439, "bds50": {"value": {"rol": -0.4, "tan": 40.254, "gsp": 414, "tanR": -0.062, "tas": 394}, "time": 25104.826387439, "msg": "02188d0696d52c424bef817e00a800048cffd1cb33fff4c578029d"}, "bds60": {"value": {"mhd": 41.309, "ias": 324, "mach": 0.604, "bar": 192, "ivv": 0}, "time": 25104.513498306, "msg": "02188d0696d5199bfcc2908700a00008108eba8925e0340078029d"}, "df17": {"time": 25104.640625, "Lat": 22.9545808, "Lon": 114.2546153, "geometric_height": 12450, "TId": "CSZ9847", "gsp": 413.7, "tan": 40.1934814}, "windSpd_kt": 21.338, "windDir_deg": 20.378, "temperature_K": 560.242, "address": "78029d", "createdAt": "06:58:24.865405"}