{"time": 25296.711140401, "bds50": {"value": {"rol": 0.4, "tan": 0.176, "gsp": 322, "tanR": 0.031, "tas": 308}, "time": 25296.672845491, "msg": "02188d069701d732eeb3818c00a800180b80500328600c9a70e066"}, "bds60": {"value": {"mhd": 22.5, "ias": 251, "mach": 0.472, "bar": -32, "ivv": null}, "time": 25296.711140401, "msg": "02188d069701d97b4431809400a00008188809f71dbff80070e066"}, "df17": {"time": 25295.578125, "Lat": 21.0838151, "Lon": 113.1512403, "geometric_height": 12700, "TId": "MKR500", "gsp": 322.3, "tan": 22.4285889}, "windSpd_kt": 122.729, "windDir_deg": -72.236, "temperature_K": 560.628, "address": "70e066", "createdAt": "07:01:36.748854"}