{"time": 25149.370633965, "bds50": {"value": {"rol": 0.7, "tan": 315.0, "gsp": 384, "tanR": 0.062, "tas": 396}, "time": 25149.370633965, "msg": "02188d0696df8b4d8eed829b00a8000d03809e01302014c67c4926"}, "bds60": {"value": {"mhd": 311.836, "ias": 267, "mach": 0.64, "bar": -3296, "ivv": -3136}, "time": 25149.363411493, "msg": "02188d0696df8adf5a25819700a000101deeea17283ccf9e7c4926"}, "df17": {"time": 25147.375, "Lat": 21.1272669, "Lon": 114.939158, "geometric_height": 26550, "TId": "QFA127", "gsp": 383.2, "tan": 315}, "windSpd_kt": 24.65, "windDir_deg": 72.538, "temperature_K": 504.066, "address": "7c4926", "createdAt": "06:59:09.412621"}