{"time": 25168.982045458, "bds50": {"value": {"rol": -0.2, "tan": 108.984, "gsp": 370, "tanR": 0.0, "tas": 344}, "time": 25168.982045458, "msg": "02188d0696e41c3bf312828400a0000a35fff4d92e6004ac780813"}, "bds60": {"value": {"mhd": 113.027, "ias": 267, "mach": 0.536, "bar": 1376, "ivv": 1504}, "time": 25168.594679544, "msg": "02188d0696e4052536f8807c00a0000a35a83a1721a15c2f780813"}, "df17": {"time": 25168.6875, "Lat": 22.2759819, "Lon": 114.2045546, "geometric_height": 16375, "TId": "B7797", "gsp": 370.2, "tan": 109.0722656}, "windSpd_kt": 36.187, "windDir_deg": 66.899, "temperature_K": 542.306, "address": "780813", "createdAt": "06:59:29.017020"}