{"time": 25219.948995228, "bds50": {"value": {"rol": 0.7, "tan": 263.496, "gsp": 326, "tanR": 0.0, "tas": 362}, "time": 25218.746628965, "msg": "02188d0696efb26f3b65809100a8001125809bb728e004b57805e0"}, "bds60": {"value": {"mhd": 265.957, "ias": 271, "mach": 0.564, "bar": -1216, "ivv": -1088}, "time": 25219.948995228, "msg": "02188d0696effa19e29c909100a0000b96de9a1f237ed7de7805e0"}, "df17": {"time": 25219.25, "Lat": 22.8839207, "Lon": 115.2296948, "geometric_height": 18525, "TId": "CXA8643", "gsp": 326.1, "tan": 263.4851074}, "windSpd_kt": 38.906, "windDir_deg": 107.045, "temperature_K": 542.396, "address": "7805e0", "createdAt": "07:00:19.988436"}