{"time": 25227.470172323, "bds50": {"value": {"rol": 0.4, "tan": 161.895, "gsp": 418, "tanR": 0.031, "tas": 416}, "time": 25227.470172323, "msg": "02188d0696f1ba65f0a3808a00a8001e2480573334600cd07813bd"}, "bds60": {"value": {"mhd": 169.277, "ias": 304, "mach": 0.656, "bar": 1696, "ivv": 1792}, "time": 25227.462958045, "msg": "02188d0696f1b9f7dbdd828f00a0000cbdbc3a612921ac387813bd"}, "df17": {"time": 25227.21875, "Lat": 22.6604605, "Lon": 113.3160353, "geometric_height": 20800, "TId": "CSN335", "gsp": 418.8, "tan": 161.9110107}, "windSpd_kt": 53.726, "windDir_deg": 77.715, "temperature_K": 529.464, "address": "7813bd", "createdAt": "07:00:27.513537"}