{"time": 25215.203926866, "bds50": {"value": {"rol": 0.0, "tan": 186.504, "gsp": 174, "tanR": 0.031, "tas": 182}, "time": 25215.203926866, "msg": "02188d0696eedf45e352809300a8001e9480184b15e00c5b7811ab"}, "bds60": {"value": {"mhd": 190.02, "ias": 170, "mach": 0.276, "bar": -768, "ivv": -800}, "time": 25215.194424441, "msg": "02188d0696eedeb4e479818b00a000031ac39955117f47e77811ab"}, "df17": {"time": 25215.15625, "Lat": 23.1403828, "Lon": 113.3863306, "geometric_height": 4325, "TId": "CSZ9676", "gsp": 175.1, "tan": 186.5588379}, "windSpd_kt": 13.536, "windDir_deg": 62.052, "temperature_K": 572.51, "address": "7811ab", "createdAt": "07:00:15.239157"}