{"time": 25246.883058869, "bds50": {"value": {"rol": 0.5, "tan": 260.156, "gsp": 342, "tanR": -0.375, "tas": 358}, "time": 25246.883058869, "msg": "02188d0696f63f7f14b5819600a8001e91807b912affa4b3780e17"}, "bds60": {"value": {"mhd": 262.266, "ias": 290, "mach": 0.552, "bar": -32, "ivv": -64}, "time": 25246.866345283, "msg": "02188d0696f63e800d43809e00a0000898dd4a4522bffffe780e17"}, "df17": {"time": 25245.7734375, "Lat": 22.7951503, "Lon": 114.5686269, "geometric_height": 13550, "TId": "CDC8835", "gsp": 341.9, "tan": 260.2331543}, "windSpd_kt": 20.543, "windDir_deg": 120.068, "temperature_K": 553.79, "address": "780e17", "createdAt": "07:00:46.920034"}