{"time": 25251.921028345, "bds50": {"value": {"rol": -0.2, "tan": 229.57, "gsp": 384, "tanR": 0.031, "tas": 424}, "time": 25251.921028345, "msg": "02188d0696f76bc864f982a100a800083dfffa3530200cd47811ef"}, "bds60": {"value": {"mhd": 232.031, "ias": 293, "mach": 0.684, "bar": -32, "ivv": 0}, "time": 25251.913688765, "msg": "02188d0696f76b5866bd90a300a0000f38d28a4b2afffc007811ef"}, "df17": {"time": 25250.390625, "Lat": 21.4503336, "Lon": 111.6759825, "geometric_height": 24900, "TId": "CHH7072", "gsp": 383.6, "tan": 229.5428467}, "windSpd_kt": 43.593, "windDir_deg": 74.256, "temperature_K": 505.914, "address": "7811ef", "createdAt": "07:00:51.958389"}