{"time": 25145.874288703, "bds50": {"value": {"rol": 0.0, "tan": 0.176, "gsp": 390, "tanR": null, "tas": 374}, "time": 25145.874288703, "msg": "02188d0696debae7903f819400a0000a1f80100330fffcbb70e066"}, "bds60": {"value": {"mhd": 22.324, "ias": 291, "mach": 0.58, "bar": -1920, "ivv": null}, "time": 25144.754229124, "msg": "02188d0696de7824cf84819600a0000a3087fa47247e200070e066"}, "df17": {"time": 25144.1796875, "Lat": 20.8458281, "Lon": 113.0462694, "geometric_height": 16375, "TId": "MKR500", "gsp": 390.9, "tan": 22.565918}, "windSpd_kt": 147.584, "windDir_deg": -72.643, "temperature_K": 547.45, "address": "70e066", "createdAt": "06:59:05.913025"}