{"time": 25300.66119175, "bds50": {"value": {"rol": 4.7, "tan": 263.848, "gsp": 428, "tanR": 0.219, "tas": 474}, "time": 25300.655992909, "msg": "02188d069702c49cf04d819600a000149b837bbb35a03ced8880ae"}, "bds60": {"value": {"mhd": 265.078, "ias": 286, "mach": 0.788, "bar": -32, "ivv": 0}, "time": 25300.66119175, "msg": "02188d069702c4ec4446819600a000149bde4a3d317ffc008880ae"}, "df17": {"time": 25300.6328125, "Lat": 20.595932, "Lon": 112.2443318, "geometric_height": 33975, "TId": "HVN577", "gsp": 427.6, "tan": 263.6883545}, "windSpd_kt": 47.005, "windDir_deg": 96.349, "temperature_K": 476.39, "address": "8880ae", "createdAt": "07:01:40.692404"}