{"time": 25212.598710096, "bds50": {"value": {"rol": 0.5, "tan": 245.918, "gsp": 446, "tanR": 0.0, "tas": 486}, "time": 25212.598710096, "msg": "02188d0696ee43fd6f50809800a800030a807aef37e004f38880dc"}, "bds60": {"value": {"mhd": 249.258, "ias": 305, "mach": 0.804, "bar": -128, "ivv": null}, "time": 25212.496016984, "msg": "02188d0696ee3dde7658819000a800030ad8aa63327fe0008880dc"}, "df17": {"time": 25212.4921875, "Lat": 20.8106589, "Lon": 116.6453862, "geometric_height": 31925, "TId": "VJC859", "gsp": 444.5, "tan": 245.9729004}, "windSpd_kt": 48.336, "windDir_deg": 101.777, "temperature_K": 481.08, "address": "8880dc", "createdAt": "07:00:12.636616"}