{"time": 25251.336690942, "bds50": {"value": {"rol": 0.4, "tan": 233.789, "gsp": 186, "tanR": 0.031, "tas": 194}, "time": 25251.336690942, "msg": "02188d0696f748f41cfe807c00a8000e94805a6517600c6179a054"}, "bds60": {"value": {"mhd": 236.074, "ias": 177, "mach": 0.296, "bar": -1024, "ivv": -992}, "time": 25251.326097103, "msg": "02188d0696f7485276cf807c00a000041dd3f96312bf07e179a054"}, "df17": {"time": 25251.359375, "Lat": 22.76335, "Lon": 114.1170287, "geometric_height": 6075, "TId": "CSN6325", "gsp": 186.1, "tan": 233.7451172}, "windSpd_kt": 11.017, "windDir_deg": 98.381, "temperature_K": 565.558, "address": "79a054", "createdAt": "07:00:51.383679"}