{"time": 25180.499111118, "bds50": {"value": {"rol": -0.2, "tan": 223.945, "gsp": 424, "tanR": null, "tas": 474}, "time": 25179.910254074, "msg": "02188d0696e6a79b2dfa829900a82812b9fff9f5353ffced781392"}, "bds60": {"value": {"mhd": 229.922, "ias": 278, "mach": 0.8, "bar": -64, "ivv": 0}, "time": 25180.499111118, "msg": "02188d0696e6cab46cce919700a02815bcd1ca2d323ff400781392"}, "df17": {"time": 25180.4296875, "Lat": 21.7683578, "Lon": 111.9563699, "geometric_height": 36075, "TId": "CES235", "gsp": 423.6, "tan": 223.9453125}, "windSpd_kt": 68.448, "windDir_deg": 90.09, "temperature_K": 462.204, "address": "781392", "createdAt": "06:59:40.551164"}