{"time": 25229.259169134, "bds50": {"value": {"rol": -0.2, "tan": 24.434, "gsp": 484, "tanR": null, "tas": 452}, "time": 25229.259169134, "msg": "02188d0696f22507dd6e80a200a0001530fff1173cbffce2780d0e"}, "bds60": {"value": {"mhd": 23.203, "ias": 268, "mach": 0.76, "bar": 64, "ivv": 0}, "time": 25229.060430778, "msg": "02188d0696f2192f5bba829e00a0001530884a192fa01400780d0e"}, "df17": {"time": 25227.8046875, "Lat": 20.1113105, "Lon": 112.9379511, "geometric_height": 35000, "TId": "CSN3835", "gsp": 483.4, "tan": 24.4445801}, "windSpd_kt": 33.541, "windDir_deg": 41.263, "temperature_K": 465.702, "address": "780d0e", "createdAt": "07:00:29.297360"}