{"time": 25270.615075731, "bds50": {"value": {"rol": 0.2, "tan": 229.395, "gsp": 244, "tanR": null, "tas": 262}, "time": 25270.234931043, "msg": "02188d0696fbaf605f63818c00a8000d8a803a331e800483780bf6"}, "bds60": {"value": {"mhd": 232.91, "ias": 221, "mach": 0.4, "bar": -512, "ivv": 480}, "time": 25270.615075731, "msg": "02188d0696fbc608eb93818d00a00006b6d2d9bb193f840f780bf6"}, "df17": {"time": 25269.875, "Lat": 23.6018944, "Lon": 113.3490586, "geometric_height": 10375, "TId": "CCA1339", "gsp": 243.2, "tan": 229.1693115}, "windSpd_kt": 23.76, "windDir_deg": 91.932, "temperature_K": 564.86, "address": "780bf6", "createdAt": "07:01:10.648624"}