{"time": 25102.399413267, "bds50": {"value": {"rol": 0.2, "tan": 192.48, "gsp": 412, "tanR": 0.0, "tas": 454}, "time": 25102.399413267, "msg": "02188d0696d49b999c13819c00a000129480388f33a004e378114c"}, "bds60": {"value": {"mhd": 203.906, "ias": 291, "mach": 0.748, "bar": -1856, "ivv": -1888}, "time": 25102.345939863, "msg": "02188d0696d49869ab9781a400a0001294c88a472efe37c578114c"}, "df17": {"time": 25101.1796875, "Lat": 25.3877091, "Lon": 114.7142601, "geometric_height": 30225, "TId": "CSN3510", "gsp": 411.8, "tan": 192.4859619}, "windSpd_kt": 95.802, "windDir_deg": 82.33, "temperature_K": 485.028, "address": "78114c", "createdAt": "06:58:22.440799"}