{"time": 25101.326806826, "bds50": {"value": {"rol": 0.0, "tan": 258.047, "gsp": 388, "tanR": 0.0, "tas": 436}, "time": 25101.326806826, "msg": "02188d0696d45baaef2a819200a8000a92801b7930a004da780a5e"}, "bds60": {"value": {"mhd": 258.75, "ias": 290, "mach": 0.708, "bar": -1024, "ivv": -1024}, "time": 25101.319573203, "msg": "02188d0696d45b3c8ed3819200a00010b5dc0a452c7f07e0780a5e"}, "df17": {"time": 25100.015625, "Lat": 22.4686289, "Lon": 115.921576, "geometric_height": 27500, "TId": "CRK237", "gsp": 388.3, "tan": 258.112793}, "windSpd_kt": 48.265, "windDir_deg": 84.41, "temperature_K": 499.304, "address": "780a5e", "createdAt": "06:58:21.365041"}