{"time": 25142.848760222, "bds50": {"value": {"rol": 0.0, "tan": 162.07, "gsp": 414, "tanR": 0.0, "tas": 410}, "time": 25142.841006024, "msg": "02188d0696de061b57c8808f00a0000b9c80173533e004cd7813bd"}, "bds60": {"value": {"mhd": 169.453, "ias": 310, "mach": 0.644, "bar": -64, "ivv": 0}, "time": 25142.848760222, "msg": "02188d0696de0691a99e909000a0000b9cbc4a6d287ff4007813bd"}, "df17": {"time": 25142.1328125, "Lat": 22.817359, "Lon": 113.2613611, "geometric_height": 18650, "TId": "CSN335", "gsp": 414.8, "tan": 162.1746826}, "windSpd_kt": 53.203, "windDir_deg": 80.064, "temperature_K": 533.646, "address": "7813bd", "createdAt": "06:59:02.890981"}