{"time": 25147.941176388, "bds50": {"value": {"rol": 0.2, "tan": 212.168, "gsp": 404, "tanR": 0.0, "tas": 456}, "time": 25147.941176388, "msg": "02188d0696df3619c444818e00a80007bc80396f32a004e478122c"}, "bds60": {"value": {"mhd": 220.781, "ias": 258, "mach": 0.78, "bar": 32, "ivv": 32}, "time": 25147.174481676, "msg": "02188d0696df0866ef0c809300a000171bce8a0530e00c0178122c"}, "df17": {"time": 25145.6484375, "Lat": 23.1055355, "Lon": 113.5197759, "geometric_height": 38125, "TId": "CES5602", "gsp": 404.7, "tan": 212.0800781}, "windSpd_kt": 82.82, "windDir_deg": 87.712, "temperature_K": 449.986, "address": "78122c", "createdAt": "06:59:07.981803"}