{"time": 25187.164356215, "bds50": {"value": {"rol": 19.0, "tan": 141.152, "gsp": 484, "tanR": 0.812, "tas": 466}, "time": 25186.897086646, "msg": "02188d0696e8480dc8b6818f00a8000e218d96473ca0d4e97809df"}, "bds60": {"value": {"mhd": 151.699, "ias": 289, "mach": 0.772, "bar": 416, "ivv": 384}, "time": 25187.164356215, "msg": "02188d0696e857fbfe77819c00a0001399b5fa4330606c0c7809df"}, "df17": {"time": 25185.1015625, "Lat": 21.4958882, "Lon": 114.6201682, "geometric_height": 32225, "TId": "CSN319", "gsp": 485.4, "tan": 138.7573242}, "windSpd_kt": 89.135, "windDir_deg": 68.026, "temperature_K": 479.728, "address": "7809df", "createdAt": "06:59:47.202467"}