{"time": 25298.604120505, "bds50": {"value": {"rol": 0.4, "tan": 207.07, "gsp": 386, "tanR": 0.031, "tas": 430}, "time": 25298.604120505, "msg": "02188d0697024a4fd9b9929800a8001a8a80593530600cd7780f76"}, "bds60": {"value": {"mhd": 214.98, "ias": 290, "mach": 0.704, "bar": 320, "ivv": 0}, "time": 25298.580690312, "msg": "02188d06970248ea5588809b00a0001098cc7a452c205400780f76"}, "df17": {"time": 25297.6484375, "Lat": 24.7637844, "Lon": 114.3125296, "geometric_height": 27000, "TId": "CSZ9610", "gsp": 385.6, "tan": 207.1636963}, "windSpd_kt": 71.375, "windDir_deg": 83.074, "temperature_K": 491.19, "address": "780f76", "createdAt": "07:01:38.644094"}