{"time": 25286.368653988, "bds50": {"value": {"rol": -0.2, "tan": 236.25, "gsp": 444, "tanR": null, "tas": 482}, "time": 25286.368653988, "msg": "02188d0696ff710572a481a800a0001838fffa8137bffcf1886289"}, "bds60": {"value": {"mhd": 236.602, "ias": 265, "mach": 0.832, "bar": -32, "ivv": 0}, "time": 25285.415198202, "msg": "02188d0696ff3830ddfa81a900a0001838d42a13343ffc00886289"}, "df17": {"time": 25285.5390625, "Lat": 18.1630611, "Lon": 111.2697244, "geometric_height": 40350, "TId": "TAX639", "gsp": 444.1, "tan": 236.2005615}, "windSpd_kt": 38.106, "windDir_deg": 60.707, "temperature_K": 441.88, "address": "886289", "createdAt": "07:01:26.411515"}