{"time": 25226.729498894, "bds50": {"value": {"rol": -0.7, "tan": 1.055, "gsp": 290, "tanR": -0.062, "tas": 282}, "time": 25226.72218709, "msg": "02188d0696f18dd09752808c00a8001b25ff900d247ff48d780714"}, "bds60": {"value": {"mhd": 2.461, "ias": 252, "mach": 0.432, "bar": 3168, "ivv": 3072}, "time": 25226.729498894, "msg": "02188d0696f18e40290e808d00a00004be80e9f91b231c60780714"}, "df17": {"time": 25226.7578125, "Lat": 22.8572488, "Lon": 113.741262, "geometric_height": 7300, "TId": "CQH8906", "gsp": 291.1, "tan": 1.1810303}, "windSpd_kt": 10.642, "windDir_deg": -39.503, "temperature_K": 561.034, "address": "780714", "createdAt": "07:00:26.769191"}