{"time": 25112.181875059, "bds50": {"value": {"rol": 0.0, "tan": 38.32, "gsp": 480, "tanR": 0.0, "tas": 424}, "time": 25112.173480904, "msg": "02188d0696d6e22e0bc8919400a00016948011b53c2004d478143e"}, "bds60": {"value": {"mhd": 34.98, "ias": 241, "mach": 0.72, "bar": 64, "ivv": -32}, "time": 25112.181875059, "msg": "02188d0696d6e2ae2173829600a00016948c79e32d2017ff78143e"}, "df17": {"time": 25112.03125, "Lat": 23.5543656, "Lon": 114.3154907, "geometric_height": 37025, "TId": "CXA8406", "gsp": 479.2, "tan": 38.303833}, "windSpd_kt": 61.866, "windDir_deg": 61.854, "temperature_K": 456.588, "address": "78143e", "createdAt": "06:58:32.215975"}