{"time": 25178.174267647, "bds50": {"value": {"rol": 0.5, "tan": 222.012, "gsp": 366, "tanR": -0.062, "tas": 388}, "time": 25178.174267647, "msg": "02188d0696e6402220ff809300a8000c158079df2dfff4c278070b"}, "bds60": {"value": {"mhd": 226.934, "ias": 301, "mach": 0.604, "bar": -96, "ivv": 0}, "time": 25178.160496218, "msg": "02188d0696e63f4ffe5a918d00a0000a3cd0ba5b25ffec0078070b"}, "df17": {"time": 25178.09375, "Lat": 23.7801003, "Lon": 113.6247468, "geometric_height": 16550, "TId": "CSZ9140", "gsp": 364.7, "tan": 222.0007324}, "windSpd_kt": 39.132, "windDir_deg": 100.301, "temperature_K": 543.31, "address": "78070b", "createdAt": "06:59:38.221035"}