{"time": 25285.404132525, "bds50": {"value": {"rol": 0.0, "tan": 192.129, "gsp": 426, "tanR": -0.062, "tas": 468}, "time": 25284.950113391, "msg": "02188d0696ff1c783c6f819900a000199880188b357ff4ea780a57"}, "bds60": {"value": {"mhd": 197.402, "ias": 248, "mach": 0.816, "bar": -96, "ivv": 0}, "time": 25285.404132525, "msg": "02188d0696ff378804ad90a100a0001998c639f1333fec00780a57"}, "df17": {"time": 25284.203125, "Lat": 19.1508865, "Lon": 113.5893416, "geometric_height": 42325, "TId": "CPA735", "gsp": 424.7, "tan": 192.2387695}, "windSpd_kt": 58.749, "windDir_deg": 59.192, "temperature_K": 433.082, "address": "780a57", "createdAt": "07:01:25.448229"}