{"time": 25132.797832282, "bds50": {"value": {"rol": -1.1, "tan": 335.039, "gsp": 402, "tanR": -0.062, "tas": 414}, "time": 25132.797832282, "msg": "02188d0696dbaf7cac5a828300a0000d34ff5ee5327ff4cf78115c"}, "bds60": {"value": {"mhd": 333.281, "ias": 301, "mach": 0.656, "bar": 2208, "ivv": 2112}, "time": 25132.602406847, "msg": "02188d0696dba3d6b7bf808800a0000d34f68a5b29222c4278115c"}, "df17": {"time": 25131.4140625, "Lat": 22.6190257, "Lon": 114.0947556, "geometric_height": 21375, "TId": "CCA112", "gsp": 402.3, "tan": 335.1544189}, "windSpd_kt": 17.34, "windDir_deg": 107.946, "temperature_K": 524.386, "address": "78115c", "createdAt": "06:58:52.835625"}