{"time": 25210.989519852, "bds50": {"value": {"rol": 0.2, "tan": 222.012, "gsp": 364, "tanR": 0.062, "tas": 386}, "time": 25210.982014639, "msg": "02188d0696ede3a09eaf818a00a8000c158039df2da014c178070b"}, "bds60": {"value": {"mhd": 227.109, "ias": 301, "mach": 0.604, "bar": -64, "ivv": 0}, "time": 25210.989519852, "msg": "02188d0696ede41323ec809100a0000a3cd0ca5b25fff40078070b"}, "df17": {"time": 25210.9296875, "Lat": 23.7395239, "Lon": 113.5850501, "geometric_height": 16550, "TId": "CSZ9140", "gsp": 363.9, "tan": 222.1051025}, "windSpd_kt": 39.94, "windDir_deg": 101.174, "temperature_K": 537.722, "address": "78070b", "createdAt": "07:00:11.026824"}