{"time": 25194.600423627, "bds50": {"value": {"rol": -1.9, "tan": 168.926, "gsp": 260, "tanR": -0.125, "tas": 260}, "time": 25194.593164069, "msg": "02188d0696ea12c69b25808e00a8001d90feb78320bfe482780f53"}, "bds60": {"value": {"mhd": 174.199, "ias": 226, "mach": 0.4, "bar": -448, "ivv": -480}, "time": 25194.600423627, "msg": "02188d0696ea133560cb808d00a000061cbdf9c5193f97f1780f53"}, "df17": {"time": 25194.5546875, "Lat": 22.849052, "Lon": 113.4905505, "geometric_height": 9300, "TId": "CUA5867", "gsp": 260.8, "tan": 168.9477539}, "windSpd_kt": 23.92, "windDir_deg": 81.562, "temperature_K": 556.268, "address": "780f53", "createdAt": "06:59:54.640731"}