{"time": 25119.342228972, "bds50": {"value": {"rol": -15.6, "tan": 120.234, "gsp": 222, "tanR": -1.438, "tas": 222}, "time": 25119.342228972, "msg": "02188d0696d88d7875ec808f00a8000814f4f5591bfe946f781433"}, "bds60": {"value": {"mhd": 119.355, "ias": 202, "mach": 0.34, "bar": 64, "ivv": 96}, "time": 25119.334871988, "msg": "02188d0696d88d0833b4828900a000041aaa799515601403781433"}, "df17": {"time": 25119.3671875, "Lat": 22.5302982, "Lon": 113.567605, "geometric_height": 5950, "TId": "CSZ9504", "gsp": 223.2, "tan": 122.1954346}, "windSpd_kt": 3.406, "windDir_deg": -150.205, "temperature_K": 561.314, "address": "781433", "createdAt": "06:58:39.383152"}