{"time": 25168.054260143, "bds50": {"value": {"rol": 0.4, "tan": 37.266, "gsp": 372, "tanR": null, "tas": 342}, "time": 25167.743356506, "msg": "02188d0696e3d2670e5a808f00a0000d908051a92ebffcab781005"}, "bds60": {"value": {"mhd": 34.629, "ias": 246, "mach": 0.544, "bar": 2272, "ivv": 2432}, "time": 25168.054260143, "msg": "02188d0696e3e4ef11af828900a0000d918c59ed22223c4c781005"}, "df17": {"time": 25167.828125, "Lat": 23.7832546, "Lon": 114.4366407, "geometric_height": 21725, "TId": "CSZ9993", "gsp": 372.7, "tan": 37.1447754}, "windSpd_kt": 34.197, "windDir_deg": 64.661, "temperature_K": 520.37, "address": "781005", "createdAt": "06:59:28.092722"}