{"time": 25140.424692639, "bds50": {"value": {"rol": -0.2, "tan": 334.16, "gsp": 174, "tanR": 0.438, "tas": 168}, "time": 25140.424692639, "msg": "02188d0696dd7615539f808a00a8001827fffedb15e07454781319"}, "bds60": {"value": {"mhd": 340.137, "ias": 164, "mach": 0.256, "bar": -800, "ivv": -832}, "time": 25140.407569359, "msg": "02188d0696dd75100bcf908a00a00001b5f8f949103f3fe6781319"}, "df17": {"time": 25139.609375, "Lat": 22.5241184, "Lon": 113.8559103, "geometric_height": 2225, "TId": "TBA9847", "gsp": 174.5, "tan": 334.1711426}, "windSpd_kt": 18.81, "windDir_deg": -94.277, "temperature_K": 567.018, "address": "781319", "createdAt": "06:59:00.472513"}