{"time": 25215.155619472, "bds50": {"value": {"rol": -0.7, "tan": 1.406, "gsp": 290, "tanR": 0.031, "tas": 278}, "time": 25215.155619472, "msg": "02188d0696eedc64c690808800a8001b25ff901124600c8b780714"}, "bds60": {"value": {"mhd": 2.812, "ias": 251, "mach": 0.424, "bar": 2656, "ivv": 2752}, "time": 25215.145214508, "msg": "02188d0696eedbc6022c808900a00004988109f71aa29c56780714"}, "df17": {"time": 25214.71875, "Lat": 22.8405333, "Lon": 113.7408543, "geometric_height": 6675, "TId": "CQH8906", "gsp": 289.2, "tan": 1.3897705}, "windSpd_kt": 13.876, "windDir_deg": -28.039, "temperature_K": 565.998, "address": "780714", "createdAt": "07:00:15.195863"}