{"time": 25279.42638912, "bds50": {"value": {"rol": 0.0, "tan": 195.645, "gsp": 404, "tanR": 0.0, "tas": 446}, "time": 25279.42638912, "msg": "02188d0696fdd33ae480809800a8000f048018b332a004df7801a3"}, "bds60": {"value": {"mhd": 206.016, "ias": 269, "mach": 0.748, "bar": -32, "ivv": 0}, "time": 25279.418302701, "msg": "02188d0696fdd2bf80ed819100a000149cc94a1b2efffc007801a3"}, "df17": {"time": 25279.421875, "Lat": 23.6655593, "Lon": 113.904469, "geometric_height": 33800, "TId": "HDA901", "gsp": 404.3, "tan": 195.7873535}, "windSpd_kt": 87.472, "windDir_deg": 82.264, "temperature_K": 468.084, "address": "7801a3", "createdAt": "07:01:19.465328"}