{"time": 25112.13091869, "bds50": {"value": {"rol": 0.2, "tan": 223.945, "gsp": 408, "tanR": -0.062, "tas": 464}, "time": 25112.13091869, "msg": "02188d0696d6dfa49922808c00a80019918039f5333ff4e87809ab"}, "bds60": {"value": {"mhd": 230.098, "ias": 281, "mach": 0.776, "bar": 64, "ivv": 0}, "time": 25111.275095397, "msg": "02188d0696d6aca1c565808c00a000149cd1da3330a014007809ab"}, "df17": {"time": 25111.9921875, "Lat": 23.0293393, "Lon": 113.2478428, "geometric_height": 33950, "TId": "CQH8579", "gsp": 409.6, "tan": 223.9123535}, "windSpd_kt": 72.919, "windDir_deg": 86.948, "temperature_K": 470.728, "address": "7809ab", "createdAt": "06:58:32.173102"}