{"time": 25278.437418503, "bds50": {"value": {"rol": 0.2, "tan": 287.754, "gsp": 388, "tanR": 0.0, "tas": 434}, "time": 25277.258031931, "msg": "02188d0696fd51fc633b818f00a80004b3803ccb30a004d97809e4"}, "bds60": {"value": {"mhd": 286.172, "ias": 304, "mach": 0.696, "bar": -1920, "ivv": -1824}, "time": 25278.437418503, "msg": "02188d0696fd98486607909800a0000ebce5ca612bbe27c77809e4"}, "df17": {"time": 25275.7265625, "Lat": 24.1008925, "Lon": 112.9487872, "geometric_height": 24225, "TId": "CSN8549", "gsp": 388.7, "tan": 287.8308105}, "windSpd_kt": 47.375, "windDir_deg": 93.104, "temperature_K": 511.94, "address": "7809e4", "createdAt": "07:01:18.472557"}