{"time": 25238.969597832, "bds50": {"value": {"rol": 0.2, "tan": 229.219, "gsp": 242, "tanR": null, "tas": 262}, "time": 25238.969597832, "msg": "02188d0696f467d13f88818f00a8000d8a803a311e400483780bf6"}, "bds60": {"value": {"mhd": 232.734, "ias": 220, "mach": 0.4, "bar": -512, "ivv": 480}, "time": 25238.645258068, "msg": "02188d0696f4547c3754819000a0000710d2c9b9193f840f780bf6"}, "df17": {"time": 25236.75, "Lat": 23.6263347, "Lon": 113.3798289, "geometric_height": 10675, "TId": "CCA1339", "gsp": 242.4, "tan": 229.0155029}, "windSpd_kt": 25.27, "windDir_deg": 88.689, "temperature_K": 564.86, "address": "780bf6", "createdAt": "07:00:39.007256"}