{"time": 25204.291908092, "bds50": {"value": {"rol": 0.2, "tan": 268.242, "gsp": 368, "tanR": 0.062, "tas": 412}, "time": 25204.284165117, "msg": "02188d0696ec54678bfd818f00a00010bc803bed2e2014ce789207"}, "bds60": {"value": {"mhd": 267.539, "ias": 273, "mach": 0.668, "bar": -1440, "ivv": -1376}, "time": 25204.291908092, "msg": "02188d0696ec54ddb1fc809600a00010bcdf2a2329fe9fd5789207"}, "df17": {"time": 25204.2265625, "Lat": 22.2970319, "Lon": 115.8553791, "geometric_height": 27625, "TId": "HKE619", "gsp": 367.2, "tan": 268.2806396}, "windSpd_kt": 44.259, "windDir_deg": 81.684, "temperature_K": 500.84, "address": "789207", "createdAt": "07:00:04.329754"}