{"time": 25166.629461677, "bds50": {"value": {"rol": -0.2, "tan": 162.246, "gsp": 418, "tanR": 0.031, "tas": 412}, "time": 25166.620647522, "msg": "02188d0696e38f7be062808e00a0000bb3fff73734600cce7813bd"}, "bds60": {"value": {"mhd": 169.453, "ias": 312, "mach": 0.648, "bar": 1664, "ivv": 1824}, "time": 25166.629461677, "msg": "02188d0696e390025ead808c00a0000bb4bc4a7128a1a4397813bd"}, "df17": {"time": 25164.5703125, "Lat": 22.776053, "Lon": 113.2757163, "geometric_height": 18775, "TId": "CSN335", "gsp": 417.0, "tan": 162.1307373}, "windSpd_kt": 52.509, "windDir_deg": 82.398, "temperature_K": 532.234, "address": "7813bd", "createdAt": "06:59:26.674438"}