{"time": 25239.618840762, "bds50": {"value": {"rol": -0.4, "tan": 233.789, "gsp": 186, "tanR": null, "tas": 194}, "time": 25239.006551165, "msg": "02188d0696f46a051c7d808700a8000e94ffda65177ffc6179a054"}, "bds60": {"value": {"mhd": 236.25, "ias": 176, "mach": 0.296, "bar": -1024, "ivv": -1024}, "time": 25239.618840762, "msg": "02188d0696f48e83e8ba827800a0000434d4096112bf07e079a054"}, "df17": {"time": 25239.2734375, "Lat": 22.7691221, "Lon": 114.1254187, "geometric_height": 6275, "TId": "CSN6325", "gsp": 186.1, "tan": 233.7451172}, "windSpd_kt": 11.426, "windDir_deg": 100.595, "temperature_K": 565.558, "address": "79a054", "createdAt": "07:00:39.655735"}