{"time": 25112.617968216, "bds50": {"value": {"rol": 0.9, "tan": 332.754, "gsp": 142, "tanR": 0.094, "tas": 146}, "time": 25112.617968216, "msg": "02188d0696d6fcac6258808f00a8200a1680becb11e01c49780296"}, "bds60": {"value": {"mhd": 337.5, "ias": 144, "mach": 0.22, "bar": -704, "ivv": -736}, "time": 25112.600406661, "msg": "02188d0696d6fba06a85808900a02000bdf809210dff57e9780296"}, "df17": {"time": 25112.6328125, "Lat": 22.5912809, "Lon": 113.8194752, "geometric_height": 750, "TId": "CSN6889", "gsp": 141.7, "tan": 332.7099609}, "windSpd_kt": 12.577, "windDir_deg": -133.402, "temperature_K": 579.854, "address": "780296", "createdAt": "06:58:32.652987"}