{"time": 25199.41049411, "bds50": {"value": {"rol": 0.2, "tan": 229.57, "gsp": 322, "tanR": 0.0, "tas": 346}, "time": 25199.401726955, "msg": "02188d0696eb316373eb809a00a0000930803a35286004ad781155"}, "bds60": {"value": {"mhd": 236.777, "ias": 275, "mach": 0.532, "bar": 0, "ivv": 0}, "time": 25199.41049411, "msg": "02188d0696eb31e93a9e929300a0000930d43a2721600400781155"}, "df17": {"time": 25199.34375, "Lat": 24.1794276, "Lon": 114.3356395, "geometric_height": 14475, "TId": "CSN380", "gsp": 322.1, "tan": 229.5318604}, "windSpd_kt": 48.337, "windDir_deg": 113.469, "temperature_K": 556.912, "address": "781155", "createdAt": "06:59:59.451636"}