{"time": 25192.971757978, "bds50": {"value": {"rol": -0.2, "tan": 183.516, "gsp": 368, "tanR": null, "tas": 368}, "time": 25192.971757978, "msg": "02188d0696e9b221e99a808a00a8000ca8fff8292e3ffcb876aa77"}, "bds60": {"value": {"mhd": 189.492, "ias": 293, "mach": 0.564, "bar": 1088, "ivv": 992}, "time": 25192.96452111, "msg": "02188d0696e9b1b37c96808b00a000091bc36a4b2361141f76aa77"}, "df17": {"time": 25193, "Lat": 21.7327809, "Lon": 114.0546083, "geometric_height": 14425, "TId": "JSA698", "gsp": 367.8, "tan": 183.5870361}, "windSpd_kt": 38.365, "windDir_deg": 96.504, "temperature_K": 560.526, "address": "76aa77", "createdAt": "06:59:53.017796"}