{"time": 25278.537905886, "bds50": {"value": {"rol": -0.2, "tan": 229.395, "gsp": 242, "tanR": null, "tas": 262}, "time": 25278.537905886, "msg": "02188d0696fd9e45b6de829200a8000d8afffa331e400483780bf6"}, "bds60": {"value": {"mhd": 232.734, "ias": 221, "mach": 0.4, "bar": -480, "ivv": 480}, "time": 25278.308949823, "msg": "02188d0696fd90a01f3f929200a00006b3d2c9bb193f8c0f780bf6"}, "df17": {"time": 25277.4609375, "Lat": 23.5963154, "Lon": 113.3419991, "geometric_height": 10300, "TId": "CCA1339", "gsp": 242.6, "tan": 229.3450928}, "windSpd_kt": 24.805, "windDir_deg": 87.361, "temperature_K": 564.86, "address": "780bf6", "createdAt": "07:01:18.571581"}