{"time": 25168.219901755, "bds50": {"value": {"rol": -0.5, "tan": 262.266, "gsp": 406, "tanR": null, "tas": 464}, "time": 25167.220448905, "msg": "02188d0696e3b33c1e89809500a8000925ffbba932fffce87809c2"}, "bds60": {"value": {"mhd": 262.969, "ias": 311, "mach": 0.752, "bar": -32, "ivv": 0}, "time": 25168.219901755, "msg": "02188d0696e3eece8f3b829600a0001098dd8a6f2f3ffc007809c2"}, "df17": {"time": 25166.5, "Lat": 23.3243394, "Lon": 115.8034301, "geometric_height": 27025, "TId": "CES2476", "gsp": 407.6, "tan": 262.3864746}, "windSpd_kt": 58.244, "windDir_deg": 87.875, "temperature_K": 501.254, "address": "7809c2", "createdAt": "06:59:28.257671"}