{"time": 25161.286530888, "bds50": {"value": {"rol": 0.0, "tan": 184.043, "gsp": 358, "tanR": 0.031, "tas": 364}, "time": 25160.944444771, "msg": "02188d0696e23d27e563908f00a8000cb980182f2ce00cb67801c1"}, "bds60": {"value": {"mhd": 186.328, "ias": 324, "mach": 0.56, "bar": 2560, "ivv": 2720}, "time": 25161.286530888, "msg": "02188d0696e2518bb748807a00a8000cb9c24a89232284557801c1"}, "df17": {"time": 25161.078125, "Lat": 22.0403981, "Lon": 114.0773964, "geometric_height": 8150, "TId": "HDA254", "gsp": 356.8, "tan": 184.0155029}, "windSpd_kt": 15.596, "windDir_deg": 72.564, "temperature_K": 556.268, "address": "7801c1", "createdAt": "06:59:21.326104"}