{"time": 25133.696421593, "bds50": {"value": {"rol": 0.5, "tan": 226.406, "gsp": 402, "tanR": 0.0, "tas": 462}, "time": 25133.638882641, "msg": "02188d0696dbe19e155182a200a000149c807a11326004e7780d67"}, "bds60": {"value": {"mhd": 233.438, "ias": 278, "mach": 0.772, "bar": -96, "ivv": 0}, "time": 25133.696421593, "msg": "02188d0696dbe50c0ed980a300a000149cd30a2d307fec00780d67"}, "df17": {"time": 25133.6328125, "Lat": 23.4732556, "Lon": 116.8043876, "geometric_height": 33900, "TId": "CSZ9912", "gsp": 402.5, "tan": 226.307373}, "windSpd_kt": 79.963, "windDir_deg": 91.424, "temperature_K": 471.528, "address": "780d67", "createdAt": "06:58:53.733479"}