{"time": 25203.886643644, "bds50": {"value": {"rol": -4.9, "tan": 239.414, "gsp": 194, "tanR": -0.531, "tas": 204}, "time": 25202.995296179, "msg": "02188d0696ec0794f7b3808100a8000e94fc9aa5187f7c6679a054"}, "bds60": {"value": {"mhd": 240.645, "ias": 183, "mach": 0.312, "bar": -864, "ivv": -864}, "time": 25203.886643644, "msg": "02188d0696ec3cb5d9bc807a00a000049cd5996f13bf2fe579a054"}, "df17": {"time": 25203.625, "Lat": 22.7873826, "Lon": 114.1538501, "geometric_height": 6850, "TId": "CSN6325", "gsp": 193.6, "tan": 239.5953369}, "windSpd_kt": 10.875, "windDir_deg": 83.18, "temperature_K": 562.872, "address": "79a054", "createdAt": "07:00:03.921026"}