{"time": 25129.597244819, "bds50": {"value": {"rol": 0.2, "tan": 184.043, "gsp": 352, "tanR": 0.0, "tas": 358}, "time": 25129.495520829, "msg": "02188d0696daeaa7663d908400a8000ca880382f2c2004b376aa77"}, "bds60": {"value": {"mhd": 188.965, "ias": 296, "mach": 0.548, "bar": 1920, "ivv": 2016}, "time": 25129.597244819, "msg": "02188d0696daf0b79593808500a00007b3c33a512261e43f76aa77"}, "df17": {"time": 25128.8828125, "Lat": 21.8393397, "Lon": 114.0622902, "geometric_height": 12025, "TId": "JSA698", "gsp": 351.8, "tan": 184.0759277}, "windSpd_kt": 31.071, "windDir_deg": 85.38, "temperature_K": 561.904, "address": "76aa77", "createdAt": "06:58:49.633618"}