{"time": 25290.671700695, "bds50": {"value": {"rol": 14.8, "tan": 355.43, "gsp": 252, "tanR": 1.094, "tas": 246}, "time": 25290.671700695, "msg": "02188d0697007180bad7808700a80004998a9fcd1fa11c7b781478"}, "bds60": {"value": {"mhd": 357.891, "ias": 224, "mach": 0.372, "bar": 3136, "ivv": 3232}, "time": 25290.093248861, "msg": "02188d0697004f06415d808500a0000410ff49c117631465781478"}, "df17": {"time": 25290.6171875, "Lat": 22.7749372, "Lon": 113.740747, "geometric_height": 5725, "TId": "CSZ9213", "gsp": 251.8, "tan": 355.446167}, "windSpd_kt": 12.262, "windDir_deg": -64.051, "temperature_K": 575.76, "address": "781478", "createdAt": "07:01:30.705690"}