{"time": 25237.039124627, "bds50": {"value": {"rol": -0.5, "tan": 69.961, "gsp": 156, "tanR": 0.125, "tas": 166}, "time": 25237.032265259, "msg": "02188d0696f3f457e62b818600a00001bbffb31d13a02453780a9b"}, "bds60": {"value": {"mhd": 73.477, "ias": 161, "mach": 0.252, "bar": -224, "ivv": -160}, "time": 25237.039124627, "msg": "02188d0696f3f4c09093828600a00001bb9a29430fffcffb780a9b"}, "df17": {"time": 25236.78125, "Lat": 22.2692871, "Lon": 113.7699294, "geometric_height": 2300, "TId": "CPA188", "gsp": 155.3, "tan": 70.0488281}, "windSpd_kt": 14.053, "windDir_deg": -63.618, "temperature_K": 571.312, "address": "780a9b", "createdAt": "07:00:37.084251"}