{"time": 25198.854481583, "bds50": {"value": {"rol": 0.5, "tan": 260.156, "gsp": 348, "tanR": 0.031, "tas": 362}, "time": 25198.854481583, "msg": "02188d0696eb10c526af919000a8001e91807b912ba00cb5780e17"}, "bds60": {"value": {"mhd": 262.441, "ias": 291, "mach": 0.56, "bar": -960, "ivv": -1024}, "time": 25198.846946883, "msg": "02188d0696eb10522e43809800a00008bfdd5a47233f17e0780e17"}, "df17": {"time": 25198.140625, "Lat": 22.8081322, "Lon": 114.6497154, "geometric_height": 14200, "TId": "CDC8835", "gsp": 348.0, "tan": 260.2386475}, "windSpd_kt": 19.908, "windDir_deg": 126.623, "temperature_K": 550.172, "address": "780e17", "createdAt": "06:59:58.894081"}