{"time": 25088.867525667, "bds50": {"value": {"rol": -0.5, "tan": 248.027, "gsp": 350, "tanR": 0.0, "tas": 372}, "time": 25088.867525667, "msg": "02188d0696d175096423908300a8001d80ffbb072be004ba780265"}, "bds60": {"value": {"mhd": 249.961, "ias": 301, "mach": 0.572, "bar": -64, "ivv": -32}, "time": 25088.843225552, "msg": "02188d0696d1739699d0808100a0000898d8ea5b23fff7ff780265"}, "df17": {"time": 25088.125, "Lat": 22.6439595, "Lon": 113.8608027, "geometric_height": 13425, "TId": "CSN3690", "gsp": 350.0, "tan": 248.1976318}, "windSpd_kt": 25.146, "windDir_deg": 97.978, "temperature_K": 556.868, "address": "780265", "createdAt": "06:58:08.901078"}