{"time": 25135.261251349, "bds50": {"value": {"rol": -0.9, "tan": 76.816, "gsp": 178, "tanR": -0.094, "tas": 180}, "time": 25135.261251349, "msg": "02188d0696dc42517715808000a8000435ff736b167fec5a780447"}, "bds60": {"value": {"mhd": 81.211, "ias": 171, "mach": 0.272, "bar": -864, "ivv": -800}, "time": 25135.243234015, "msg": "02188d0696dc413e8adf807f00a00002999ce957113f2fe7780447"}, "df17": {"time": 25135.109375, "Lat": 22.4505615, "Lon": 113.7994337, "geometric_height": 3500, "TId": "CSZ9902", "gsp": 176.7, "tan": 76.90979}, "windSpd_kt": 13.872, "windDir_deg": -19.27, "temperature_K": 576.588, "address": "780447", "createdAt": "06:58:55.320124"}