{"time": 25181.448206096, "bds50": {"value": {"rol": 0.5, "tan": 213.398, "gsp": 412, "tanR": 0.031, "tas": 450}, "time": 25181.448206096, "msg": "02188d0696e703467710818900a8000f3c80797d33a00ce170e050"}, "bds60": {"value": {"mhd": 217.969, "ias": 293, "mach": 0.732, "bar": 1088, "ivv": 1088}, "time": 25181.437759488, "msg": "02188d0696e702a71000918a00a000119dcd8a4b2de1142270e050"}, "df17": {"time": 25181.2890625, "Lat": 21.198678, "Lon": 113.865416, "geometric_height": 28975, "TId": "JCC625", "gsp": 412.2, "tan": 213.4204102}, "windSpd_kt": 51.219, "windDir_deg": 77.839, "temperature_K": 497.578, "address": "70e050", "createdAt": "06:59:41.485259"}