{"time": 25207.193500126, "bds50": {"value": {"rol": 0.2, "tan": 64.688, "gsp": 456, "tanR": -0.062, "tas": 410}, "time": 25207.193500126, "msg": "02188d0696ed01d079de818e00a800153d8032e1393ff4cd7810b1"}, "bds60": {"value": {"mhd": 66.621, "ias": 287, "mach": 0.656, "bar": -128, "ivv": 32}, "time": 25206.667279235, "msg": "02188d0696ece272fb83818e00a0000eb097ba3f293fe4017810b1"}, "df17": {"time": 25203.6796875, "Lat": 23.1028104, "Lon": 115.2586842, "geometric_height": 23925, "TId": "GCR7441", "gsp": 455.7, "tan": 64.6710205}, "windSpd_kt": 48.257, "windDir_deg": 48.035, "temperature_K": 514.302, "address": "7810b1", "createdAt": "07:00:07.233750"}