{"time": 25268.68976511, "bds50": {"value": {"rol": -0.2, "tan": 338.203, "gsp": 238, "tanR": null, "tas": 234}, "time": 25268.68976511, "msg": "02188d0696fb534702f6808000a0000496ffff091dfffc75780a22"}, "bds60": {"value": {"mhd": 339.609, "ias": 210, "mach": 0.356, "bar": -1248, "ivv": -1248}, "time": 25267.991562707, "msg": "02188d0696fb29a949d3807f00a0000497f8c9a5167ecfd9780a22"}, "df17": {"time": 25268.4765625, "Lat": 22.0081258, "Lon": 113.8205051, "geometric_height": 6750, "TId": "CRK108", "gsp": 238.0, "tan": 338.2855225}, "windSpd_kt": 7.038, "windDir_deg": -76.463, "temperature_K": 568.84, "address": "780a22", "createdAt": "07:01:08.723156"}