{"time": 25115.068900135, "bds50": {"value": {"rol": -23.0, "tan": 11.426, "gsp": 356, "tanR": -1.25, "tas": 346}, "time": 25115.068900135, "msg": "02188d0696d78ec2a327807f00a8000cafefb0832cbec4ad780239"}, "bds60": {"value": {"mhd": 9.316, "ias": 280, "mach": 0.532, "bar": 2336, "ivv": 2272}, "time": 25115.051786394, "msg": "02188d0696d78dbd809a807f00a0000896835a3121624c47780239"}, "df17": {"time": 25114.96875, "Lat": 22.3884845, "Lon": 114.3864512, "geometric_height": 13400, "TId": "HDA704", "gsp": 355.7, "tan": 12.6672363}, "windSpd_kt": 16.341, "windDir_deg": 62.648, "temperature_K": 556.912, "address": "780239", "createdAt": "06:58:35.112784"}