{"time": 25175.589966364, "bds50": {"value": {"rol": 0.0, "tan": 229.395, "gsp": 322, "tanR": null, "tas": 346}, "time": 25175.581424541, "msg": "02188d0696e5a5967b9d809400a80003b9801a33287ffcad781155"}, "bds60": {"value": {"mhd": 236.25, "ias": 275, "mach": 0.532, "bar": -64, "ivv": 0}, "time": 25175.589966364, "msg": "02188d0696e5a618d21c809300a0000930d40a27217ff400781155"}, "df17": {"time": 25174.8984375, "Lat": 24.2032886, "Lon": 114.366045, "geometric_height": 14475, "TId": "CSN380", "gsp": 321.2, "tan": 229.4165039}, "windSpd_kt": 46.571, "windDir_deg": 111.864, "temperature_K": 556.912, "address": "781155", "createdAt": "06:59:35.620387"}