{"time": 25303.262817295, "bds50": {"value": {"rol": 0.4, "tan": 109.16, "gsp": 180, "tanR": 0.0, "tas": 184}, "time": 25303.262817295, "msg": "02188d0697035ffdec0f808800a80008148054db16a0045c781433"}, "bds60": {"value": {"mhd": 114.785, "ias": 171, "mach": 0.28, "bar": -1024, "ivv": -1024}, "time": 25302.675005921, "msg": "02188d0697033cf4a1e1908000a0000336a8d95711bf07e0781433"}, "df17": {"time": 25303.03125, "Lat": 22.4648952, "Lon": 113.742528, "geometric_height": 4650, "TId": "CSZ9504", "gsp": 180.8, "tan": 109.0338135}, "windSpd_kt": 18.302, "windDir_deg": 9.364, "temperature_K": 568.562, "address": "781433", "createdAt": "07:01:43.297140"}