{"time": 25179.998989046, "bds50": {"value": {"rol": 0.0, "tan": 262.617, "gsp": 386, "tanR": 0.0, "tas": 432}, "time": 25179.998989046, "msg": "02188d0696e6ace52af6808f00a0000f38801bad306004d87807da"}, "bds60": {"value": {"mhd": 262.969, "ias": 299, "mach": 0.696, "bar": -128, "ivv": 0}, "time": 25179.315123985, "msg": "02188d0696e684223711828900a0000f38dd8a572bbfe4007807da"}, "df17": {"time": 25179.8125, "Lat": 23.2679272, "Lon": 114.8969078, "geometric_height": 24900, "TId": "CSN3650", "gsp": 385.2, "tan": 262.6885986}, "windSpd_kt": 46.068, "windDir_deg": 85.92, "temperature_K": 507.232, "address": "7807da", "createdAt": "06:59:40.036504"}