{"time": 25112.937642623, "bds50": {"value": {"rol": -0.2, "tan": 64.688, "gsp": 478, "tanR": 0.0, "tas": 430}, "time": 25112.681855087, "msg": "02188d0696d7007b386f908b00a0001012fff2e13be004d77810b1"}, "bds60": {"value": {"mhd": 67.5, "ias": 294, "mach": 0.696, "bar": -1408, "ivv": -1568}, "time": 25112.937642623, "msg": "02188d0696d70fba3a7f908b00a0001012980a4d2bbea7cf7810b1"}, "df17": {"time": 25112.3046875, "Lat": 23.0186749, "Lon": 115.0663805, "geometric_height": 26075, "TId": "GCR7441", "gsp": 479.9, "tan": 64.7149658}, "windSpd_kt": 52.905, "windDir_deg": 41.189, "temperature_K": 502.546, "address": "7810b1", "createdAt": "06:58:32.973002"}