{"time": 25299.76324364, "bds50": {"value": {"rol": 0.4, "tan": 114.785, "gsp": 236, "tanR": 0.0, "tas": 232}, "time": 25299.76324364, "msg": "02188d0697028f66aa78808e00a800122280551b1da00474780749"}, "bds60": {"value": {"mhd": 120.059, "ias": 214, "mach": 0.356, "bar": -640, "ivv": -640}, "time": 25299.756226898, "msg": "02188d0697028efb9952918a00a00003bcaab9ad167f67ec780749"}, "df17": {"time": 25299.7578125, "Lat": 23.0360126, "Lon": 113.0171299, "geometric_height": 5650, "TId": "CSN8516", "gsp": 235.8, "tan": 114.8236084}, "windSpd_kt": 21.899, "windDir_deg": 37.935, "temperature_K": 559.156, "address": "780749", "createdAt": "07:01:39.806199"}