{"time": 25095.228333874, "bds50": {"value": {"rol": 0.9, "tan": 260.156, "gsp": 342, "tanR": -0.062, "tas": 372}, "time": 25095.228333874, "msg": "02188d0696d2f02b9f3290a000a8001e9180bb912afff4ba780e17"}, "bds60": {"value": {"mhd": 263.145, "ias": 290, "mach": 0.576, "bar": -896, "ivv": -992}, "time": 25095.219163842, "msg": "02188d0696d2ef9fb2c2819700a0000a15dd9a45243f27e1780e17"}, "df17": {"time": 25095.1953125, "Lat": 22.836349, "Lon": 114.8260546, "geometric_height": 16075, "TId": "CDC8835", "gsp": 341.9, "tan": 260.2331543}, "windSpd_kt": 35.301, "windDir_deg": 113.488, "temperature_K": 549.16, "address": "780e17", "createdAt": "06:58:15.278053"}