{"time": 25220.123080095, "bds50": {"value": {"rol": -19.2, "tan": 261.211, "gsp": 264, "tanR": -1.469, "tas": 278}, "time": 25219.122645605, "msg": "02188d0696efc8d8ca65808000a8000e2ef27b9d213e8c8b789211"}, "bds60": {"value": {"mhd": 257.871, "ias": 230, "mach": 0.424, "bar": 32, "ivv": -64}, "time": 25220.123080095, "msg": "02188d0696f0047a359f808000a000073fdbb9cd1aa00ffe789211"}, "df17": {"time": 25219.6953125, "Lat": 22.2471213, "Lon": 114.2927027, "geometric_height": 11525, "TId": "CRK611", "gsp": 265.0, "tan": 261.3208008}, "windSpd_kt": 21.103, "windDir_deg": 31.081, "temperature_K": 565.998, "address": "789211", "createdAt": "07:00:20.157601"}