{"time": 25282.651326541, "bds50": {"value": {"rol": 0.0, "tan": 229.395, "gsp": 304, "tanR": null, "tas": 322}, "time": 25282.21276818, "msg": "02188d0696fe794fa9b4828c00a800100a801a33263ffca1780305"}, "bds60": {"value": {"mhd": 233.965, "ias": 267, "mach": 0.488, "bar": -832, "ivv": -736}, "time": 25282.651326541, "msg": "02188d0696fe9373884d809300a000073ad33a171ebf37e9780305"}, "df17": {"time": 25282.515625, "Lat": 23.9482641, "Lon": 114.0417552, "geometric_height": 11475, "TId": "CQH8855", "gsp": 303.7, "tan": 229.5428467}, "windSpd_kt": 30.764, "windDir_deg": 105.903, "temperature_K": 573.232, "address": "780305", "createdAt": "07:01:22.687171"}