{"time": 24599.325995244, "bds50": {"value": {"rol": -0.2, "tan": 327.656, "gsp": 226, "tanR": null, "tas": 212}, "time": 24598.396686128, "msg": "02188d06965f42b24f30808900a8000807fffe911c7ffc6a780a0e"}, "bds60": {"value": {"mhd": 329.941, "ias": 198, "mach": 0.32, "bar": -576, "ivv": -512}, "time": 24599.325995244, "msg": "02188d06965f7a1670ec808100a0000310f5598d143f77f0780a0e"}, "df17": {"time": 24599, "Lat": 22.1169806, "Lon": 113.7751222, "geometric_height": 4100, "TId": "CPA110", "gsp": 226.1, "tan": 327.6452637}, "windSpd_kt": 16.498, "windDir_deg": -63.163, "temperature_K": 577.87, "address": "780a0e", "createdAt": 