{"time": 25064.410127709, "bds50": {"value": {"rol": 0.7, "tan": 225.527, "gsp": 424, "tanR": 0.0, "tas": 472}, "time": 25064.410127709, "msg": "02188d0696cbc3431d5d908d00a800193c809a07352004ec7805f8"}, "bds60": {"value": {"mhd": 230.801, "ias": 308, "mach": 0.772, "bar": -32, "ivv": 0}, "time": 25064.399815736, "msg": "02188d0696cbc2a5c438808d00a00011b8d21a69307ffc007805f8"}, "df17": {"time": 25063.671875, "Lat": 22.7885842, "Lon": 113.0761814, "geometric_height": 29100, "TId": "CSN6483", "gsp": 424.3, "tan": 225.5712891}, "windSpd_kt": 63.234, "windDir_deg": 88.851, "temperature_K": 492.16, "address": "7805f8", "createdAt": "06:57:44.462223"}