{"time": 25115.287753071, "bds50": {"value": {"rol": 0.4, "tan": 70.84, "gsp": 132, "tanR": -0.312, "tas": 140}, "time": 25115.287753071, "msg": "02188d0696d79bce116f908300a80018b780532710bfb446780a71"}, "bds60": {"value": {"mhd": 70.137, "ias": 138, "mach": 0.212, "bar": -672, "ivv": -608}, "time": 25115.28027584, "msg": "02188d0696d79b5bf980908200a000013598f9150d7f5fed780a71"}, "df17": {"time": 25114.4921875, "Lat": 22.2882771, "Lon": 113.8277793, "geometric_height": 1375, "TId": "HKE553", "gsp": 132.3, "tan": 71.015625}, "windSpd_kt": 8.172, "windDir_deg": -121.294, "temperature_K": 574.172, "address": "780a71", "createdAt": "06:58:35.327880"}