{"time": 24631.934850232, "bds50": {"value": {"rol": 0.2, "tan": 192.305, "gsp": 462, "tanR": 0.0, "tas": 482}, "time": 24630.937514255, "msg": "02188d069666d647f10f809c00a8000db180388d39e004f1780a57"}, "bds60": {"value": {"mhd": 199.16, "ias": 295, "mach": 0.804, "bar": 1344, "ivv": 1376}, "time": 24631.934850232, "msg": "02188d06966711ba14b8919500a0001436c6da4f3261542b780a57"}, "df17": {"time": 24631.0703125, "Lat": 20.437746, "Lon": 113.8850713, "geometric_height": 33425, "TId": "CPA735", "gsp": 461.4, "tan": 192.2607422}, "windSpd_kt": 59.865, "windDir_deg": 86.252, "temperature_K": 473.194, "address": "780a57", "createdAt": 