{"time": 25151.286725201, "bds50": {"value": {"rol": -0.2, "tan": 112.148, "gsp": 208, "tanR": null, "tas": 210}, "time": 25151.286725201, "msg": "02188d0696dffd82ca51808000a8000926fff4fd1a3ffc697811e2"}, "bds60": {"value": {"mhd": 117.246, "ias": 195, "mach": 0.32, "bar": -288, "ivv": -448}, "time": 25150.006971553, "msg": "02188d0696dfb13b4ca1907f00a0000391a9b987143fbff27811e2"}, "df17": {"time": 25150.8046875, "Lat": 22.4759674, "Lon": 113.7082386, "geometric_height": 4925, "TId": "CSC8783", "gsp": 209.4, "tan": 112.1594238}, "windSpd_kt": 18.697, "windDir_deg": 18.563, "temperature_K": 567.018, "address": "7811e2", "createdAt": "06:59:11.336183"}