{"time": 25035.058599998, "bds50": {"value": {"rol": -0.2, "tan": 267.715, "gsp": 268, "tanR": null, "tas": 282}, "time": 25035.058599998, "msg": "02188d0696c4edc6583e808800a8280e2efffbe721bffc8d789211"}, "bds60": {"value": {"mhd": 268.242, "ias": 231, "mach": 0.432, "bar": -608, "ivv": -512}, "time": 25033.845706187, "msg": "02188d0696c4a57b0dcb808900a02807bedf69cf1b3f6ff0789211"}, "df17": {"time": 25034.515625, "Lat": 22.2567558, "Lon": 114.5375991, "geometric_height": 12350, "TId": "CRK611", "gsp": 269.2, "tan": 267.8686523}, "windSpd_kt": 14.227, "windDir_deg": 98.22, "temperature_K": 561.034, "address": "789211", "createdAt": "06:57:15.125142"}