{"time": 25038.954841322, "bds50": {"value": {"rol": 0.0, "tan": 268.066, "gsp": 354, "tanR": null, "tas": 378}, "time": 25037.96410715, "msg": "02188d0696c59af4dd8e818a00a8001981801beb2c7ffcbd780124"}, "bds60": {"value": {"mhd": 270.527, "ias": 299, "mach": 0.584, "bar": -1888, "ivv": -1856}, "time": 25038.954841322, "msg": "02188d0696c5d60244ea828500a0000998e03a5724be2fc6780124"}, "df17": {"time": 25038.796875, "Lat": 22.2713256, "Lon": 114.9686623, "geometric_height": 15250, "TId": "HDA865", "gsp": 354.2, "tan": 268.0609131}, "windSpd_kt": 28.685, "windDir_deg": 122.526, "temperature_K": 551.59, "address": "780124", "createdAt": "06:57:18.990654"}