{"time": 25224.055372327, "bds50": {"value": {"rol": 5.6, "tan": 238.008, "gsp": 394, "tanR": 0.312, "tas": 446}, "time": 25224.055372327, "msg": "02188d0696f0eedc3a27829100a0001217841a95316054df78061f"}, "bds60": {"value": {"mhd": 242.051, "ias": 288, "mach": 0.732, "bar": 256, "ivv": -32}, "time": 25222.764414209, "msg": "02188d0696f0a1e9c501918f00a0001218d61a412de047ff78061f"}, "df17": {"time": 25223.3671875, "Lat": 22.5200415, "Lon": 115.967195, "geometric_height": 29625, "TId": "CQH8615", "gsp": 395.9, "tan": 237.7935791}, "windSpd_kt": 59.821, "windDir_deg": 89.72, "temperature_K": 488.77, "address": "78061f", "createdAt": "07:00:24.096923"}