{"time": 25223.886395736, "bds50": {"value": {"rol": 0.9, "tan": 259.98, "gsp": 346, "tanR": -0.156, "tas": 362}, "time": 25223.16984502, "msg": "02188d0696f0ba14271c829100a8001e9180bb8f2b7fdcb5780e17"}, "bds60": {"value": {"mhd": 262.266, "ias": 292, "mach": 0.556, "bar": -992, "ivv": -992}, "time": 25223.886395736, "msg": "02188d0696f0e4c9d958808700a000089fdd4a4922ff0fe1780e17"}, "df17": {"time": 25222.8515625, "Lat": 22.8013515, "Lon": 114.6073365, "geometric_height": 13775, "TId": "CDC8835", "gsp": 346.3, "tan": 260.0189209}, "windSpd_kt": 21.339, "windDir_deg": 122.563, "temperature_K": 558.118, "address": "780e17", "createdAt": "07:00:23.919319"}