{"time": 25111.35111984, "bds50": {"value": {"rol": -22.0, "tan": 136.055, "gsp": 226, "tanR": -1.969, "tas": 228}, "time": 25111.35111984, "msg": "02188d0696d6b129cfe0808700a8000814f0760d1c7e0c72781433"}, "bds60": {"value": {"mhd": 136.406, "ias": 207, "mach": 0.348, "bar": -832, "ivv": -608}, "time": 25110.646532779, "msg": "02188d0696d6872aaaab808800a8000814b0899f15ff37ed781433"}, "df17": {"time": 25110.65625, "Lat": 22.5359845, "Lon": 113.5593653, "geometric_height": 6025, "TId": "CSZ9504", "gsp": 225.7, "tan": 139.6746826}, "windSpd_kt": 2.436, "windDir_deg": -8.958, "temperature_K": 565.156, "address": "781433", "createdAt": "06:58:31.385068"}