{"time": 24655.264730442, "bds50": {"value": {"rol": -0.2, "tan": 270.879, "gsp": 414, "tanR": null, "tas": 466}, "time": 24655.264730442, "msg": "02188d06966c804bcd4a818f00a800178dfffc0b33fffce9899029"}, "bds60": {"value": {"mhd": 271.758, "ias": 283, "mach": 0.772, "bar": -928, "ivv": -832}, "time": 24655.257780265, "msg": "02188d06966c7fe1c029829100a0001434e0aa37307f1fe6899029"}, "df17": {"time": 24655.015625, "Lat": 22.3803091, "Lon": 115.2793479, "geometric_height": 33425, "TId": "TTW371", "gsp": 414.0, "tan": 270.8294678}, "windSpd_kt": 52.435, "windDir_deg": 98.715, "temperature_K": 479.728, "address": "899029", "createdAt": 