{"time": 24627.702453059, "bds50": {"value": {"rol": 0.4, "tan": 197.578, "gsp": 420, "tanR": 0.031, "tas": 462}, "time": 24627.695181353, "msg": "02188d0696661505de29809000a000149c8058c934a00ce77809ab"}, "bds60": {"value": {"mhd": 207.246, "ias": 280, "mach": 0.776, "bar": -128, "ivv": 0}, "time": 24627.702453059, "msg": "02188d0696661574d343828900a000149cc9ba3130bfe4007809ab"}, "df17": {"time": 24627.5546875, "Lat": 23.6806655, "Lon": 113.9156914, "geometric_height": 33900, "TId": "CQH8579", "gsp": 421.7, "tan": 197.5341797}, "windSpd_kt": 85.298, "windDir_deg": 83.029, "temperature_K": 466.678, "address": "7809ab", "createdAt": 