{"time": 24653.411945957, "bds50": {"value": {"rol": -0.2, "tan": 318.34, "gsp": 244, "tanR": null, "tas": 238}, "time": 24653.404935695, "msg": "02188d06966c1171960f917800a000051cfffe271ebffc77780a71"}, "bds60": {"value": {"mhd": 319.746, "ias": 212, "mach": 0.364, "bar": -1376, "ivv": -1408}, "time": 24653.411945957, "msg": "02188d06966c11dc8de5808100a000051cf1b9a916feafd4780a71"}, "df17": {"time": 24653.171875, "Lat": 21.9607472, "Lon": 113.8953066, "geometric_height": 7750, "TId": "HKE553", "gsp": 245.0, "tan": 318.3068848}, "windSpd_kt": 8.424, "windDir_deg": -85.545, "temperature_K": 562.872, "address": "780a71", "createdAt": 