{"time": 25003.39399668, "bds50": {"value": {"rol": -0.2, "tan": 229.57, "gsp": 410, "tanR": 0.031, "tas": 460}, "time": 25003.384902954, "msg": "02188d0696bd8de0152a82a300a000133cfffa3533600ce6780bc9"}, "bds60": {"value": {"mhd": 233.613, "ias": 281, "mach": 0.748, "bar": -160, "ivv": 0}, "time": 25003.39399668, "msg": "02188d0696bd8e6ad78881a400a000133cd31a332effdc00780bc9"}, "df17": {"time": 25002.6328125, "Lat": 20.7778072, "Lon": 110.7527661, "geometric_height": 31925, "TId": "CQH8565", "gsp": 410.0, "tan": 229.5483398}, "windSpd_kt": 58.64, "windDir_deg": 83.148, "temperature_K": 497.932, "address": "780bc9", "createdAt": "06:56:43.424563"}