{"time": 24616.111956317, "bds50": {"value": {"rol": 0.4, "tan": 46.406, "gsp": 474, "tanR": 0.0, "tas": 426}, "time": 24616.111956317, "msg": "02188d069663629be15d909a00a8000a318052113b6004d57813e0"}, "bds60": {"value": {"mhd": 46.406, "ias": 279, "mach": 0.692, "bar": 64, "ivv": 0}, "time": 24616.10486853, "msg": "02188d069663622fbab2809a00a0001130908a2f2b6014007813e0"}, "df17": {"time": 24615.9140625, "Lat": 22.8088188, "Lon": 112.268579, "geometric_height": 28075, "TId": "OKA2720", "gsp": 475.3, "tan": 46.3623047}, "windSpd_kt": 48.0, "windDir_deg": 46.406, "temperature_K": 498.958, "address": "7813e0", "createdAt": 