{"time": 25229.010752651, "bds50": {"value": {"rol": 5.8, "tan": 317.285, "gsp": 238, "tanR": 0.438, "tas": 230}, "time": 25229.001793471, "msg": "02188d0696f215b09fbf908200a00003b9843e1b1de074738990f5"}, "bds60": {"value": {"mhd": 317.812, "ias": 211, "mach": 0.348, "bar": -992, "ivv": -1056}, "time": 25229.010752651, "msg": "02188d0696f21639548b808000a00003b9f109a715ff0fdf8990f5"}, "df17": {"time": 25228.875, "Lat": 22.0910811, "Lon": 113.8297963, "geometric_height": 5550, "TId": "CAL7863", "gsp": 238.4, "tan": 316.8676758}, "windSpd_kt": 8.284, "windDir_deg": -57.51, "temperature_K": 575.116, "address": "8990f5", "createdAt": "07:00:29.052816"}