{"time": 25053.236048125, "bds50": {"value": {"rol": -0.5, "tan": 332.93, "gsp": 150, "tanR": -0.219, "tas": 150}, "time": 25053.236048125, "msg": "02188d0696c9293c30fd808e00a8000a16ffbecd12ffcc4b780296"}, "bds60": {"value": {"mhd": 337.5, "ias": 147, "mach": 0.228, "bar": -672, "ivv": -736}, "time": 25053.21846988, "msg": "02188d0696c9282ff7f8808e00a000013cf809270e7f5fe9780296"}, "df17": {"time": 25052.8828125, "Lat": 22.5554252, "Lon": 113.8391733, "geometric_height": 1525, "TId": "CSN6889", "gsp": 150.3, "tan": 333.0944824}, "windSpd_kt": 11.961, "windDir_deg": -114.785, "temperature_K": 569.864, "address": "780296", "createdAt": "06:57:33.269990"}