{"time": 25059.097199966, "bds50": {"value": {"rol": 0.2, "tan": 76.992, "gsp": 348, "tanR": null, "tas": 334}, "time": 25059.097199966, "msg": "02188d0696ca8696455e808c00a8000caf80336d2bbffca7780239"}, "bds60": {"value": {"mhd": 79.98, "ias": 279, "mach": 0.508, "bar": 2208, "ivv": 2176}, "time": 25057.709520793, "msg": "02188d0696ca33dff799807a00a00007199c7a2f1fe22c44780239"}, "df17": {"time": 25058.3125, "Lat": 22.3274803, "Lon": 114.3192029, "geometric_height": 10975, "TId": "HDA704", "gsp": 349.1, "tan": 76.9207764}, "windSpd_kt": 22.628, "windDir_deg": 26.691, "temperature_K": 569.146, "address": "780239", "createdAt": "06:57:39.135908"}