{"time": 25195.560968874, "bds50": {"value": {"rol": -0.4, "tan": 277.383, "gsp": 248, "tanR": null, "tas": 260}, "time": 25195.560968874, "msg": "02188d0696ea4c7622aa828900a8001812ffdc551f3ffc82780c75"}, "bds60": {"value": {"mhd": 278.789, "ias": 228, "mach": 0.404, "bar": -192, "ivv": -224}, "time": 25194.859378255, "msg": "02188d0696ea22a4b64f808e00a0000614e329c9197fd7f9780c75"}, "df17": {"time": 25194.7890625, "Lat": 23.2959509, "Lon": 113.6860728, "geometric_height": 9100, "TId": "CSN644", "gsp": 247.0, "tan": 277.4432373}, "windSpd_kt": 13.521, "windDir_deg": 125.535, "temperature_K": 545.308, "address": "780c75", "createdAt": "06:59:55.587557"}