{"time": 24574.081254688, "bds50": {"value": {"rol": 7.9, "tan": 240.293, "gsp": 188, "tanR": 0.844, "tas": 178}, "time": 24574.081254688, "msg": "02188d06965999624520807600a80006ac85baaf17a0dc59780451"}, "bds60": {"value": {"mhd": 240.82, "ias": 170, "mach": 0.268, "bar": -224, "ivv": -160}, "time": 24574.074038653, "msg": "02188d06965998f4297d807500a0000235d5a95510ffcffb780451"}, "df17": {"time": 24573.9609375, "Lat": 22.4830484, "Lon": 113.9189744, "geometric_height": 3000, "TId": "CSN3554", "gsp": 188.7, "tan": 239.765625}, "windSpd_kt": 10.141, "windDir_deg": -128.998, "temperature_K": 580.802, "address": "780451", "createdAt": 