{"time": 25276.472557964, "bds50": {"value": {"rol": -1.2, "tan": 71.367, "gsp": 168, "tanR": 0.094, "tas": 174}, "time": 25276.46555911, "msg": "02188d0696fd22c03646807b00a00000b0ff332d15201c5786eee4"}, "bds60": {"value": {"mhd": 73.125, "ias": 172, "mach": 0.26, "bar": 2304, "ivv": 2432}, "time": 25276.472557964, "msg": "02188d0696fd232b018c807b00a00000b09a09591062444c86eee4"}, "df17": {"time": 25276.15625, "Lat": 22.3049498, "Lon": 113.9253259, "geometric_height": 375, "TId": "ANA860", "gsp": 167.9, "tan": 71.2408447}, "windSpd_kt": 7.97, "windDir_deg": -66.583, "temperature_K": 589.67, "address": "86eee4", "createdAt": "07:01:16.522249"}