{"time": 25021.903804636, "bds50": {"value": {"rol": -0.2, "tan": 71.016, "gsp": 208, "tanR": 0.125, "tas": 214}, "time": 25021.903804636, "msg": "02188d0696c1ddb018dc808300a8001ca5fff3291a20246b8880ca"}, "bds60": {"value": {"mhd": 75.586, "ias": 202, "mach": 0.324, "bar": 1088, "ivv": 1120}, "time": 25021.886532455, "msg": "02188d0696c1dca88b67808200a00002b99ae995146114238880ca"}, "df17": {"time": 25021.390625, "Lat": 22.3332953, "Lon": 114.012959, "geometric_height": 3825, "TId": "HVN593", "gsp": 207.4, "tan": 70.8673096}, "windSpd_kt": 17.861, "windDir_deg": -36.311, "temperature_K": 574.374, "address": "8880ca", "createdAt": "06:57:01.940255"}