{"time": 24607.257445103, "bds50": {"value": {"rol": 0.2, "tan": 251.016, "gsp": 418, "tanR": 0.0, "tas": 466}, "time": 24607.257445103, "msg": "02188d06966152d6c2ef808e00a820160a803b29346004e98880ae"}, "bds60": {"value": {"mhd": 252.598, "ias": 273, "mach": 0.784, "bar": 0, "ivv": -32}, "time": 24605.917345806, "msg": "02188d06966102f6780e808f00a02015b7d9da23312007ff8880ae"}, "df17": {"time": 24606.75, "Lat": 21.029377, "Lon": 113.6111641, "geometric_height": 35975, "TId": "HVN577", "gsp": 418.4, "tan": 251.1749268}, "windSpd_kt": 49.523, "windDir_deg": 86.073, "temperature_K": 465.154, "address": "8880ae", "createdAt": 