{"time": 24662.021939329, "bds50": {"value": {"rol": 0.2, "tan": 318.164, "gsp": 244, "tanR": 0.156, "tas": 238}, "time": 24661.345363034, "msg": "02188d06966deabae45a808400a80018b7803e251ea02c77780a71"}, "bds60": {"value": {"mhd": 319.746, "ias": 212, "mach": 0.364, "bar": -832, "ivv": -800}, "time": 24662.021939329, "msg": "02188d06966e130ea081908b00a0000516f1b9a916ff37e7780a71"}, "df17": {"time": 24661.8515625, "Lat": 21.9685793, "Lon": 113.8878179, "geometric_height": 7600, "TId": "HKE553", "gsp": 244.3, "tan": 318.1530762}, "windSpd_kt": 8.959, "windDir_deg": -89.007, "temperature_K": 562.872, "address": "780a71", "createdAt": 