{"time": 25107.292863788, "bds50": {"value": {"rol": 0.4, "tan": 70.664, "gsp": 134, "tanR": -0.094, "tas": 140}, "time": 25107.292863788, "msg": "02188d0696d5bf45bd2c807f00a80018b780532510ffec46780a71"}, "bds60": {"value": {"mhd": 70.137, "ias": 138, "mach": 0.212, "bar": -768, "ivv": -736}, "time": 25105.971787034, "msg": "02188d0696d57087b51a808400a80018b798f9150d7f47e9780a71"}, "df17": {"time": 25107.2421875, "Lat": 22.2867751, "Lon": 113.8231444, "geometric_height": 1475, "TId": "HKE553", "gsp": 133.4, "tan": 70.7519531}, "windSpd_kt": 6.131, "windDir_deg": -121.46, "temperature_K": 574.172, "address": "780a71", "createdAt": "06:58:27.328781"}