{"time": 24693.635895756, "bds50": {"value": {"rol": -0.4, "tan": 1.582, "gsp": 474, "tanR": null, "tas": 462}, "time": 24693.635895756, "msg": "02188d0696756f6551cc82a400a8000f38ffd0133b7ffce7780340"}, "bds60": {"value": {"mhd": 355.957, "ias": 297, "mach": 0.76, "bar": 1248, "ivv": 1152}, "time": 24693.628400978, "msg": "02188d0696756ef2f55281a400a0001236fe9a532fa13c24780340"}, "df17": {"time": 24689.296875, "Lat": 25.0046468, "Lon": 113.4384513, "geometric_height": 29650, "TId": "AMU016", "gsp": 474.2, "tan": 1.5710449}, "windSpd_kt": 47.466, "windDir_deg": 74.143, "temperature_K": 486.536, "address": "780340", "createdAt": 