{"time": 24679.956823674, "bds50": {"value": {"rol": 0.0, "tan": 229.746, "gsp": 434, "tanR": null, "tas": 480}, "time": 24679.956823674, "msg": "02188d069672400f3e7a819f00a80016a8801a37367ffcf0780507"}, "bds60": {"value": {"mhd": 233.613, "ias": 313, "mach": 0.784, "bar": -32, "ivv": 0}, "time": 24679.519161995, "msg": "02188d06967225f90e8b92a600a00011b8d31a73313ffc00780507"}, "df17": {"time": 24679.96875, "Lat": 21.568265, "Lon": 111.6864109, "geometric_height": 29225, "TId": "CSN6754", "gsp": 434.4, "tan": 229.855957}, "windSpd_kt": 55.359, "windDir_deg": 85.532, "temperature_K": 493.524, "address": "780507", "createdAt": 