{"time": 24692.624166715, "bds50": {"value": {"rol": 0.5, "tan": 80.332, "gsp": 388, "tanR": 0.031, "tas": 358}, "time": 24691.28757589, "msg": "02188d069674e36ccd52809500a0000a9980739330a00cb3780861"}, "bds60": {"value": {"mhd": 82.266, "ias": 276, "mach": 0.56, "bar": 2176, "ivv": 2080}, "time": 24692.624166715, "msg": "02188d06967533178f3b818e00a0000a9b9d4a2923222441780861"}, "df17": {"time": 24692.59375, "Lat": 23.6088896, "Lon": 114.075315, "geometric_height": 16850, "TId": "CSN3795", "gsp": 387.6, "tan": 80.3430176}, "windSpd_kt": 32.531, "windDir_deg": 58.53, "temperature_K": 538.082, "address": "780861", "createdAt": 