{"time": 24709.034478055, "bds50": {"value": {"rol": 0.0, "tan": 333.281, "gsp": 156, "tanR": -0.094, "tas": 154}, "time": 24708.622986632, "msg": "02188d069678ecb22d88808c00a80006ac801ed113bfec4d780451"}, "bds60": {"value": {"mhd": 339.434, "ias": 151, "mach": 0.232, "bar": -896, "ivv": -928}, "time": 24709.034478055, "msg": "02188d069679053909e7808b00a80006acf8b92f0ebf27e3780451"}, "df17": {"time": 24708.7578125, "Lat": 22.5484729, "Lon": 113.8429713, "geometric_height": 1700, "TId": "CSN3554", "gsp": 155.6, "tan": 333.2702637}, "windSpd_kt": 16.757, "windDir_deg": -106.798, "temperature_K": 580.128, "address": "780451", "createdAt": 