{"time": 25227.884182801, "bds50": {"value": {"rol": 0.9, "tan": 263.496, "gsp": 320, "tanR": 0.031, "tas": 356}, "time": 25227.87475518, "msg": "02188d0696f1d283626c828900a800112580bbb728200cb27805e0"}, "bds60": {"value": {"mhd": 266.133, "ias": 268, "mach": 0.556, "bar": -1248, "ivv": -1184}, "time": 25227.884182801, "msg": "02188d0696f1d3133d11828a00a0000b90deaa1922fecfdb7805e0"}, "df17": {"time": 25227.0390625, "Lat": 22.8826118, "Lon": 115.217185, "geometric_height": 18375, "TId": "CXA8643", "gsp": 321.0, "tan": 263.5620117}, "windSpd_kt": 39.208, "windDir_deg": 108.188, "temperature_K": 539.77, "address": "7805e0", "createdAt": "07:00:27.924529"}