{"time": 24590.110566783, "bds50": {"value": {"rol": -0.2, "tan": 333.809, "gsp": 198, "tanR": -0.062, "tas": 190}, "time": 24590.101556992, "msg": "02188d06965d5444af00808500a00002b4fffed718fff45f780ac2"}, "bds60": {"value": {"mhd": 337.148, "ias": 178, "mach": 0.288, "bar": -960, "ivv": -992}, "time": 24590.110566783, "msg": "02188d06965d54ce297f808c00a00002b4f7e965123f17e1780ac2"}, "df17": {"time": 24590.109375, "Lat": 22.2102141, "Lon": 113.7244177, "geometric_height": 3750, "TId": "CRK772", "gsp": 198.2, "tan": 333.951416}, "windSpd_kt": 13.847, "windDir_deg": -79.246, "temperature_K": 573.034, "address": "780ac2", "createdAt": 