{"time": 24568.230859539, "bds50": {"value": {"rol": 0.5, "tan": 70.312, "gsp": 484, "tanR": null, "tas": 434}, "time": 24567.80696986, "msg": "02188d0696582368480480a500a80001a68073213cbffcd9780a9e"}, "bds60": {"value": {"mhd": 72.598, "ias": 274, "mach": 0.712, "bar": 32, "ivv": 0}, "time": 24568.230859539, "msg": "02188d0696583cac5313819d00a00012b499da252ca00c00780a9e"}, "df17": {"time": 24565.234375, "Lat": 21.0633445, "Lon": 112.1528792, "geometric_height": 30875, "TId": "CRK170", "gsp": 483.0, "tan": 70.4003906}, "windSpd_kt": 53.238, "windDir_deg": 51.336, "temperature_K": 489.19, "address": "780a9e", "createdAt": 