{"time": 25228.075747269, "bds50": {"value": {"rol": 0.4, "tan": 268.418, "gsp": 416, "tanR": 0.0, "tas": 470}, "time": 25228.075747269, "msg": "02188d0696f1de7e47c5809e00a000151f805bef342004eb780ab2"}, "bds60": {"value": {"mhd": 269.648, "ias": 280, "mach": 0.788, "bar": -640, "ivv": -992}, "time": 25226.781791404, "msg": "02188d0696f1915e14ac929b00a0001530dfea31317f67e1780ab2"}, "df17": {"time": 25226.8359375, "Lat": 22.3100138, "Lon": 116.3736892, "geometric_height": 35000, "TId": "HKE547", "gsp": 414.2, "tan": 268.4783936}, "windSpd_kt": 54.828, "windDir_deg": 99.022, "temperature_K": 468.382, "address": "780ab2", "createdAt": "07:00:28.111288"}