{"time": 24619.524919349, "bds50": {"value": {"rol": -0.4, "tan": 259.805, "gsp": 354, "tanR": 0.0, "tas": 380}, "time": 24618.871432036, "msg": "02188d06966407162364808400a8001d80ffdb8d2c6004be780265"}, "bds60": {"value": {"mhd": 261.387, "ias": 300, "mach": 0.588, "bar": -1024, "ivv": -1024}, "time": 24619.524919349, "msg": "02188d0696642e099035808500a000099fdcfa5924ff07e0780265"}, "df17": {"time": 24618.4609375, "Lat": 22.8133464, "Lon": 114.6637058, "geometric_height": 15350, "TId": "CSN3690", "gsp": 354.4, "tan": 259.9255371}, "windSpd_kt": 27.902, "windDir_deg": 101.89, "temperature_K": 549.882, "address": "780265", "createdAt": 