{"time": 24602.008169411, "bds50": {"value": {"rol": -0.7, "tan": 263.496, "gsp": 342, "tanR": -0.062, "tas": 378}, "time": 24602.008169411, "msg": "02188d06966019f52bc3808b00a8000e94ff9bb72afff4bd79a054"}, "bds60": {"value": {"mhd": 265.43, "ias": 281, "mach": 0.596, "bar": -1984, "ivv": -1952}, "time": 24600.727942248, "msg": "02188d06965fcda67468808a00a0000c18de6a33257e17c379a054"}, "df17": {"time": 24601.375, "Lat": 22.8580856, "Lon": 114.9779749, "geometric_height": 19400, "TId": "CSN6325", "gsp": 342.3, "tan": 263.4576416}, "windSpd_kt": 37.991, "windDir_deg": 103.117, "temperature_K": 529.602, "address": "79a054", "createdAt": 