{"time": 25090.703046462, "bds50": {"value": {"rol": 0.2, "tan": 268.242, "gsp": 364, "tanR": 0.062, "tas": 412}, "time": 25090.703046462, "msg": "02188d0696d1e271373e829200a8001ab0803bed2da014ce789207"}, "bds60": {"value": {"mhd": 268.945, "ias": 261, "mach": 0.676, "bar": -1056, "ivv": -1216}, "time": 25090.694958465, "msg": "02188d0696d1e1f5cd81809900a0001290dfaa0b2a7effda789207"}, "df17": {"time": 25090.71875, "Lat": 22.302525, "Lon": 116.0578752, "geometric_height": 30275, "TId": "HKE619", "gsp": 363.2, "tan": 268.2641602}, "windSpd_kt": 48.235, "windDir_deg": 94.258, "temperature_K": 489.056, "address": "789207", "createdAt": "06:58:10.742254"}