{"time": 25302.548850238, "bds50": {"value": {"rol": -1.1, "tan": 0.176, "gsp": 254, "tanR": -0.094, "tas": 244}, "time": 25302.548850238, "msg": "02188d069703356fa63e808500a8000499ff50031fffec7a781478"}, "bds60": {"value": {"mhd": 1.055, "ias": 222, "mach": 0.376, "bar": 2944, "ivv": 2752}, "time": 25302.534262441, "msg": "02188d06970334910ea9808600a00004388069bd17a2e456781478"}, "df17": {"time": 25302.1953125, "Lat": 22.7884769, "Lon": 113.7406397, "geometric_height": 6250, "TId": "CSZ9213", "gsp": 255.1, "tan": 0.2252197}, "windSpd_kt": 10.705, "windDir_deg": -20.292, "temperature_K": 554.45, "address": "781478", "createdAt": "07:01:42.579462"}