{"time": 25018.973922917, "bds50": {"value": {"rol": 0.2, "tan": 192.656, "gsp": 418, "tanR": null, "tas": 462}, "time": 25017.933581209, "msg": "02188d0696c0f10b4b99929c00a80014a1803891347ffce778114c"}, "bds60": {"value": {"mhd": 204.258, "ias": 290, "mach": 0.768, "bar": 96, "ivv": 32}, "time": 25018.973922917, "msg": "02188d0696c12f0da665819c00a000133cc8aa4530201c0178114c"}, "df17": {"time": 25018.046875, "Lat": 25.5453157, "Lon": 114.7531629, "geometric_height": 31625, "TId": "CSN3510", "gsp": 418.1, "tan": 192.7056885}, "windSpd_kt": 99.133, "windDir_deg": 82.253, "temperature_K": 476.452, "address": "78114c", "createdAt": "06:56:59.001482"}