{"time": 24562.19878239, "bds50": {"value": {"rol": 0.5, "tan": 229.395, "gsp": 328, "tanR": null, "tas": 352}, "time": 24562.19878239, "msg": "02188d069656d52221b6819600a8000804807a33293ffcb07814d9"}, "bds60": {"value": {"mhd": 236.426, "ias": 281, "mach": 0.544, "bar": 32, "ivv": 0}, "time": 24561.922704914, "msg": "02188d069656c4ad8612809f00a0000930d41a3322200c007814d9"}, "df17": {"time": 24558.4921875, "Lat": 24.1771102, "Lon": 114.332571, "geometric_height": 14450, "TId": "CES7320", "gsp": 328.5, "tan": 229.5703125}, "windSpd_kt": 48.088, "windDir_deg": 113.033, "temperature_K": 551.246, "address": "7814d9", "createdAt": 