{"time": 24589.645891951, "bds50": {"value": {"rol": 0.5, "tan": 1.582, "gsp": 482, "tanR": 0.0, "tas": 460}, "time": 24589.645891951, "msg": "02188d06965d391bc96f91ae00a80018bb8070133c6004e6780e1d"}, "bds60": {"value": {"mhd": 354.375, "ias": 283, "mach": 0.768, "bar": 160, "ivv": 32}, "time": 24589.638547759, "msg": "02188d06965d38abb92f829e00a0001414fe0a3730202c01780e1d"}, "df17": {"time": 24587.140625, "Lat": 25.9068561, "Lon": 113.5567045, "geometric_height": 32550, "TId": "CCA104", "gsp": 481.2, "tan": 1.4282227}, "windSpd_kt": 63.146, "windDir_deg": 67.631, "temperature_K": 472.336, "address": "780e1d", "createdAt": 