{"time": 24606.03232765, "bds50": {"value": {"rol": 24.1, "tan": 157.148, "gsp": 278, "tanR": 1.812, "tas": 292}, "time": 24605.455878769, "msg": "02188d069660e7750a71807800a00003989136fd22e1d492780126"}, "bds60": {"value": {"mhd": 169.453, "ias": 271, "mach": 0.444, "bar": 64, "ivv": 160}, "time": 24606.03232765, "msg": "02188d06966109d0f3e2808200a0000398bc4a1f1be01405780126"}, "df17": {"time": 24605.8125, "Lat": 22.3211932, "Lon": 114.071753, "geometric_height": 5075, "TId": "HDA694", "gsp": 279.5, "tan": 161.4331055}, "windSpd_kt": 62.656, "windDir_deg": 60.465, "temperature_K": 569.452, "address": "780126", "createdAt": 