{"time": 24595.803307608, "bds50": {"value": {"rol": -0.4, "tan": 224.297, "gsp": 418, "tanR": null, "tas": 478}, "time": 24595.803307608, "msg": "02188d06965ea81e7e58918a00a82812b9ffd9f9347ffcef781392"}, "bds60": {"value": {"mhd": 231.328, "ias": 272, "mach": 0.82, "bar": 32, "ivv": 0}, "time": 24594.885067136, "msg": "02188d06965e71634180819600a028171cd24a2133600c00781392"}, "df17": {"time": 24595.6484375, "Lat": 22.5936198, "Lon": 112.8131104, "geometric_height": 38125, "TId": "CES235", "gsp": 418.6, "tan": 224.2254639}, "windSpd_kt": 81.271, "windDir_deg": 90.346, "temperature_K": 447.39, "address": "781392", "createdAt": 