{"time": 25302.752882912, "bds50": {"value": {"rol": -0.5, "tan": 332.93, "gsp": 166, "tanR": 0.062, "tas": 162}, "time": 25302.752882912, "msg": "02188d0697034198f0e0807b00a8000435ffbecd14e01451780447"}, "bds60": {"value": {"mhd": 338.379, "ias": 158, "mach": 0.248, "bar": -832, "ivv": -864}, "time": 25302.745394529, "msg": "02188d0697034126ad61807b00a00001b1f8593d0fbf37e5780447"}, "df17": {"time": 25302.6875, "Lat": 22.530899, "Lon": 113.852756, "geometric_height": 2075, "TId": "CSZ9902", "gsp": 165.0, "tan": 332.9681396}, "windSpd_kt": 16.095, "windDir_deg": -99.972, "temperature_K": 561.804, "address": "780447", "createdAt": "07:01:42.778272"}