{"time": 25042.682708759, "bds50": {"value": {"rol": -0.2, "tan": 268.418, "gsp": 378, "tanR": 0.0, "tas": 426}, "time": 25041.529357056, "msg": "02188d0696c66f764300829200a000131efffbef2f6004d5789207"}, "bds60": {"value": {"mhd": 269.473, "ias": 264, "mach": 0.7, "bar": -960, "ivv": -992}, "time": 25042.682708759, "msg": "02188d0696c6b4350317819100a000131ddfda112bff17e1789207"}, "df17": {"time": 25042.421875, "Lat": 22.3047566, "Lon": 116.1464095, "geometric_height": 31475, "TId": "HKE619", "gsp": 377.1, "tan": 268.4783936}, "windSpd_kt": 48.565, "windDir_deg": 97.712, "temperature_K": 487.62, "address": "789207", "createdAt": "06:57:22.719534"}