{"time": 25172.940155205, "bds50": {"value": {"rol": -0.2, "tan": 132.188, "gsp": 432, "tanR": null, "tas": 418}, "time": 25172.940155205, "msg": "02188d0696e50827e945909300a8000daefff5e1363ffcd178018d"}, "bds60": {"value": {"mhd": 139.043, "ias": 296, "mach": 0.668, "bar": 1120, "ivv": 1120}, "time": 25172.891540353, "msg": "02188d0696e505421b81818b00a0000e39b17a5129e11c2378018d"}, "df17": {"time": 25172.796875, "Lat": 21.6340756, "Lon": 115.0238085, "geometric_height": 23300, "TId": "CPA919", "gsp": 431.8, "tan": 132.1820068}, "windSpd_kt": 52.704, "windDir_deg": 60.992, "temperature_K": 515.534, "address": "78018d", "createdAt": "06:59:32.979975"}