{"time": 25004.784210704, "bds50": {"value": {"rol": 0.5, "tan": 204.785, "gsp": 382, "tanR": null, "tas": 400}, "time": 25004.776302412, "msg": "02188d0696bde0cf274c818e00a0000c1580791b2ffffcc8780264"}, "bds60": {"value": {"mhd": 211.641, "ias": 300, "mach": 0.632, "bar": -992, "ivv": -832}, "time": 25004.784210704, "msg": "02188d0696bde147d310809500a0000c15cb4a5927bf0fe6780264"}, "df17": {"time": 25004.5390625, "Lat": 24.1742134, "Lon": 113.9796782, "geometric_height": 19300, "TId": "CSN3792", "gsp": 381.2, "tan": 204.8181152}, "windSpd_kt": 50.092, "windDir_deg": 97.193, "temperature_K": 527.404, "address": "780264", "createdAt": "06:56:44.807244"}