{"time": 25135.658565556, "bds50": {"value": {"rol": 0.4, "tan": 37.266, "gsp": 444, "tanR": 0.0, "tas": 398}, "time": 25135.658565556, "msg": "02188d0696dc59ffffb4809800a8001cbb8051a937a004c7780a6a"}, "bds60": {"value": {"mhd": 36.035, "ias": 271, "mach": 0.648, "bar": 256, "ivv": 0}, "time": 25135.650485596, "msg": "02188d0696dc5984b55c829100a00010108cda1f28a04400780a6a"}, "df17": {"time": 25134.8125, "Lat": 24.0482569, "Lon": 114.654994, "geometric_height": 25950, "TId": "CRK270", "gsp": 443.2, "tan": 37.2052002}, "windSpd_kt": 46.878, "windDir_deg": 47.775, "temperature_K": 496.676, "address": "780a6a", "createdAt": "06:58:55.711005"}