{"time": 24700.237301509, "bds50": {"value": {"rol": -0.9, "tan": 198.281, "gsp": 274, "tanR": -0.062, "tas": 278}, "time": 24700.237301509, "msg": "02188d069676f8dec705908a00a8000435ff78d1227ff48b780447"}, "bds60": {"value": {"mhd": 201.27, "ias": 249, "mach": 0.428, "bar": -1152, "ivv": -1024}, "time": 24700.226575947, "msg": "02188d069676f83b1e4b808b00a000051bc799f31afee7e0780447"}, "df17": {"time": 24699, "Lat": 22.7076459, "Lon": 113.4377861, "geometric_height": 7700, "TId": "CSZ9902", "gsp": 273.8, "tan": 198.3032227}, "windSpd_kt": 14.942, "windDir_deg": 94.253, "temperature_K": 555.468, "address": "780447", "createdAt": 