{"time": 25059.296109505, "bds50": {"value": {"rol": 0.5, "tan": 70.84, "gsp": 142, "tanR": -0.406, "tas": 152}, "time": 25059.296109505, "msg": "02188d0696ca927163c1808300a80018b780732711ff9c4c780a71"}, "bds60": {"value": {"mhd": 72.246, "ias": 148, "mach": 0.232, "bar": -800, "ivv": -768}, "time": 25058.394238989, "msg": "02188d0696ca5caff00d808300a00001b199b9290ebf3fe8780a71"}, "df17": {"time": 25058.9375, "Lat": 22.2768188, "Lon": 113.7922668, "geometric_height": 2075, "TId": "HKE553", "gsp": 141.9, "tan": 70.6695557}, "windSpd_kt": 10.63, "windDir_deg": -88.62, "temperature_K": 565.156, "address": "780a71", "createdAt": "06:57:39.336039"}