{"time": 25012.792090046, "bds50": {"value": {"rol": 0.0, "tan": 192.129, "gsp": 422, "tanR": 0.031, "tas": 464}, "time": 25012.786261278, "msg": "02188d0696bfbe3d6d1e90a300a8000db180188b34e00ce8780a57"}, "bds60": {"value": {"mhd": 197.578, "ias": 246, "mach": 0.812, "bar": 672, "ivv": 576}, "time": 25012.792090046, "msg": "02188d0696bfbe965dbe819a00a0001996c649ed32e0ac12780a57"}, "df17": {"time": 25009.890625, "Lat": 19.6776295, "Lon": 113.7098479, "geometric_height": 42200, "TId": "CPA735", "gsp": 421.4, "tan": 192.1893311}, "windSpd_kt": 59.445, "windDir_deg": 59.964, "temperature_K": 429.914, "address": "780a57", "createdAt": "06:56:52.823904"}