{"time": 25121.935756694, "bds50": {"value": {"rol": 2.3, "tan": 69.609, "gsp": 158, "tanR": null, "tas": 166}, "time": 25120.815162348, "msg": "02188d0696d8e543a3ec808c00a8001f2e81b31913c00453780170"}, "bds60": {"value": {"mhd": 73.652, "ias": 161, "mach": 0.252, "bar": -224, "ivv": -288}, "time": 25121.935756694, "msg": "02188d0696d9280e8d96818400a00002149a39430fffcff7780170"}, "df17": {"time": 25121.625, "Lat": 22.2676778, "Lon": 113.7650156, "geometric_height": 2550, "TId": "CPA543", "gsp": 157.5, "tan": 69.9554443}, "windSpd_kt": 13.948, "windDir_deg": -53.344, "temperature_K": 571.312, "address": "780170", "createdAt": "06:58:41.970707"}