{"time": 24712.688764493, "bds50": {"value": {"rol": -0.2, "tan": 246.973, "gsp": 414, "tanR": null, "tas": 470}, "time": 24712.683288779, "msg": "02188d069679deb578cb818e00a0001418fffafb33fffceb780ead"}, "bds60": {"value": {"mhd": 250.84, "ias": 288, "mach": 0.78, "bar": -992, "ivv": -928}, "time": 24712.688764493, "msg": "02188d069679df09064d818d00a0001418d93a4130ff0fe3780ead"}, "df17": {"time": 24712.5703125, "Lat": 22.0026326, "Lon": 112.7701092, "geometric_height": 33000, "TId": "CXA837", "gsp": 414.0, "tan": 246.9671631}, "windSpd_kt": 63.419, "windDir_deg": 96.96, "temperature_K": 478.04, "address": "780ead", "createdAt": 