{"time": 24685.42178758, "bds50": {"value": {"rol": -0.4, "tan": 331.875, "gsp": 358, "tanR": null, "tas": 368}, "time": 24685.42178758, "msg": "02188d06967385cbf9bc808900a800189fffdec12cfffcb8780bcf"}, "bds60": {"value": {"mhd": 328.887, "ias": 281, "mach": 0.572, "bar": -800, "ivv": -864}, "time": 24685.413432943, "msg": "02188d069673854c7e6f917e00a0000abcf4fa3323ff3fe5780bcf"}, "df17": {"time": 24685.0859375, "Lat": 22.1712899, "Lon": 113.9746571, "geometric_height": 17425, "TId": "CSN3070", "gsp": 357.1, "tan": 331.9299316}, "windSpd_kt": 21.406, "windDir_deg": 88.221, "temperature_K": 544.956, "address": "780bcf", "createdAt": 