{"time": 25208.815338382, "bds50": {"value": {"rol": -0.2, "tan": 247.852, "gsp": 262, "tanR": 0.0, "tas": 272}, "time": 25208.808194178, "msg": "02188d0696ed620ec082907100a000069cfffb0520e00488780a49"}, "bds60": {"value": {"mhd": 249.609, "ias": 230, "mach": 0.416, "bar": -1024, "ivv": -1024}, "time": 25208.815338382, "msg": "02188d0696ed627bc38e807200a000069cd8c9cd1a3f07e0780a49"}, "df17": {"time": 25208.4765625, "Lat": 22.1845078, "Lon": 114.1250753, "geometric_height": 10200, "TId": "CPA495", "gsp": 261.9, "tan": 248.0383301}, "windSpd_kt": 12.923, "windDir_deg": 108.042, "temperature_K": 562.872, "address": "780a49", "createdAt": "07:00:08.855816"}