{"time": 25238.208267691, "bds50": {"value": {"rol": 6.5, "tan": 109.512, "gsp": 268, "tanR": 0.438, "tas": 258}, "time": 25238.201048549, "msg": "02188d0696f43a021de5808d00a000043184b4df21a07481780749"}, "bds60": {"value": {"mhd": 117.949, "ias": 235, "mach": 0.396, "bar": -576, "ivv": -640}, "time": 25238.208267691, "msg": "02188d0696f43a7045ab828600a0000431a9f9d718ff77ec780749"}, "df17": {"time": 25237.3828125, "Lat": 23.0646372, "Lon": 112.9465771, "geometric_height": 6200, "TId": "CSN8516", "gsp": 269.4, "tan": 108.8360596}, "windSpd_kt": 39.957, "windDir_deg": 38.184, "temperature_K": 558.864, "address": "780749", "createdAt": "07:00:38.247646"}