{"time": 24609.917146715, "bds50": {"value": {"rol": 0.7, "tan": 199.512, "gsp": 412, "tanR": 0.031, "tas": 458}, "time": 24609.917146715, "msg": "02188d069661f15e965b92a400a8001a8a8098df33a00ce5780f76"}, "bds60": {"value": {"mhd": 210.586, "ias": 300, "mach": 0.756, "bar": -512, "ivv": -160}, "time": 24609.6832361, "msg": "02188d069661e36d650480aa00a00011b8caea592f7f87fb780f76"}, "df17": {"time": 24606.1875, "Lat": 25.9440637, "Lon": 114.8698282, "geometric_height": 29075, "TId": "CSZ9610", "gsp": 410.9, "tan": 199.6270752}, "windSpd_kt": 95.619, "windDir_deg": 86.44, "temperature_K": 483.22, "address": "780f76", "createdAt": 