{"time": 24604.342686654, "bds50": {"value": {"rol": 0.2, "tan": 71.191, "gsp": 392, "tanR": 0.0, "tas": 372}, "time": 24602.996911438, "msg": "02188d06966054e42d4e808600a8001e3180332b312004ba7805f5"}, "bds60": {"value": {"mhd": 74.004, "ias": 306, "mach": 0.568, "bar": -128, "ivv": -96}, "time": 24604.342686654, "msg": "02188d069660a51b13be808500a00008109a5a6523bfe7fd7805f5"}, "df17": {"time": 24604.3046875, "Lat": 22.8791142, "Lon": 114.1030598, "geometric_height": 12475, "TId": "DKH1034", "gsp": 393.1, "tan": 71.1474609}, "windSpd_kt": 27.412, "windDir_deg": 29.432, "temperature_K": 564.738, "address": "7805f5", "createdAt": 