{"time": 24591.284276904, "bds50": {"value": {"rol": -0.2, "tan": 146.602, "gsp": 204, "tanR": null, "tas": 208}, "time": 24591.284276904, "msg": "02188d06965d9ac38ea8808400a80010b4fff68519bffc687812a0"}, "bds60": {"value": {"mhd": 149.941, "ias": 195, "mach": 0.316, "bar": -800, "ivv": -992}, "time": 24590.490548612, "msg": "02188d06965d6b743984808700a80010b4b5598713ff3fe17812a0"}, "df17": {"time": 24591.1640625, "Lat": 22.5452971, "Lon": 113.7190318, "geometric_height": 3975, "TId": "CHH7709", "gsp": 203.7, "tan": 146.6235352}, "windSpd_kt": 12.652, "windDir_deg": 39.849, "temperature_K": 570.44, "address": "7812a0", "createdAt": 