{"time": 24611.788031635, "bds50": {"value": {"rol": -0.2, "tan": 189.141, "gsp": 408, "tanR": 0.0, "tas": 422}, "time": 24611.037984792, "msg": "02188d069662342d3818829200a8001098fff869332004d3780add"}, "bds60": {"value": {"mhd": 195.82, "ias": 310, "mach": 0.668, "bar": 96, "ivv": -32}, "time": 24611.788031635, "msg": "02188d06966260e20693818e00a0000cbdc5aa6d29e01fff780add"}, "df17": {"time": 24611.3515625, "Lat": 22.992003, "Lon": 112.9812098, "geometric_height": 20800, "TId": "CES5736", "gsp": 407.2, "tan": 189.1845703}, "windSpd_kt": 50.329, "windDir_deg": 86.358, "temperature_K": 525.448, "address": "780add", "createdAt": 