{"time": 24603.451636628, "bds50": {"value": {"rol": 0.0, "tan": 251.191, "gsp": 446, "tanR": 0.031, "tas": 472}, "time": 24603.280025722, "msg": "02188d06966065c4287a829200a80018ac801b2b37e00cec4bb474"}, "bds60": {"value": {"mhd": 252.246, "ias": 341, "mach": 0.748, "bar": 1376, "ivv": 1440}, "time": 24603.451636628, "msg": "02188d0696606ffebb94819100a0000d9ad9baab2ee15c2d4bb474"}, "df17": {"time": 24602.7734375, "Lat": 21.0381746, "Lon": 113.6378574, "geometric_height": 21925, "TId": "SVA987", "gsp": 446.9, "tan": 251.2023926}, "windSpd_kt": 27.338, "windDir_deg": 89.726, "temperature_K": 524.25, "address": "4bb474", "createdAt": 