{"time": 25002.283032021, "bds50": {"value": {"rol": 0.7, "tan": 226.934, "gsp": 256, "tanR": 0.031, "tas": 278}, "time": 25002.283032021, "msg": "02188d0696bd4c32ddd5818e00a8000804809a1720200c8b7814d9"}, "bds60": {"value": {"mhd": 231.504, "ias": 230, "mach": 0.424, "bar": 0, "ivv": -32}, "time": 25002.275811259, "msg": "02188d0696bd4bc4afbb818f00a0000738d259cd1aa007ff7814d9"}, "df17": {"time": 25001.6796875, "Lat": 23.7910223, "Lon": 113.8455677, "geometric_height": 11275, "TId": "CES7320", "gsp": 255.3, "tan": 227.0599365}, "windSpd_kt": 30.603, "windDir_deg": 93.303, "temperature_K": 565.998, "address": "7814d9", "createdAt": "06:56:42.334964"}