{"time": 25010.44041159, "bds50": {"value": {"rol": 0.4, "tan": 229.219, "gsp": 258, "tanR": -0.062, "tas": 264}, "time": 25010.321722434, "msg": "02188d0696bf2b578c42908500a8001798805a31207ff4848990f5"}, "bds60": {"value": {"mhd": 230.098, "ias": 230, "mach": 0.408, "bar": -992, "ivv": -960}, "time": 25010.44041159, "msg": "02188d0696bf326a99c6808500a0000613d1d9cd19bf0fe28990f5"}, "df17": {"time": 25009.1640625, "Lat": 22.1134186, "Lon": 114.0725899, "geometric_height": 9125, "TId": "CAL7863", "gsp": 258.0, "tan": 229.0869141}, "windSpd_kt": 7.213, "windDir_deg": 83.376, "temperature_K": 551.246, "address": "8990f5", "createdAt": "06:56:50.471210"}