{"time": 25175.044333529, "bds50": {"value": {"rol": -8.6, "tan": 295.312, "gsp": 380, "tanR": -0.5, "tas": 392}, "time": 25175.044333529, "msg": "02188d0696e585931fd9808000a8000caff9fd212fbf84c4780239"}, "bds60": {"value": {"mhd": 295.137, "ias": 313, "mach": 0.604, "bar": 1760, "ivv": 1856}, "time": 25175.03711756, "msg": "02188d0696e585250478807f00a0000931e8fa7325e1bc3a780239"}, "df17": {"time": 25173.859375, "Lat": 22.4697018, "Lon": 114.3382359, "geometric_height": 14525, "TId": "HDA704", "gsp": 380.1, "tan": 296.2298584}, "windSpd_kt": 12.058, "windDir_deg": 109.613, "temperature_K": 554.57, "address": "780239", "createdAt": "06:59:35.109733"}