{"time": 24687.210509292, "bds50": {"value": {"rol": -0.7, "tan": 175.605, "gsp": 314, "tanR": null, "tas": 324}, "time": 24687.210509292, "msg": "02188d069673f069b3ec807000a80009abff97cf277ffca2780126"}, "bds60": {"value": {"mhd": 177.891, "ias": 300, "mach": 0.492, "bar": 32, "ivv": -32}, "time": 24687.202894312, "msg": "02188d069673eff581e8807000a0000398bf4a591ee00fff780126"}, "df17": {"time": 24686.9296875, "Lat": 22.205193, "Lon": 114.0820312, "geometric_height": 5100, "TId": "HDA694", "gsp": 312.9, "tan": 175.5999756}, "windSpd_kt": 16.184, "windDir_deg": 48.595, "temperature_K": 570.976, "address": "780126", "createdAt": 