{"time": 25241.503602057, "bds50": {"value": {"rol": 0.0, "tan": 70.664, "gsp": 488, "tanR": null, "tas": 442}, "time": 25241.503602057, "msg": "02188d0696f4fedb1589909300a80002a18013253d0004dd780132"}, "bds60": {"value": {"mhd": 73.125, "ias": 277, "mach": 0.728, "bar": -1856, "ivv": -1920}, "time": 25240.894873541, "msg": "02188d0696f4da929fc5829100a00013109a0a2b2dbe37c4780132"}, "df17": {"time": 25240.6640625, "Lat": 21.2217665, "Lon": 112.631321, "geometric_height": 31175, "TId": "CPA750", "gsp": 489.6, "tan": 70.6750488}, "windSpd_kt": 50.139, "windDir_deg": 48.421, "temperature_K": 485.332, "address": "780132", "createdAt": "07:00:41.544866"}