{"time": 25230.269078785, "bds50": {"value": {"rol": 0.2, "tan": 169.102, "gsp": 262, "tanR": null, "tas": 262}, "time": 25230.261906883, "msg": "02188d0696f260cc6dc3808a00a000059b80378520fffc83780f53"}, "bds60": {"value": {"mhd": 173.496, "ias": 231, "mach": 0.404, "bar": -1248, "ivv": -1184}, "time": 25230.269078785, "msg": "02188d0696f26139dd01908a00a000059bbdb9cf197ecfdb780f53"}, "df17": {"time": 25229.875, "Lat": 22.7675986, "Lon": 113.4539223, "geometric_height": null, "TId": "CUA5867", "gsp": 263.9, "tan": 169.0740967}, "windSpd_kt": 20.088, "windDir_deg": 81.299, "temperature_K": 553.73, "address": "780f53", "createdAt": "07:00:30.306046"}