{"time": 25239.313355702, "bds50": {"value": {"rol": 0.0, "tan": 195.293, "gsp": 422, "tanR": 0.0, "tas": 460}, "time": 25239.149773334, "msg": "02188d0696f4728e8216928900a80019948018af34e004e6780508"}, "bds60": {"value": {"mhd": 204.961, "ias": 278, "mach": 0.768, "bar": -32, "ivv": 0}, "time": 25239.313355702, "msg": "02188d0696f47c4e93b6809100a000149cc8ea2d303ffc00780508"}, "df17": {"time": 25237.8984375, "Lat": 23.1766677, "Lon": 113.7563896, "geometric_height": 33875, "TId": "CSN3516", "gsp": 421.0, "tan": 195.2929688}, "windSpd_kt": 83.415, "windDir_deg": 83.131, "temperature_K": 472.336, "address": "780508", "createdAt": "07:00:39.355910"}