{"time": 24629.393011113, "bds50": {"value": {"rol": 0.0, "tan": 69.609, "gsp": 180, "tanR": 0.062, "tas": 184}, "time": 24629.38306855, "msg": "02188d06966679a0fb86806f00a000029b80131916a0145c78115c"}, "bds60": {"value": {"mhd": 75.41, "ias": 174, "mach": 0.28, "bar": 640, "ivv": 640}, "time": 24629.393011113, "msg": "02188d0696667a38b1a9806f00a000029b9ad95d11a0a41478115c"}, "df17": {"time": 24629.1171875, "Lat": 22.3272014, "Lon": 113.9955354, "geometric_height": 3525, "TId": "CCA112", "gsp": 178.2, "tan": 69.6313477}, "windSpd_kt": 18.847, "windDir_deg": -29.728, "temperature_K": 568.562, "address": "78115c", "createdAt": 