{"time": 25015.942395453, "bds50": {"value": {"rol": 0.2, "tan": 104.238, "gsp": 206, "tanR": 0.0, "tas": 204}, "time": 25015.942395453, "msg": "02188d0696c07a5c363d818d00a00003bd8034a319e00466780012"}, "bds60": {"value": {"mhd": 110.215, "ias": 187, "mach": 0.312, "bar": -992, "ivv": -1024}, "time": 25015.783934566, "msg": "02188d0696c070ea4a66918c00a00003bda7397713bf0fe0780012"}, "df17": {"time": 25015.1328125, "Lat": 23.0543804, "Lon": 113.00771, "geometric_height": 5700, "TId": "CSN8314", "gsp": 205.2, "tan": 104.1064453}, "windSpd_kt": 21.469, "windDir_deg": 22.565, "temperature_K": 562.872, "address": "780012", "createdAt": "06:56:55.970120"}