{"time": 24683.198071593, "bds50": {"value": {"rol": -0.4, "tan": 184.57, "gsp": 368, "tanR": null, "tas": 372}, "time": 24683.18908917, "msg": "02188d06967300b7b39281a500a80004a1ffd8352e3ffcba780301"}, "bds60": {"value": {"mhd": 193.359, "ias": 297, "mach": 0.576, "bar": -1568, "ivv": -1472}, "time": 24683.198071593, "msg": "02188d0696730140c32980aa00a0000939c4ca53243e7fd2780301"}, "df17": {"time": 24683.140625, "Lat": 24.7623038, "Lon": 113.7363696, "geometric_height": 14750, "TId": "CES5281", "gsp": 368.0, "tan": 184.5153809}, "windSpd_kt": 56.841, "windDir_deg": 94.941, "temperature_K": 549.16, "address": "780301", "createdAt": 