{"time": 25075.180373036, "bds50": {"value": {"rol": 0.0, "tan": 108.984, "gsp": 346, "tanR": 0.0, "tas": 334}, "time": 25073.850372982, "msg": "02188d0696cdf5f1d376807f00a00008b88014d92b6004a7780813"}, "bds60": {"value": {"mhd": 113.906, "ias": 269, "mach": 0.516, "bar": 1632, "ivv": 1696}, "time": 25075.180373036, "msg": "02188d0696ce4538042c808300a00008baa88a1b20619c35780813"}, "df17": {"time": 25075.09375, "Lat": 22.3270512, "Lon": 114.0457678, "geometric_height": 13925, "TId": "B7797", "gsp": 346.9, "tan": 109.0118408}, "windSpd_kt": 31.564, "windDir_deg": 43.768, "temperature_K": 551.634, "address": "780813", "createdAt": "06:57:55.226133"}