{"time": 24587.769234769, "bds50": {"value": {"rol": -0.5, "tan": 24.082, "gsp": 498, "tanR": 0.0, "tas": 466}, "time": 24587.560822366, "msg": "02188d06965cbcd4265e809b00a80019b3ffb1133e6004e988815e"}, "bds60": {"value": {"mhd": 22.676, "ias": 277, "mach": 0.78, "bar": 128, "ivv": 0}, "time": 24587.769234769, "msg": "02188d06965cc9404551919400a0001530881a2b30e0240088815e"}, "df17": {"time": 24587.625, "Lat": 20.6009102, "Lon": 113.2518125, "geometric_height": 35025, "TId": "VJC5420", "gsp": 497.7, "tan": 24.1973877}, "windSpd_kt": 34.114, "windDir_deg": 43.665, "temperature_K": 469.938, "address": "88815e", "createdAt": 