{"time": 24663.833740671, "bds50": {"value": {"rol": 0.7, "tan": 37.441, "gsp": 404, "tanR": null, "tas": 378}, "time": 24663.833740671, "msg": "02188d06966e7f0c857f918d00a80014b28091ab32bffcbd780fc7"}, "bds60": {"value": {"mhd": 35.684, "ias": 281, "mach": 0.596, "bar": 1600, "ivv": 1696}, "time": 24663.825652657, "msg": "02188d06966e7e911bb1809400a0000c308cba3325619435780fc7"}, "df17": {"time": 24661.2265625, "Lat": 23.7274003, "Lon": 114.3900561, "geometric_height": 19475, "TId": "CSN3501", "gsp": 401.0, "tan": 37.298584}, "windSpd_kt": 28.629, "windDir_deg": 61.322, "temperature_K": 529.602, "address": "780fc7", "createdAt": 