{"time": 25039.048730759, "bds50": {"value": {"rol": -0.2, "tan": 267.715, "gsp": 268, "tanR": null, "tas": 282}, "time": 25037.818234671, "msg": "02188d0696c59243072f808a00a8000e2efffbe721bffc8d789211"}, "bds60": {"value": {"mhd": 268.242, "ias": 231, "mach": 0.432, "bar": -576, "ivv": -512}, "time": 25039.048730759, "msg": "02188d0696c5db9ae887808800a00007bcdf69cf1b3f77f0789211"}, "df17": {"time": 25039.0625, "Lat": 22.2565413, "Lon": 114.5313978, "geometric_height": 12300, "TId": "CRK611", "gsp": 268.3, "tan": 267.8631592}, "windSpd_kt": 14.227, "windDir_deg": 98.22, "temperature_K": 561.034, "address": "789211", "createdAt": "06:57:19.080454"}