{"time": 24571.637995337, "bds50": {"value": {"rol": -0.2, "tan": 199.512, "gsp": 334, "tanR": null, "tas": 348}, "time": 24571.630914613, "msg": "02188d06965907550c35808e00a000089ffff8df29fffcae7815a3"}, "bds60": {"value": {"mhd": 204.961, "ias": 280, "mach": 0.532, "bar": -1088, "ivv": -1024}, "time": 24571.637995337, "msg": "02188d06965907c11749808f00a000089fc8ea31217ef7e07815a3"}, "df17": {"time": 24569.9453125, "Lat": 23.2462764, "Lon": 113.275094, "geometric_height": 13625, "TId": "EPA6236", "gsp": 335.3, "tan": 199.5172119}, "windSpd_kt": 35.305, "windDir_deg": 88.902, "temperature_K": 563.37, "address": "7815a3", "createdAt": 