{"time": 25050.403122836, "bds50": {"value": {"rol": -1.2, "tan": 333.457, "gsp": 150, "tanR": -0.188, "tas": 150}, "time": 25049.273943173, "msg": "02188d0696c83d134485808900a8000a16ff3ed312ffd44b780296"}, "bds60": {"value": {"mhd": 337.676, "ias": 147, "mach": 0.228, "bar": -704, "ivv": -672}, "time": 25050.403122836, "msg": "02188d0696c880612e94808800a8000a16f819270e7f57eb780296"}, "df17": {"time": 25049.765625, "Lat": 22.553494, "Lon": 113.8402247, "geometric_height": 1550, "TId": "CSN6889", "gsp": 149.9, "tan": 333.4350586}, "windSpd_kt": 11.043, "windDir_deg": -114.434, "temperature_K": 569.864, "address": "780296", "createdAt": "06:57:30.441292"}