{"time": 25169.542901119, "bds50": {"value": {"rol": 0.4, "tan": 337.148, "gsp": 208, "tanR": -0.188, "tas": 202}, "time": 25168.702497261, "msg": "02188d0696e40b9261ed808500a8000e19805efd1a3fd465780aab"}, "bds60": {"value": {"mhd": 340.312, "ias": 189, "mach": 0.304, "bar": -448, "ivv": -384}, "time": 25169.542901119, "msg": "02188d0696e43da9ed7f827f00a00002baf9097b133f97f4780aab"}, "df17": {"time": 25169.5390625, "Lat": 22.139039, "Lon": 113.769114, "geometric_height": 3900, "TId": "CPA859", "gsp": 207.4, "tan": 337.0166016}, "windSpd_kt": 12.81, "windDir_deg": -83.352, "temperature_K": 581.318, "address": "780aab", "createdAt": "06:59:29.590148"}