{"time": 24702.914312254, "bds50": {"value": {"rol": 10.4, "tan": 343.477, "gsp": 464, "tanR": 0.406, "tas": 468}, "time": 24701.746384884, "msg": "02188d06967752d18ff4819a00a800100e877f453a206cea8a02e8"}, "bds60": {"value": {"mhd": 337.5, "ias": 279, "mach": 0.788, "bar": -96, "ivv": -32}, "time": 24702.914312254, "msg": "02188d069677986eb83e80a400a0001534f80a2f317fefff8a02e8"}, "df17": {"time": 24702.3671875, "Lat": 24.1558671, "Lon": 113.4295249, "geometric_height": 34900, "TId": "LNI2619", "gsp": 464.3, "tan": 342.5811768}, "windSpd_kt": 48.754, "windDir_deg": 75.188, "temperature_K": 464.406, "address": "8a02e8", "createdAt": 