{"time": 25219.290963868, "bds50": {"value": {"rol": 3.3, "tan": 110.918, "gsp": 218, "tanR": 0.312, "tas": 214}, "time": 25219.290963868, "msg": "02188d0696efd2e11f9c808500a80005298274ef1b60546b7815a3"}, "bds60": {"value": {"mhd": 116.016, "ias": 192, "mach": 0.328, "bar": -1024, "ivv": -1248}, "time": 25219.275559996, "msg": "02188d0696efd1f6143c808600a0000513a9498114bf07d97815a3"}, "df17": {"time": 25219.1484375, "Lat": 22.5233245, "Lon": 113.5840845, "geometric_height": 7450, "TId": "EPA6236", "gsp": 218.0, "tan": 110.6817627}, "windSpd_kt": 19.624, "windDir_deg": 35.216, "temperature_K": 560.45, "address": "7815a3", "createdAt": "07:00:19.327709"}