{"time": 24641.825634066, "bds50": {"value": {"rol": 0.9, "tan": 246.621, "gsp": 264, "tanR": null, "tas": 278}, "time": 24641.825634066, "msg": "02188d0696695f437712808200a8000e1980baf7213ffc8b780aab"}, "bds60": {"value": {"mhd": 249.082, "ias": 231, "mach": 0.424, "bar": 32, "ivv": 0}, "time": 24641.811382877, "msg": "02188d0696695e6a025d808300a0000790d899cf1aa00c00780aab"}, "df17": {"time": 24641.6171875, "Lat": 22.2352552, "Lon": 114.2590785, "geometric_height": 11525, "TId": "CPA859", "gsp": 263.9, "tan": 246.5441895}, "windSpd_kt": 18.204, "windDir_deg": 107.597, "temperature_K": 565.998, "address": "780aab", "createdAt": 