{"time": 24705.104008877, "bds50": {"value": {"rol": 0.0, "tan": 193.359, "gsp": 454, "tanR": 0.0, "tas": 496}, "time": 24705.104008877, "msg": "02188d0696781af2d6ad919500a800139780189938e004f876bcc4"}, "bds60": {"value": {"mhd": 200.215, "ias": 276, "mach": 0.852, "bar": -704, "ivv": -800}, "time": 24705.060939726, "msg": "02188d0696781861a7ce819200a00017bac73a29357f57e776bcc4"}, "df17": {"time": 24701.6875, "Lat": 20.7976341, "Lon": 113.6752367, "geometric_height": 39550, "TId": "TGW157", "gsp": 455.1, "tan": 193.2110596}, "windSpd_kt": 70.601, "windDir_deg": 70.358, "temperature_K": 446.212, "address": "76bcc4", "createdAt": 