{"time": 24590.083790849, "bds50": {"value": {"rol": -12.0, "tan": 223.066, "gsp": 406, "tanR": -0.594, "tas": 460}, "time": 24589.673654907, "msg": "02188d06965d3ac36a7b80a700a8001990f799eb32ff6ce67803ed"}, "bds60": {"value": {"mhd": 229.043, "ias": 286, "mach": 0.756, "bar": 192, "ivv": -32}, "time": 24590.083790849, "msg": "02188d06965d53359801829f00a0001337d17a3d2f6037ff7803ed"}, "df17": {"time": 24587.578125, "Lat": 23.1849933, "Lon": 117.4518299, "geometric_height": 31675, "TId": "CES2007", "gsp": 405.2, "tan": 225.302124}, "windSpd_kt": 70.332, "windDir_deg": 85.992, "temperature_K": 487.45, "address": "7803ed", "createdAt": 