{"time": 24712.917727373, "bds50": {"value": {"rol": 0.5, "tan": 70.488, "gsp": 482, "tanR": 0.0, "tas": 434}, "time": 24712.912526421, "msg": "02188d069679ec5f5c55809c00a00012b48073233c6004d9780a9e"}, "bds60": {"value": {"mhd": 72.598, "ias": 274, "mach": 0.712, "bar": -128, "ivv": 32}, "time": 24712.917727373, "msg": "02188d069679ecaeb88d819400a00012b499da252cbfe401780a9e"}, "df17": {"time": 24712.8515625, "Lat": 21.1740446, "Lon": 112.4855161, "geometric_height": 30875, "TId": "CRK170", "gsp": 482.7, "tan": 70.5157471}, "windSpd_kt": 50.869, "windDir_deg": 52.18, "temperature_K": 489.19, "address": "780a9e", "createdAt": 