{"time": 24613.590373316, "bds50": {"value": {"rol": 0.0, "tan": 331.875, "gsp": 362, "tanR": 0.0, "tas": 374}, "time": 24613.583422112, "msg": "02188d069662cbe582a0808800a0000b97801ec12d6004bb780bcf"}, "bds60": {"value": {"mhd": 329.414, "ias": 280, "mach": 0.584, "bar": -896, "ivv": -864}, "time": 24613.590373316, "msg": "02188d069662cc4f93c4808700a0000b97f52a3124bf27e5780bcf"}, "df17": {"time": 24613.328125, "Lat": 22.0662761, "Lon": 114.0341163, "geometric_height": 18575, "TId": "CSN3070", "gsp": 360.6, "tan": 331.8695068}, "windSpd_kt": 19.843, "windDir_deg": 97.845, "temperature_K": 539.976, "address": "780bcf", "createdAt": 