{"time": 25156.550542494, "bds50": {"value": {"rol": -0.5, "tan": 262.441, "gsp": 406, "tanR": null, "tas": 462}, "time": 25156.550542494, "msg": "02188d0696e13742449e818c00a8000925ffbbab32fffce77809c2"}, "bds60": {"value": {"mhd": 262.793, "ias": 311, "mach": 0.748, "bar": -32, "ivv": 0}, "time": 25156.31398711, "msg": "02188d0696e12928b826819500a8000925dd7a6f2efffc007809c2"}, "df17": {"time": 25156.578125, "Lat": 23.326807, "Lon": 115.823257, "geometric_height": 27025, "TId": "CES2476", "gsp": 407.6, "tan": 262.3864746}, "windSpd_kt": 56.063, "windDir_deg": 85.343, "temperature_K": 502.272, "address": "7809c2", "createdAt": "06:59:16.595378"}