{"time": 24689.644647337, "bds50": {"value": {"rol": -0.4, "tan": 1.406, "gsp": 484, "tanR": null, "tas": 470}, "time": 24688.482400255, "msg": "02188d0696743c3937ff81a600a80018afffd0113cbffceb780195"}, "bds60": {"value": {"mhd": 352.266, "ias": 261, "mach": 0.804, "bar": -32, "ivv": 32}, "time": 24689.644647337, "msg": "02188d069674817fb3a981a600a00017b4fd4a0b327ffc01780195"}, "df17": {"time": 24688.3359375, "Lat": 25.2644348, "Lon": 113.5014296, "geometric_height": 39000, "TId": "HDA992", "gsp": 484.3, "tan": 1.5380859}, "windSpd_kt": 77.282, "windDir_deg": 76.433, "temperature_K": 449.926, "address": "780195", "createdAt": 