{"time": 25189.806973198, "bds50": {"value": {"rol": 0.2, "tan": 192.48, "gsp": 424, "tanR": null, "tas": 464}, "time": 25189.801228673, "msg": "02188d0696e8f5277981809f00a80014a180388f353ffce878114c"}, "bds60": {"value": {"mhd": 202.676, "ias": 312, "mach": 0.756, "bar": -2048, "ivv": -1952}, "time": 25189.806973198, "msg": "02188d0696e8f57f210e80a000a00010b0c81a712f7e07c378114c"}, "df17": {"time": 25187.2265625, "Lat": 25.2232361, "Lon": 114.6736193, "geometric_height": 27275, "TId": "CSN3510", "gsp": 425.2, "tan": 192.4969482}, "windSpd_kt": 88.395, "windDir_deg": 80.788, "temperature_K": 495.964, "address": "78114c", "createdAt": "06:59:49.843176"}