{"time": 25011.171541528, "bds50": {"value": {"rol": 1.9, "tan": 178.594, "gsp": 298, "tanR": 0.125, "tas": 308}, "time": 25010.110531285, "msg": "02188d0696bf1ec106d5807100a8000cb98177f12560249a7801c1"}, "bds60": {"value": {"mhd": 181.055, "ias": 284, "mach": 0.472, "bar": 1024, "ivv": 1024}, "time": 25011.171541528, "msg": "02188d0696bf5dfec218806900a0000410c06a391da104207801c1"}, "df17": {"time": 25010.75, "Lat": 22.2793937, "Lon": 114.0804434, "geometric_height": 5725, "TId": "HDA254", "gsp": 300.1, "tan": 178.4729004}, "windSpd_kt": 16.411, "windDir_deg": 52.291, "temperature_K": 560.628, "address": "7801c1", "createdAt": "06:56:51.194850"}