{"time": 24658.987465162, "bds50": {"value": {"rol": -0.2, "tan": 268.066, "gsp": 310, "tanR": -0.094, "tas": 322}, "time": 24657.702297766, "msg": "02188d06966d119620a6908e00a800160ffffbeb26ffeca1780a49"}, "bds60": {"value": {"mhd": 269.824, "ias": 256, "mach": 0.492, "bar": -256, "ivv": -224}, "time": 24658.987465162, "msg": "02188d06966d5e3039ca808f00a00008bfdffa011effc7f9780a49"}, "df17": {"time": 24657.578125, "Lat": 22.2674203, "Lon": 114.8500013, "geometric_height": 14100, "TId": "CPA495", "gsp": 309.2, "tan": 267.9620361}, "windSpd_kt": 15.426, "windDir_deg": 127.885, "temperature_K": 563.948, "address": "780a49", "createdAt": 