{"time": 25038.151444154, "bds50": {"value": {"rol": -1.2, "tan": 178.242, "gsp": 334, "tanR": -0.094, "tas": 344}, "time": 25037.886295395, "msg": "02188d0696c596518d63807700a8000cb9ff37ed29ffecac7801c1"}, "bds60": {"value": {"mhd": 180.703, "ias": 314, "mach": 0.524, "bar": 928, "ivv": 960}, "time": 25038.151444154, "msg": "02188d0696c5a61f66ba806b00a0000432c04a7520e0ec1e7801c1"}, "df17": {"time": 25037.9609375, "Lat": 22.2391605, "Lon": 114.0812802, "geometric_height": 6225, "TId": "HDA254", "gsp": 335.1, "tan": 178.291626}, "windSpd_kt": 17.662, "windDir_deg": 54.996, "temperature_K": 567.43, "address": "7801c1", "createdAt": "06:57:18.184379"}