{"time": 24682.598242583, "bds50": {"value": {"rol": -0.2, "tan": 262.266, "gsp": 392, "tanR": null, "tas": 448}, "time": 24681.218029401, "msg": "02188d0696728b3bb759818e00a800113efffba9313ffce07807da"}, "bds60": {"value": {"mhd": 262.617, "ias": 300, "mach": 0.724, "bar": -64, "ivv": 0}, "time": 24682.598242583, "msg": "02188d069672dd801917829300a0001098dd6a592d7ff4007807da"}, "df17": {"time": 24681.9140625, "Lat": 23.3307338, "Lon": 115.8608079, "geometric_height": 27000, "TId": "CSN3650", "gsp": 391.6, "tan": 262.364502}, "windSpd_kt": 56.059, "windDir_deg": 85.072, "temperature_K": 504.124, "address": "7807da", "createdAt": 