{"time": 24601.528581066, "bds50": {"value": {"rol": 10.2, "tan": 63.281, "gsp": 236, "tanR": 0.844, "tas": 230}, "time": 24601.528581066, "msg": "02188d06965ffd5f3bca808500a8000f308752d11da0dc73780f95"}, "bds60": {"value": {"mhd": 69.609, "ias": 211, "mach": 0.348, "bar": 2336, "ivv": 2272}, "time": 24601.520258692, "msg": "02188d06965ffce03e84808600a00003b598c9a715e24c47780f95"}, "df17": {"time": 24601.0078125, "Lat": 22.7759886, "Lon": 113.7839627, "geometric_height": 5375, "TId": "CSH9332", "gsp": 234.9, "tan": 62.3419189}, "windSpd_kt": 26.409, "windDir_deg": -10.443, "temperature_K": 575.116, "address": "780f95", "createdAt": 