{"time": 24615.258261042, "bds50": {"value": {"rol": 0.9, "tan": 228.516, "gsp": 252, "tanR": null, "tas": 256}, "time": 24615.258261042, "msg": "02188d0696632fb98632807d00a8001f2e80ba291f800480780170"}, "bds60": {"value": {"mhd": 229.922, "ias": 222, "mach": 0.392, "bar": -640, "ivv": -608}, "time": 24615.247324174, "msg": "02188d0696632f12a40e807d00a000061bd1c9bd18bf67ed780170"}, "df17": {"time": 24615.2421875, "Lat": 22.122581, "Lon": 114.0275502, "geometric_height": 9325, "TId": "CPA543", "gsp": 252.2, "tan": 228.5375977}, "windSpd_kt": 7.406, "windDir_deg": 106.53, "temperature_K": 561.52, "address": "780170", "createdAt": 