{"time": 24689.517004843, "bds50": {"value": {"rol": 0.4, "tan": 309.023, "gsp": 210, "tanR": null, "tas": 198}, "time": 24689.517004843, "msg": "02188d06967479e4082b808900a800180a805dbd1a7ffc637801c2"}, "bds60": {"value": {"mhd": 310.254, "ias": 185, "mach": 0.3, "bar": -448, "ivv": -448}, "time": 24689.502506034, "msg": "02188d0696747906cc32807e00a00002beee597312ff97f27801c2"}, "df17": {"time": 24688.6640625, "Lat": 22.1003938, "Lon": 113.8092613, "geometric_height": 4050, "TId": "HDA207", "gsp": 211.2, "tan": 309.039917}, "windSpd_kt": 12.775, "windDir_deg": -70.427, "temperature_K": 573.516, "address": "7801c2", "createdAt": 