{"time": 25288.635558777, "bds50": {"value": {"rol": 0.4, "tan": 58.887, "gsp": 368, "tanR": 0.031, "tas": 344}, "time": 25288.394210387, "msg": "02188d0696ffe9c0fc53808700a80001a680529f2e200cac780a9e"}, "bds60": {"value": {"mhd": 58.535, "ias": 273, "mach": 0.532, "bar": -864, "ivv": -864}, "time": 25288.635558777, "msg": "02188d0696fff823ab79808600a000093a94da23217f2fe5780a9e"}, "df17": {"time": 25288.5625, "Lat": 21.6725922, "Lon": 113.6602592, "geometric_height": 14900, "TId": "CRK170", "gsp": 369.1, "tan": 58.8482666}, "windSpd_kt": 24.099, "windDir_deg": 63.918, "temperature_K": 550.492, "address": "780a9e", "createdAt": "07:01:28.674638"}