{"time": 24576.310146992, "bds50": {"value": {"rol": 0.2, "tan": 160.664, "gsp": 418, "tanR": 0.0, "tas": 428}, "time": 24575.447673526, "msg": "02188d069659ead42ab6808800a8000e21803725346004d67809df"}, "bds60": {"value": {"mhd": 169.102, "ias": 290, "mach": 0.692, "bar": -160, "ivv": 0}, "time": 24576.310146992, "msg": "02188d06965a1e3c77b0808900a0001030bc2a452b7fdc007809df"}, "df17": {"time": 24576.328125, "Lat": 22.1013808, "Lon": 113.5107422, "geometric_height": 26425, "TId": "CSN319", "gsp": 417.7, "tan": 160.5651855}, "windSpd_kt": 63.033, "windDir_deg": 65.78, "temperature_K": 503.654, "address": "7809df", "createdAt": 