{"time": 25260.845885782, "bds50": {"value": {"rol": 0.0, "tan": 70.664, "gsp": 484, "tanR": null, "tas": 436}, "time": 25259.679181657, "msg": "02188d0696f93a346b59809a00a80002a18013253c8004da780132"}, "bds60": {"value": {"mhd": 73.125, "ias": 276, "mach": 0.716, "bar": -1888, "ivv": -1888}, "time": 25260.845885782, "msg": "02188d0696f97fbee956829200a00012979a0a292cfe2fc5780132"}, "df17": {"time": 25260.84375, "Lat": 21.2368941, "Lon": 112.6772189, "geometric_height": 30475, "TId": "CPA750", "gsp": 484.5, "tan": 70.5926514}, "windSpd_kt": 51.897, "windDir_deg": 49.518, "temperature_K": 488.208, "address": "780132", "createdAt": "07:01:00.886585"}