{"time": 25050.582901995, "bds50": {"value": {"rol": -19.3, "tan": 315.176, "gsp": 392, "tanR": -1.0, "tas": 402}, "time": 25050.582901995, "msg": "02188d0696c88b1864eb818e00a8000d02f25e03313f04c97804a9"}, "bds60": {"value": {"mhd": 313.594, "ias": 300, "mach": 0.628, "bar": -992, "ivv": -992}, "time": 25050.575820577, "msg": "02188d0696c88aac5721818d00a0000c11ef8a59277f0fe17804a9"}, "df17": {"time": 25049.9375, "Lat": 21.0213304, "Lon": 114.2449164, "geometric_height": 19275, "TId": "CSN3074", "gsp": 390.5, "tan": 316.2469482}, "windSpd_kt": 14.837, "windDir_deg": 86.757, "temperature_K": 539.498, "address": "7804a9", "createdAt": "06:57:30.616148"}