{"time": 25262.8622631, "bds50": {"value": {"rol": 0.4, "tan": 181.582, "gsp": 448, "tanR": 0.0, "tas": 492}, "time": 25262.8622631, "msg": "02188d0696f9f7ee633c829d00a8001b10805813382004f6780abd"}, "bds60": {"value": {"mhd": 193.535, "ias": 300, "mach": 0.824, "bar": 32, "ivv": 0}, "time": 25261.943438034, "msg": "02188d0696f9c12a3ad2919e00a000149cc4da5933a00c00780abd"}, "df17": {"time": 25261.6015625, "Lat": 25.3392577, "Lon": 113.9147902, "geometric_height": 33625, "TId": "CPA278", "gsp": 448.2, "tan": 181.6644287}, "windSpd_kt": 107.211, "windDir_deg": 73.468, "temperature_K": 469.39, "address": "780abd", "createdAt": "07:01:02.903202"}