{"time": 24685.726714054, "bds50": {"value": {"rol": 0.0, "tan": 184.043, "gsp": 336, "tanR": 0.0, "tas": 344}, "time": 24685.726714054, "msg": "02188d06967397f8c8c6808600a8000cbc80182f2a2004ac76cdb0"}, "bds60": {"value": {"mhd": 186.68, "ias": 311, "mach": 0.528, "bar": 2592, "ivv": 2528}, "time": 24685.712545834, "msg": "02188d0696739720982a808600a00004b1c26a6f21228c4f76cdb0"}, "df17": {"time": 24685.65625, "Lat": 21.9465637, "Lon": 114.0700364, "geometric_height": 6950, "TId": "SIA863", "gsp": 335.7, "tan": 183.9276123}, "windSpd_kt": 17.572, "windDir_deg": 68.288, "temperature_K": 558.864, "address": "76cdb0", "createdAt": 