{"time": 25003.201123415, "bds50": {"value": {"rol": 0.0, "tan": 70.664, "gsp": 184, "tanR": 0.031, "tas": 192}, "time": 25003.201123415, "msg": "02188d0696bd82ebd457906d00a8201ca580132517200c608880ca"}, "bds60": {"value": {"mhd": 75.586, "ias": 182, "mach": 0.292, "bar": 992, "ivv": 992}, "time": 25003.193574657, "msg": "02188d0696bd8278a501806e00a020029c9ae96d1260fc1f8880ca"}, "df17": {"time": 25002.8125, "Lat": 22.3276091, "Lon": 113.995235, "geometric_height": 3525, "TId": "HVN593", "gsp": 184.4, "tan": 70.680542}, "windSpd_kt": 18.015, "windDir_deg": -43.213, "temperature_K": 569.238, "address": "8880ca", "createdAt": "06:56:43.234180"}