{"time": 25102.151070831, "bds50": {"value": {"rol": -0.2, "tan": 245.215, "gsp": 456, "tanR": 0.0, "tas": 496}, "time": 25102.151070831, "msg": "02188d0696d48ccc346f829700a8000b2ffffae7392004f886ebfa"}, "bds60": {"value": {"mhd": 246.27, "ias": 274, "mach": 0.856, "bar": 0, "ivv": 0}, "time": 25102.14384697, "msg": "02188d0696d48c5dfa3a819700a0001838d79a2535a0040086ebfa"}, "df17": {"time": 25101.8828125, "Lat": 19.937396, "Lon": 114.6057701, "geometric_height": 40350, "TId": "ANA847", "gsp": 456.4, "tan": 245.12146}, "windSpd_kt": 40.947, "windDir_deg": 78.102, "temperature_K": 442.052, "address": "86ebfa", "createdAt": "06:58:22.192349"}