{"time": 25017.612546556, "bds50": {"value": {"rol": 0.9, "tan": 70.84, "gsp": 406, "tanR": 0.031, "tas": 390}, "time": 25017.612546556, "msg": "02188d0696c0dde8b1fc808700a800048c80b32732e00cc378029d"}, "bds60": {"value": {"mhd": 73.477, "ias": 321, "mach": 0.596, "bar": 832, "ivv": 960}, "time": 25017.128895894, "msg": "02188d0696c0c114c596809000a800048c9a2a832560d41e78029d"}, "df17": {"time": 25017.0546875, "Lat": 22.8774619, "Lon": 114.0975022, "geometric_height": 12075, "TId": "CSZ9847", "gsp": 404.1, "tan": 70.9387207}, "windSpd_kt": 24.318, "windDir_deg": 23.29, "temperature_K": 563.76, "address": "78029d", "createdAt": "06:56:57.637855"}