{"time": 24687.251281184, "bds50": {"value": {"rol": 25.0, "tan": 127.793, "gsp": 298, "tanR": 1.625, "tas": 290}, "time": 24687.251281184, "msg": "02188d069673f2d7d520808000a8001a3691d5af2561a491880456"}, "bds60": {"value": {"mhd": 137.637, "ias": 239, "mach": 0.444, "bar": 704, "ivv": 640}, "time": 24687.243022826, "msg": "02188d069673f259d1ea808100a00007b5b0f9df1be0b414880456"}, "df17": {"time": 24686.8828125, "Lat": 22.3601174, "Lon": 113.8891268, "geometric_height": 12100, "TId": "AIQ763", "gsp": 296.2, "tan": 126.2109375}, "windSpd_kt": 51.076, "windDir_deg": 51.693, "temperature_K": 561.678, "address": "880456", "createdAt": 