{"time": 24615.503768813, "bds50": {"value": {"rol": -0.4, "tan": 263.32, "gsp": 340, "tanR": null, "tas": 374}, "time": 24614.823900415, "msg": "02188d06966315d5b4ff808a00a8000e94ffdbb52abffcbb79a054"}, "bds60": {"value": {"mhd": 266.133, "ias": 280, "mach": 0.584, "bar": -2112, "ivv": -2048}, "time": 24615.503768813, "msg": "02188d0696633e5baced808900a0000bb5deaa3124bdf7c079a054"}, "df17": {"time": 24614.734375, "Lat": 22.855618, "Lon": 114.9554873, "geometric_height": 18950, "TId": "CSN6325", "gsp": 340.4, "tan": 263.2489014}, "windSpd_kt": 38.242, "windDir_deg": 112.003, "temperature_K": 539.976, "address": "79a054", "createdAt": 