{"time": 24703.292720654, "bds50": {"value": {"rol": 0.0, "tan": 184.043, "gsp": 338, "tanR": 0.031, "tas": 348}, "time": 24703.292720654, "msg": "02188d069677aefcc60e808800a8000cbc80182f2a600cae76cdb0"}, "bds60": {"value": {"mhd": 186.68, "ias": 310, "mach": 0.536, "bar": 3040, "ivv": 2880}, "time": 24703.25917163, "msg": "02188d069677acfcdb2e818200a0000531c26a6d21a2fc5a76cdb0"}, "df17": {"time": 24703.203125, "Lat": 21.9186473, "Lon": 114.0679336, "geometric_height": 7800, "TId": "SIA863", "gsp": 338.8, "tan": 184.0594482}, "windSpd_kt": 18.685, "windDir_deg": 63.013, "temperature_K": 554.992, "address": "76cdb0", "createdAt": 