{"time": 25029.490061304, "bds50": {"value": {"rol": -0.2, "tan": 248.027, "gsp": 352, "tanR": 0.0, "tas": 372}, "time": 25029.490061304, "msg": "02188d0696c3a1dd2ff8907f00a8001d80fffb072c2004ba780265"}, "bds60": {"value": {"mhd": 250.137, "ias": 301, "mach": 0.572, "bar": 0, "ivv": 0}, "time": 25029.353507585, "msg": "02188d0696c399b98b01807f00a0000898d8fa5b23e00400780265"}, "df17": {"time": 25029.421875, "Lat": 22.6795578, "Lon": 113.9571691, "geometric_height": 13425, "TId": "CSN3690", "gsp": 351.3, "tan": 248.1097412}, "windSpd_kt": 24.033, "windDir_deg": 102.771, "temperature_K": 556.868, "address": "780265", "createdAt": "06:57:09.529755"}