{"time": 25217.781777414, "bds50": {"value": {"rol": 3.7, "tan": 110.391, "gsp": 218, "tanR": 0.312, "tas": 214}, "time": 25217.764760259, "msg": "02188d0696ef77e91ac3808400a000051482b4e91b60546b7815a3"}, "bds60": {"value": {"mhd": 115.84, "ias": 190, "mach": 0.328, "bar": -1376, "ivv": -1184}, "time": 25217.781777414, "msg": "02188d0696ef78ecc406908100a0000514a9397d14beafdb7815a3"}, "df17": {"time": 25217.546875, "Lat": 22.5239253, "Lon": 113.5824537, "geometric_height": 7475, "TId": "EPA6236", "gsp": 218.2, "tan": 110.0939941}, "windSpd_kt": 20.92, "windDir_deg": 34.126, "temperature_K": 560.45, "address": "7815a3", "createdAt": "07:00:17.821907"}