{"time": 24578.20111945, "bds50": {"value": {"rol": -0.4, "tan": 259.805, "gsp": 350, "tanR": null, "tas": 384}, "time": 24578.20111945, "msg": "02188d06965a8ef26ada808600a8001d80ffdb8d2bfffcc0780265"}, "bds60": {"value": {"mhd": 262.617, "ias": 300, "mach": 0.596, "bar": -1024, "ivv": -1024}, "time": 24578.193635226, "msg": "02188d06965a8e80379a808400a0000a1bdd6a59257f07e0780265"}, "df17": {"time": 24577.6015625, "Lat": 22.8249764, "Lon": 114.7345376, "geometric_height": 16050, "TId": "CSN3690", "gsp": 349.4, "tan": 259.9420166}, "windSpd_kt": 38.466, "windDir_deg": 109.129, "temperature_K": 546.548, "address": "780265", "createdAt": 