{"time": 24647.27637231, "bds50": {"value": {"rol": -0.2, "tan": 146.777, "gsp": 202, "tanR": null, "tas": 206}, "time": 24647.27637231, "msg": "02188d06966aa4272156808200a80010b4fff687197ffc677812a0"}, "bds60": {"value": {"mhd": 150.293, "ias": 193, "mach": 0.312, "bar": -64, "ivv": 0}, "time": 24647.267908857, "msg": "02188d06966aa3a5fcf9808100a00002bab5798313bff4007812a0"}, "df17": {"time": 24646.625, "Lat": 22.5013518, "Lon": 113.7501454, "geometric_height": 3900, "TId": "CHH7709", "gsp": 202.1, "tan": 146.7004395}, "windSpd_kt": 13.14, "windDir_deg": 40.82, "temperature_K": 573.962, "address": "7812a0", "createdAt": 