{"time": 24712.49026509, "bds50": {"value": {"rol": -0.4, "tan": 227.109, "gsp": 380, "tanR": null, "tas": 400}, "time": 24712.49026509, "msg": "02188d069679d3342a02908400a800101fffda192fbffcc8780476"}, "bds60": {"value": {"mhd": 230.273, "ias": 320, "mach": 0.616, "bar": 1120, "ivv": 896}, "time": 24711.308150864, "msg": "02188d0696798cbe8850808200a000091ed1ea8126a11c1c780476"}, "df17": {"time": 24712.203125, "Lat": 22.4195337, "Lon": 113.6963081, "geometric_height": 14475, "TId": "CSZ8909", "gsp": 381.4, "tan": 227.2302246}, "windSpd_kt": 29.384, "windDir_deg": 95.817, "temperature_K": 555.158, "address": "780476", "createdAt": 