{"time": 24615.122790235, "bds50": {"value": {"rol": 0.0, "tan": 131.836, "gsp": 384, "tanR": null, "tas": 378}, "time": 24615.122790235, "msg": "02188d06966327a6675b808800a80019ae8015dd303ffcbd780129"}, "bds60": {"value": {"mhd": 136.582, "ias": 308, "mach": 0.58, "bar": 2688, "ivv": 2624}, "time": 24614.22378466, "msg": "02188d069662f210aad4808900a000083eb09a692462a452780129"}, "df17": {"time": 24614.078125, "Lat": 22.0952654, "Lon": 114.475801, "geometric_height": 13150, "TId": "CPA420", "gsp": 383.9, "tan": 131.8304443}, "windSpd_kt": 32.115, "windDir_deg": 54.967, "temperature_K": 559.224, "address": "780129", "createdAt": 