{"time": 25043.079657423, "bds50": {"value": {"rol": -0.2, "tan": 229.57, "gsp": 410, "tanR": -0.062, "tas": 462}, "time": 25043.070507986, "msg": "02188d0696c6cb525bd281a000a000133cfffa35337ff4e7780bc9"}, "bds60": {"value": {"mhd": 233.789, "ias": 282, "mach": 0.748, "bar": -192, "ivv": 0}, "time": 25043.079657423, "msg": "02188d0696c6cbddf7cf81a600a000133cd32a352effd400780bc9"}, "df17": {"time": 25041.84375, "Lat": 20.7286477, "Lon": 110.6914401, "geometric_height": 31925, "TId": "CQH8565", "gsp": 410.0, "tan": 229.5483398}, "windSpd_kt": 61.079, "windDir_deg": 83.382, "temperature_K": 502.272, "address": "780bc9", "createdAt": "06:57:23.121270"}