{"time": 25295.354443749, "bds50": {"value": {"rol": 0.0, "tan": 267.891, "gsp": 264, "tanR": null, "tas": 278}, "time": 25295.038811098, "msg": "02188d06970175cd8bda808a00a8001981801be9213ffc8b780124"}, "bds60": {"value": {"mhd": 268.77, "ias": 230, "mach": 0.424, "bar": -320, "ivv": -224}, "time": 25295.354443749, "msg": "02188d069701889db7e5808100a0000791df99cd1abfb7f9780124"}, "df17": {"time": 25295.21875, "Lat": 22.2583008, "Lon": 114.5791626, "geometric_height": 11600, "TId": "HDA865", "gsp": 264.1, "tan": 267.8302002}, "windSpd_kt": 14.604, "windDir_deg": 104.87, "temperature_K": 565.998, "address": "780124", "createdAt": "07:01:35.423229"}