{"time": 24662.499807194, "bds50": {"value": {"rol": 0.5, "tan": 46.406, "gsp": 476, "tanR": 0.0, "tas": 426}, "time": 24662.491058807, "msg": "02188d06966e2f04d277809b00a00011308072113ba004d57813e0"}, "bds60": {"value": {"mhd": 46.582, "ias": 279, "mach": 0.692, "bar": 32, "ivv": 0}, "time": 24662.499807194, "msg": "02188d06966e2f8a4fda809b00a0001130909a2f2b600c007813e0"}, "df17": {"time": 24662.0390625, "Lat": 22.8789425, "Lon": 112.3479939, "geometric_height": 28075, "TId": "OKA2720", "gsp": 475.3, "tan": 46.3623047}, "windSpd_kt": 50.019, "windDir_deg": 44.907, "temperature_K": 498.958, "address": "7813e0", "createdAt": 