{"time": 24629.588171215, "bds50": {"value": {"rol": -1.6, "tan": 319.57, "gsp": 240, "tanR": -0.125, "tas": 234}, "time": 24629.574177743, "msg": "02188d069666850513cf827a00a80018b7fefe351e3fe475780a71"}, "bds60": {"value": {"mhd": 319.922, "ias": 207, "mach": 0.36, "bar": -1120, "ivv": -1120}, "time": 24629.588171215, "msg": "02188d06966685da99cf907f00a0000593f1c99f16beefdd780a71"}, "df17": {"time": 24629.359375, "Lat": 21.9406843, "Lon": 113.9142966, "geometric_height": 8325, "TId": "HKE553", "gsp": 240.4, "tan": 319.553833}, "windSpd_kt": 6.174, "windDir_deg": -53.894, "temperature_K": 556.268, "address": "780a71", "createdAt": 