{"time": 25085.390313813, "bds50": {"value": {"rol": -24.8, "tan": 47.988, "gsp": 356, "tanR": -1.406, "tas": 340}, "time": 25085.390313813, "msg": "02188d0696d0a5c75955807e00a8000cafee72232cbe9caa780239"}, "bds60": {"value": {"mhd": 47.109, "ias": 280, "mach": 0.52, "bar": 2240, "ivv": 2176}, "time": 25085.383701375, "msg": "02188d0696d0a562737f807e00a00007b590ca3120a23444780239"}, "df17": {"time": 25085.03125, "Lat": 22.3455906, "Lon": 114.3611312, "geometric_height": 12125, "TId": "HDA704", "gsp": 356.8, "tan": 47.9553223}, "windSpd_kt": 16.867, "windDir_deg": 66.001, "temperature_K": 562.872, "address": "780239", "createdAt": "06:58:05.430337"}