{"time": 25227.104971219, "bds50": {"value": {"rol": 19.5, "tan": 331.699, "gsp": 410, "tanR": 0.938, "tas": 424}, "time": 25227.104971219, "msg": "02188d0696f1a4a169d3809900a8000f348dfebf3360f4d478029c"}, "bds60": {"value": {"mhd": 330.996, "ias": 316, "mach": 0.668, "bar": 64, "ivv": -32}, "time": 25226.722476153, "msg": "02188d0696f18dd50079809900a8000f34f5ba7929e017ff78029c"}, "df17": {"time": 25225.6328125, "Lat": 23.5264492, "Lon": 113.4015226, "geometric_height": 19650, "TId": "CCA1368", "gsp": 409.6, "tan": 328.9855957}, "windSpd_kt": 14.905, "windDir_deg": 131.272, "temperature_K": 530.44, "address": "78029c", "createdAt": "07:00:27.144053"}