{"time": 24670.892263912, "bds50": {"value": {"rol": 0.0, "tan": 193.359, "gsp": 452, "tanR": 0.0, "tas": 494}, "time": 24670.886400901, "msg": "02188d069670236b938581a400a00018bf80189938a004f776bcc5"}, "bds60": {"value": {"mhd": 198.105, "ias": 267, "mach": 0.856, "bar": -160, "ivv": 0}, "time": 24670.892263912, "msg": "02188d06967023c509e881a500a00018bfc67a1735bfdc0076bcc5"}, "df17": {"time": 24666.328125, "Lat": 19.7277761, "Lon": 113.4144616, "geometric_height": 41300, "TId": "TGW155", "gsp": 451.1, "tan": 193.326416}, "windSpd_kt": 57.404, "windDir_deg": 58.759, "temperature_K": 438.494, "address": "76bcc5", "createdAt": 