{"time": 24666.871699306, "bds50": {"value": {"rol": -0.4, "tan": 268.242, "gsp": 408, "tanR": null, "tas": 450}, "time": 24666.871699306, "msg": "02188d06966f3420176a819500a8001981ffdbed333ffce1780124"}, "bds60": {"value": {"mhd": 267.539, "ias": 300, "mach": 0.728, "bar": 0, "ivv": 32}, "time": 24665.634504256, "msg": "02188d06966eea61fe40809a00a00010b8df2a592da00401780124"}, "df17": {"time": 24666.625, "Lat": 22.2925901, "Lon": 115.6783533, "geometric_height": 27525, "TId": "HDA865", "gsp": 407.2, "tan": 268.3135986}, "windSpd_kt": 42.328, "windDir_deg": 80.747, "temperature_K": 503.06, "address": "780124", "createdAt": 