{"time": 25215.350220958, "bds50": {"value": {"rol": -0.5, "tan": 195.469, "gsp": 420, "tanR": null, "tas": 460}, "time": 25215.350220958, "msg": "02188d0696eee7fe289e828900a8001994ffb8b134bffce6780508"}, "bds60": {"value": {"mhd": 205.137, "ias": 278, "mach": 0.768, "bar": -32, "ivv": -32}, "time": 25215.338564769, "msg": "02188d0696eee74c4ca1828900a000149cc8fa2d303fffff780508"}, "df17": {"time": 25214.96875, "Lat": 23.2197976, "Lon": 113.7692857, "geometric_height": 33875, "TId": "CSN3516", "gsp": 420.1, "tan": 195.4577637}, "windSpd_kt": 84.19, "windDir_deg": 82.046, "temperature_K": 472.336, "address": "780508", "createdAt": "07:00:15.392719"}