{"time": 25204.351019326, "bds50": {"value": {"rol": 11.4, "tan": 177.891, "gsp": 304, "tanR": 0.531, "tas": 310}, "time": 25203.200713121, "msg": "02188d0696ec13d361a1808000a8001ca58837e926208c9b8880ca"}, "bds60": {"value": {"mhd": 183.34, "ias": 279, "mach": 0.476, "bar": 0, "ivv": 32}, "time": 25204.351019326, "msg": "02188d0696ec5863a93e807b00a00004b7c13a2f1de004018880ca"}, "df17": {"time": 25204.359375, "Lat": 22.1575999, "Lon": 114.0858507, "geometric_height": 7100, "TId": "HVN593", "gsp": 303.2, "tan": 177.923584}, "windSpd_kt": 29.795, "windDir_deg": 79.011, "temperature_K": 558.428, "address": "8880ca", "createdAt": "07:00:04.387007"}