{"time": 25099.308280496, "bds50": {"value": {"rol": 13.5, "tan": 50.801, "gsp": 160, "tanR": null, "tas": 168}, "time": 25099.308280496, "msg": "02188d0696d3e35aaab0828200a8001f2e89b24314000454780170"}, "bds60": {"value": {"mhd": 56.426, "ias": 162, "mach": 0.256, "bar": -224, "ivv": -224}, "time": 25098.147902453, "msg": "02188d0696d39e30b3f5817f00a0000218941945103fcff9780170"}, "df17": {"time": 25098.7265625, "Lat": 22.2602534, "Lon": 113.7489223, "geometric_height": 2650, "TId": "CPA543", "gsp": 159.5, "tan": 49.3231201}, "windSpd_kt": 17.969, "windDir_deg": -62.79, "temperature_K": 567.018, "address": "780170", "createdAt": "06:58:19.341282"}