{"time": 25270.472556441, "bds50": {"value": {"rol": 0.2, "tan": 221.836, "gsp": 364, "tanR": -0.062, "tas": 386}, "time": 25270.465408455, "msg": "02188d0696fbbd1d2dc7818e00a0000a3c8039dd2dbff4c178070b"}, "bds60": {"value": {"mhd": 226.934, "ias": 300, "mach": 0.6, "bar": 64, "ivv": 32}, "time": 25270.472556441, "msg": "02188d0696fbbd8a3f99828e00a0000a3cd0ba5925a0140178070b"}, "df17": {"time": 25268.1796875, "Lat": 23.6671472, "Lon": 113.5142183, "geometric_height": 16550, "TId": "CSZ9140", "gsp": 363.2, "tan": 221.9897461}, "windSpd_kt": 39.945, "windDir_deg": 101.004, "temperature_K": 544.916, "address": "78070b", "createdAt": "07:01:10.508982"}