{"time": 24602.327594786, "bds50": {"value": {"rol": -0.2, "tan": 327.656, "gsp": 226, "tanR": 0.125, "tas": 212}, "time": 24602.327594786, "msg": "02188d0696602cff3722808700a8000807fffe911c60246a780a0e"}, "bds60": {"value": {"mhd": 329.941, "ias": 198, "mach": 0.32, "bar": -640, "ivv": -544}, "time": 24602.320465716, "msg": "02188d0696602c926f34828200a00002bff5598d143f67ef780a0e"}, "df17": {"time": 24602.078125, "Lat": 22.1187401, "Lon": 113.7738991, "geometric_height": 4100, "TId": "CPA110", "gsp": 224.8, "tan": 327.722168}, "windSpd_kt": 16.498, "windDir_deg": -63.163, "temperature_K": 577.87, "address": "780a0e", "createdAt": 