{"time": 24582.490376497, "bds50": {"value": {"rol": 0.5, "tan": 80.332, "gsp": 400, "tanR": 0.031, "tas": 376}, "time": 24582.490376497, "msg": "02188d06965b8e9b4931828d00a80014b280739332200cbc780fc7"}, "bds60": {"value": {"mhd": 82.617, "ias": 290, "mach": 0.584, "bar": 2144, "ivv": 2176}, "time": 24581.778634667, "msg": "02188d06965b642ef7ab818b00a0000a999d6a4524a21c44780fc7"}, "df17": {"time": 24582.09375, "Lat": 23.6397886, "Lon": 114.268434, "geometric_height": 16775, "TId": "CSN3501", "gsp": 400.8, "tan": 80.2331543}, "windSpd_kt": 28.551, "windDir_deg": 48.66, "temperature_K": 545.768, "address": "780fc7", "createdAt": 