{"time": 25011.067187211, "bds50": {"value": {"rol": 0.0, "tan": 292.324, "gsp": 348, "tanR": 0.0, "tas": 378}, "time": 25011.067187211, "msg": "02188d0696bf57c6700b807d00a80009bb801cff2ba004bd78115c"}, "bds60": {"value": {"mhd": 293.203, "ias": 289, "mach": 0.588, "bar": 1792, "ivv": 1792}, "time": 25009.927628672, "msg": "02188d0696bf13da2780808000a0000ab4e84a4324e1c43878115c"}, "df17": {"time": 25010.8515625, "Lat": 22.4947, "Lon": 114.264679, "geometric_height": 17175, "TId": "CCA112", "gsp": 347.2, "tan": 292.3516846}, "windSpd_kt": 30.512, "windDir_deg": 123.28, "temperature_K": 544.11, "address": "78115c", "createdAt": "06:56:51.096327"}