{"time": 25287.148750262, "bds50": {"value": {"rol": 0.0, "tan": 248.027, "gsp": 270, "tanR": 0.0, "tas": 282}, "time": 25287.148750262, "msg": "02188d0696ff9f84c5b6807400a8000e2e801b0721e0048d789211"}, "bds60": {"value": {"mhd": 249.609, "ias": 235, "mach": 0.428, "bar": -1536, "ivv": -1600}, "time": 25287.141248154, "msg": "02188d0696ff9f124c9a807400a000071ad8c9d71afe87ce789211"}, "df17": {"time": 25286.8359375, "Lat": 22.2166729, "Lon": 114.2105198, "geometric_height": 11000, "TId": "CRK611", "gsp": 269.2, "tan": 248.1976318}, "windSpd_kt": 14.214, "windDir_deg": 101.237, "temperature_K": 571.568, "address": "789211", "createdAt": "07:01:27.187460"}