{"time": 24657.383315656, "bds50": {"value": {"rol": 0.0, "tan": 250.84, "gsp": 418, "tanR": null, "tas": 466}, "time": 24657.37738695, "msg": "02188d06966cfe3861c6809300a00015b7801b27347ffce98880ae"}, "bds60": {"value": {"mhd": 252.422, "ias": 273, "mach": 0.788, "bar": -64, "ivv": 0}, "time": 24657.383315656, "msg": "02188d06966cfe92d8c8828a00a00015b7d9ca23317ff4008880ae"}, "df17": {"time": 24656.328125, "Lat": 20.9980917, "Lon": 113.5140896, "geometric_height": 35975, "TId": "HVN577", "gsp": 419.0, "tan": 250.916748}, "windSpd_kt": 49.523, "windDir_deg": 85.897, "temperature_K": 460.444, "address": "8880ae", "createdAt": 