{"time": 24594.522450137, "bds50": {"value": {"rol": 0.0, "tan": 331.875, "gsp": 364, "tanR": 0.0, "tas": 374}, "time": 24594.522450137, "msg": "02188d06965e5bc628d9808b00a800189f801ec12da004bb780bcf"}, "bds60": {"value": {"mhd": 329.414, "ias": 280, "mach": 0.584, "bar": -832, "ivv": -928}, "time": 24594.505217911, "msg": "02188d06965e5abf3777808a00a0000bb2f52a3124bf37e3780bcf"}, "df17": {"time": 24594.3828125, "Lat": 22.0382094, "Lon": 114.0502739, "geometric_height": 18850, "TId": "CSN3070", "gsp": 362.8, "tan": 331.8804932}, "windSpd_kt": 18.738, "windDir_deg": 92.89, "temperature_K": 539.976, "address": "780bcf", "createdAt": 