{"time": 25071.169920907, "bds50": {"value": {"rol": 29.7, "tan": 149.59, "gsp": 234, "tanR": 2.656, "tas": 244}, "time": 25071.169920907, "msg": "02188d0696cd562d5f8b907c00a8001ca59536a71d62ac7a8880ca"}, "bds60": {"value": {"mhd": 155.566, "ias": 225, "mach": 0.372, "bar": 768, "ivv": 704}, "time": 25069.852324317, "msg": "02188d0696cd07a471dd807f00a0000394b759c31760c4168880ca"}, "df17": {"time": 25070.296875, "Lat": 22.3260856, "Lon": 114.0628481, "geometric_height": 4975, "TId": "HVN593", "gsp": 233.6, "tan": 147.0574951}, "windSpd_kt": 26.843, "windDir_deg": 40.737, "temperature_K": 566.436, "address": "8880ca", "createdAt": "06:57:51.227760"}