{"time": 24580.53116613, "bds50": {"value": {"rol": 0.0, "tan": 131.133, "gsp": 394, "tanR": null, "tas": 370}, "time": 24580.53116613, "msg": "02188d06965b19d41bb281a700a80012228015d5317ffcb9780749"}, "bds60": {"value": {"mhd": 137.988, "ias": 279, "mach": 0.584, "bar": -1248, "ivv": -1248}, "time": 24579.325668023, "msg": "02188d06965ad1f9aab780a200a0000bb1b11a2f24becfd9780749"}, "df17": {"time": 24579.515625, "Lat": 23.4847355, "Lon": 111.9733644, "geometric_height": 18875, "TId": "CSN8516", "gsp": 394.0, "tan": 131.0888672}, "windSpd_kt": 51.578, "windDir_deg": 72.237, "temperature_K": 528.488, "address": "780749", "createdAt": 