{"time": 25200.372851796, "bds50": {"value": {"rol": -0.2, "tan": 248.027, "gsp": 262, "tanR": 0.0, "tas": 274}, "time": 25200.372851796, "msg": "02188d0696eb6b45a454807100a800160ffffb0720e00489780a49"}, "bds60": {"value": {"mhd": 249.609, "ias": 231, "mach": 0.416, "bar": -1120, "ivv": -992}, "time": 25200.355864796, "msg": "02188d0696eb6a4270dc807100a00006b2d8c9cf1a3eefe1780a49"}, "df17": {"time": 25200.1875, "Lat": 22.1885419, "Lon": 114.1357183, "geometric_height": 10375, "TId": "CPA495", "gsp": 261.9, "tan": 248.0383301}, "windSpd_kt": 14.097, "windDir_deg": 100.48, "temperature_K": 571.178, "address": "780a49", "createdAt": "07:00:00.398412"}