{"time": 25048.497911408, "bds50": {"value": {"rol": 0.4, "tan": 90.176, "gsp": 314, "tanR": 0.0, "tas": 296}, "time": 25048.497911408, "msg": "02188d0696c80ed1f670809800a800122280540327600494780749"}, "bds60": {"value": {"mhd": 94.219, "ias": 249, "mach": 0.448, "bar": -1184, "ivv": -1280}, "time": 25048.487591333, "msg": "02188d0696c80e347da5909800a00006b4a189f31c3edfd8780749"}, "df17": {"time": 25048.5, "Lat": 23.0701303, "Lon": 112.6658034, "geometric_height": 10450, "TId": "CSN8516", "gsp": 314.0, "tan": 90.1812744}, "windSpd_kt": 28.046, "windDir_deg": 42.093, "temperature_K": 574.758, "address": "780749", "createdAt": "06:57:28.529099"}