{"time": 25038.539400833, "bds50": {"value": {"rol": -0.4, "tan": 327.656, "gsp": 230, "tanR": 0.0, "tas": 222}, "time": 25038.027320928, "msg": "02188d0696c59eb96e60808100a800111dffde911ce0046f780a9b"}, "bds60": {"value": {"mhd": 329.941, "ias": 207, "mach": 0.336, "bar": -256, "ivv": -384}, "time": 25038.539400833, "msg": "02188d0696c5bd3f2681807f00a800111df5599f153fc7f4780a9b"}, "df17": {"time": 25038.0703125, "Lat": 22.125392, "Lon": 113.7753797, "geometric_height": 4100, "TId": "CPA188", "gsp": 229.6, "tan": 327.623291}, "windSpd_kt": 12.05, "windDir_deg": -79.613, "temperature_K": 574.758, "address": "780a9b", "createdAt": "06:57:18.574758"}