{"time": 25175.822376726, "bds50": {"value": {"rol": -0.2, "tan": 195.645, "gsp": 402, "tanR": null, "tas": 446}, "time": 25175.45172255, "msg": "02188d0696e59ddb6336909800a8000f04fff8b3327ffcdf7801a3"}, "bds60": {"value": {"mhd": 206.191, "ias": 269, "mach": 0.744, "bar": -32, "ivv": 0}, "time": 25175.822376726, "msg": "02188d0696e5b3f31f16819000a000149cc95a1b2ebffc007801a3"}, "df17": {"time": 25175.1171875, "Lat": 23.8536143, "Lon": 113.9619541, "geometric_height": 33800, "TId": "HDA901", "gsp": 402.1, "tan": 195.7324219}, "windSpd_kt": 89.404, "windDir_deg": 81.573, "temperature_K": 473.132, "address": "7801a3", "createdAt": "06:59:35.861791"}