{"time": 25052.145148133, "bds50": {"value": {"rol": 0.0, "tan": 229.395, "gsp": 436, "tanR": 0.0, "tas": 480}, "time": 25051.985863654, "msg": "02188d0696c8deb7e3e6819700a80016a8801a3336a004f0780507"}, "bds60": {"value": {"mhd": 232.734, "ias": 313, "mach": 0.784, "bar": 0, "ivv": 0}, "time": 25052.145148133, "msg": "02188d0696c8e83660e5909d00a00011b8d2ca7331200400780507"}, "df17": {"time": 25051.1484375, "Lat": 21.0817981, "Lon": 111.077764, "geometric_height": 29250, "TId": "CSN6754", "gsp": 435.5, "tan": 229.4714355}, "windSpd_kt": 51.445, "windDir_deg": 82.313, "temperature_K": 493.524, "address": "780507", "createdAt": "06:57:32.180997"}