{"time": 24651.215007386, "bds50": {"value": {"rol": -25.0, "tan": 300.41, "gsp": 238, "tanR": -2.031, "tas": 236}, "time": 24651.215007386, "msg": "02188d06966b8ee9ee9a807800a800111dee5d5b1dfdfc76780a9b"}, "bds60": {"value": {"mhd": 300.234, "ias": 209, "mach": 0.364, "bar": -640, "ivv": -544}, "time": 24651.197941086, "msg": "02188d06966b8de5855e807800a000053deac9a316ff67ef780a9b"}, "df17": {"time": 24650.609375, "Lat": 22.1397686, "Lon": 114.1352248, "geometric_height": 8100, "TId": "CPA188", "gsp": 238.0, "tan": 303.6895752}, "windSpd_kt": 2.128, "windDir_deg": -39.676, "temperature_K": 553.45, "address": "780a9b", "createdAt": 