{"time": 25133.057870507, "bds50": {"value": {"rol": -0.5, "tan": 268.418, "gsp": 358, "tanR": null, "tas": 404}, "time": 25133.057870507, "msg": "02188d0696dbbefc8aab819100a8001ab0ffbbef2cfffcca789207"}, "bds60": {"value": {"mhd": 268.77, "ias": 260, "mach": 0.66, "bar": -1152, "ivv": -1312}, "time": 25132.831013708, "msg": "02188d0696dbb176fb4c809800a00011badf9a09297ee7d7789207"}, "df17": {"time": 25132.0703125, "Lat": 22.3005724, "Lon": 115.9835243, "geometric_height": 29325, "TId": "HKE619", "gsp": 357.1, "tan": 268.3959961}, "windSpd_kt": 46.059, "windDir_deg": 91.507, "temperature_K": 493.324, "address": "789207", "createdAt": "06:58:53.097915"}