{"time": 25041.65965377, "bds50": {"value": {"rol": 0.0, "tan": 268.066, "gsp": 354, "tanR": 0.0, "tas": 376}, "time": 25041.651571692, "msg": "02188d0696c676bf1bec818a00a8001981801beb2c6004bc780124"}, "bds60": {"value": {"mhd": 270.527, "ias": 298, "mach": 0.584, "bar": -1728, "ivv": -1632}, "time": 25041.65965377, "msg": "02188d0696c6773a6e8a818900a0000995e03a5524be57cd780124"}, "df17": {"time": 25041.21875, "Lat": 22.2711968, "Lon": 114.9644566, "geometric_height": 15175, "TId": "HDA865", "gsp": 353.1, "tan": 268.0554199}, "windSpd_kt": 27.01, "windDir_deg": 124.775, "temperature_K": 545.768, "address": "780124", "createdAt": "06:57:21.697505"}