{"time": 25093.910596947, "bds50": {"value": {"rol": 0.0, "tan": 183.691, "gsp": 412, "tanR": 0.0, "tas": 420}, "time": 25093.903410725, "msg": "02188d0696d2a132e625809100a8001a3680182b33a004d2880456"}, "bds60": {"value": {"mhd": 189.316, "ias": 304, "mach": 0.664, "bar": 1344, "ivv": 1344}, "time": 25093.910596947, "msg": "02188d0696d2a1a08d53918800a0000d37c35a6129a1542a880456"}, "df17": {"time": 25093.6328125, "Lat": 21.6812396, "Lon": 114.0514112, "geometric_height": 21625, "TId": "AIQ763", "gsp": 411.8, "tan": 183.6199951}, "windSpd_kt": 41.599, "windDir_deg": 85.429, "temperature_K": 526.768, "address": "880456", "createdAt": "06:58:13.951063"}