{"time": 24562.011231901, "bds50": {"value": {"rol": 0.4, "tan": 226.406, "gsp": 396, "tanR": 0.031, "tas": 450}, "time": 24562.011231901, "msg": "02188d069656c9f4569d819700a0001218805a1131a00ce178061f"}, "bds60": {"value": {"mhd": 232.383, "ias": 290, "mach": 0.736, "bar": -320, "ivv": 0}, "time": 24560.983775593, "msg": "02188d0696568cb69969819500a0001218d2aa452e3fb40078061f"}, "df17": {"time": 24561.109375, "Lat": 23.4706163, "Lon": 116.8024778, "geometric_height": 29600, "TId": "CQH8615", "gsp": 395.3, "tan": 226.3348389}, "windSpd_kt": 69.667, "windDir_deg": 88.674, "temperature_K": 492.184, "address": "78061f", "createdAt": 