{"time": 25081.506125214, "bds50": {"value": {"rol": -3.0, "tan": 247.676, "gsp": 262, "tanR": -0.281, "tas": 278}, "time": 25081.506125214, "msg": "02188d0696cfbe43559e807d00a800160ffdfb0320ffbc8b780a49"}, "bds60": {"value": {"mhd": 248.73, "ias": 230, "mach": 0.424, "bar": 192, "ivv": 128}, "time": 25081.498784214, "msg": "02188d0696cfbdd351d6807d00a0000791d879cd1aa03404780a49"}, "df17": {"time": 25081.1640625, "Lat": 22.2434092, "Lon": 114.2800426, "geometric_height": 11575, "TId": "CPA495", "gsp": 262.6, "tan": 248.3184814}, "windSpd_kt": 16.753, "windDir_deg": 85.449, "temperature_K": 565.998, "address": "780a49", "createdAt": "06:58:01.545345"}