{"time": 25132.015721719, "bds50": {"value": {"rol": -0.5, "tan": 117.598, "gsp": 282, "tanR": -0.062, "tas": 276}, "time": 25131.345309981, "msg": "02188d0696db58e8f11d818b00a8001d90ffb53b237ff48a780f53"}, "bds60": {"value": {"mhd": 123.223, "ias": 231, "mach": 0.42, "bar": -1120, "ivv": -1024}, "time": 25132.015721719, "msg": "02188d0696db80de9cf7819000a00006bcabd9cf1a7eefe0780f53"}, "df17": {"time": 25131.75, "Lat": 22.9044557, "Lon": 113.4354687, "geometric_height": 10575, "TId": "CUA5867", "gsp": 283.2, "tan": 117.5592041}, "windSpd_kt": 28.028, "windDir_deg": 42.756, "temperature_K": 568.562, "address": "780f53", "createdAt": "06:58:52.053560"}