{"time": 24682.953236478, "bds50": {"value": {"rol": 1.2, "tan": 197.93, "gsp": 278, "tanR": null, "tas": 286}, "time": 24682.946150607, "msg": "02188d069672f23cc0cf809a00a000061e80f8cd22c0048f780cb1"}, "bds60": {"value": {"mhd": 203.555, "ias": 249, "mach": 0.444, "bar": -1600, "ivv": 480}, "time": 24682.953236478, "msg": "02188d069672f2a8dffe929200a000061ec869f31bfe740f780cb1"}, "df17": {"time": 24682.8203125, "Lat": 23.4756374, "Lon": 113.4404254, "geometric_height": 9350, "TId": "CSN300", "gsp": 278.6, "tan": 197.979126}, "windSpd_kt": 28.805, "windDir_deg": 94.637, "temperature_K": 546.29, "address": "780cb1", "createdAt": 