{"time": 25081.277388175, "bds50": {"value": {"rol": -0.4, "tan": 70.84, "gsp": 136, "tanR": -0.125, "tas": 140}, "time": 25081.277388175, "msg": "02188d0696cfb0a1158f908500a800180affd327113fe4467801c2"}, "bds60": {"value": {"mhd": 71.016, "ias": 140, "mach": 0.212, "bar": -704, "ivv": -672}, "time": 25081.253334247, "msg": "02188d0696cfaf320ce7808500a00000b89949190d7f57eb7801c2"}, "df17": {"time": 25080.9765625, "Lat": 22.3013234, "Lon": 113.8681626, "geometric_height": 625, "TId": "HDA207", "gsp": 136.7, "tan": 70.7684326}, "windSpd_kt": 4.022, "windDir_deg": -103.023, "temperature_K": 574.172, "address": "7801c2", "createdAt": "06:58:01.323613"}