{"time": 25254.478007026, "bds50": {"value": {"rol": 0.4, "tan": 80.332, "gsp": 410, "tanR": 0.031, "tas": 380}, "time": 25254.478007026, "msg": "02188d0696f80430caf2809100a8001a3580539333600cbe780ccc"}, "bds60": {"value": {"mhd": 83.145, "ias": 289, "mach": 0.592, "bar": 1120, "ivv": 960}, "time": 25254.467589279, "msg": "02188d0696f80391d49f918b00a0000b189d9a4325211c1e780ccc"}, "df17": {"time": 25253.84375, "Lat": 23.6235452, "Lon": 114.1681623, "geometric_height": 17625, "TId": "CSN3085", "gsp": 408.7, "tan": 80.4199219}, "windSpd_kt": 35.714, "windDir_deg": 48.853, "temperature_K": 542.478, "address": "780ccc", "createdAt": "07:00:54.538804"}