{"time": 24559.650307385, "bds50": {"value": {"rol": 0.4, "tan": 143.086, "gsp": 344, "tanR": 0.0, "tas": 340}, "time": 24559.642203992, "msg": "02188d0696563cbfd758818e00a00007b580565d2b2004aa781433"}, "bds60": {"value": {"mhd": 149.414, "ias": 280, "mach": 0.52, "bar": -1152, "ivv": -1056}, "time": 24559.650307385, "msg": "02188d0696563d3b7d39809200a00007b5b52a3120bee7df781433"}, "df17": {"time": 24559.125, "Lat": 23.1014585, "Lon": 113.3049417, "geometric_height": 12075, "TId": "CSZ9504", "gsp": 344.1, "tan": 143.0310059}, "windSpd_kt": 37.963, "windDir_deg": 62.289, "temperature_K": 562.872, "address": "781433", "createdAt": 