{"time": 24477.700405117, "bds50": {"value": {"rol": 0.0, "tan": 263.672, "gsp": 354, "tanR": null, "tas": 394}, "time": 24477.693163634, "msg": "02188d0696432834b872828a00a0000dbf801bb92c7ffcc579a054"}, "bds60": {"value": {"mhd": 266.66, "ias": 280, "mach": 0.628, "bar": -1056, "ivv": -960}, "time": 24477.700405117, "msg": "02188d06964328a3377d809000a0000dbfdeda31277effe279a054"}, "df17": {"time": 24477.625, "Lat": 22.8801656, "Lon": 115.1937962, "geometric_height": 22575, "TId": "CSN6325", "gsp": 354.2, "tan": 263.6773682}, "windSpd_kt": 44.489, "windDir_deg": 111.165, "temperature_K": 518.24, "address": "79a054", "createdAt": 