{"time": 24627.335011775, "bds50": {"value": {"rol": -24.3, "tan": 337.676, "gsp": 246, "tanR": -1.812, "tas": 244}, "time": 24626.636775306, "msg": "02188d069665d5efdf8a808900a8000a21eedf031efe347a780d02"}, "bds60": {"value": {"mhd": 332.93, "ias": 220, "mach": 0.376, "bar": 1024, "ivv": 832}, "time": 24627.335011775, "msg": "02188d069665ff8e1dbf908600a000049ff669b917a1041a780d02"}, "df17": {"time": 24626.84375, "Lat": 23.5335946, "Lon": 113.3174729, "geometric_height": 6875, "TId": "JYH1001", "gsp": 246.3, "tan": 337.8076172}, "windSpd_kt": 20.387, "windDir_deg": 59.678, "temperature_K": 554.45, "address": "780d02", "createdAt": 