{"time": 25022.531934233, "bds50": {"value": {"rol": 19.5, "tan": 295.312, "gsp": 236, "tanR": 0.156, "tas": 230}, "time": 25022.374234485, "msg": "02188d0696c1f9ba4975808a00a8000e198dfd211da02c73780aab"}, "bds60": {"value": {"mhd": 297.07, "ias": 210, "mach": 0.352, "bar": -1216, "ivv": -1216}, "time": 25022.531934233, "msg": "02188d0696c203209819808100a8000e19e9a9a5163ed7da780aab"}, "df17": {"time": 25022.390625, "Lat": 22.0330811, "Lon": 113.8943624, "geometric_height": 5875, "TId": "CPA859", "gsp": 236.2, "tan": 295.0488281}, "windSpd_kt": 9.333, "windDir_deg": -113.806, "temperature_K": 562.118, "address": "780aab", "createdAt": "06:57:02.570344"}