{"time": 24617.411754565, "bds50": {"value": {"rol": 0.2, "tan": 246.621, "gsp": 398, "tanR": null, "tas": 452}, "time": 24616.10713492, "msg": "02188d06966362524fc8909a00a8001935803af731fffce2780c4c"}, "bds60": {"value": {"mhd": 249.082, "ias": 281, "mach": 0.744, "bar": -64, "ivv": 0}, "time": 24617.411754565, "msg": "02188d069663b0153a45819300a000133cd89a332ebff400780c4c"}, "df17": {"time": 24617.28125, "Lat": 22.0006371, "Lon": 112.6752663, "geometric_height": 31800, "TId": "CES5199", "gsp": 398.6, "tan": 246.6485596}, "windSpd_kt": 56.99, "windDir_deg": 86.532, "temperature_K": 485.946, "address": "780c4c", "createdAt": 