{"time": 25208.79426383, "bds50": {"value": {"rol": 1.1, "tan": 321.68, "gsp": 332, "tanR": 0.094, "tas": 338}, "time": 25208.689732188, "msg": "02188d0696ed5aff2a5c808700a800191280de4d29a01ca9780abc"}, "bds60": {"value": {"mhd": 321.855, "ias": 273, "mach": 0.52, "bar": -800, "ivv": -896}, "time": 25208.79426383, "msg": "02188d0696ed613a3116808500a0000895f27a2320bf3fe4780abc"}, "df17": {"time": 25208.46875, "Lat": 21.6361141, "Lon": 114.4954562, "geometric_height": 13375, "TId": "CPA134", "gsp": 331.1, "tan": 321.7456055}, "windSpd_kt": 6.087, "windDir_deg": 151.445, "temperature_K": 556.268, "address": "780abc", "createdAt": "07:00:08.826130"}