{"time": 25021.144614993, "bds50": {"value": {"rol": 21.8, "tan": 345.762, "gsp": 398, "tanR": 1.062, "tas": 406}, "time": 25021.144614993, "msg": "02188d0696c1b06fc851818800a8000f348f9f5f31e114cb78029c"}, "bds60": {"value": {"mhd": 345.586, "ias": 316, "mach": 0.632, "bar": 2592, "ivv": 2400}, "time": 25020.211146948, "msg": "02188d0696c178cc30c4818e00a0000a92faea7927a28c4b78029c"}, "df17": {"time": 25020.9296875, "Lat": 23.1662393, "Lon": 113.4386873, "geometric_height": 16625, "TId": "CCA1368", "gsp": 399.2, "tan": 345.7891846}, "windSpd_kt": 8.095, "windDir_deg": 156.899, "temperature_K": 543.344, "address": "78029c", "createdAt": "06:57:01.165435"}