{"time": 24617.213843155, "bds50": {"value": {"rol": 0.0, "tan": 197.93, "gsp": 352, "tanR": 0.0, "tas": 366}, "time": 24617.213843155, "msg": "02188d069663a44956d3819300a80007868018cd2c2004b7780627"}, "bds60": {"value": {"mhd": 203.555, "ias": 300, "mach": 0.56, "bar": -32, "ivv": 0}, "time": 24617.190150122, "msg": "02188d069663a2dfcfea809a00a0000810c86a59233ffc00780627"}, "df17": {"time": 24616.75, "Lat": 23.9108205, "Lon": 113.5940194, "geometric_height": 12425, "TId": "CSN6377", "gsp": 352.0, "tan": 197.8692627}, "windSpd_kt": 37.904, "windDir_deg": 89.094, "temperature_K": 562.398, "address": "780627", "createdAt": 