{"time": 24608.588637978, "bds50": {"value": {"rol": 0.9, "tan": 71.895, "gsp": 298, "tanR": 0.062, "tas": 288}, "time": 24608.588637978, "msg": "02188d069661a22f271a829600a800092680b333256014907811e2"}, "bds60": {"value": {"mhd": 73.828, "ias": 252, "mach": 0.444, "bar": -32, "ivv": -32}, "time": 24607.646610377, "msg": "02188d0696616a08f3c9819000a00006139a49f91bffffff7811e2"}, "df17": {"time": 24608.2421875, "Lat": 22.3829699, "Lon": 113.0439305, "geometric_height": 9075, "TId": "CSC8783", "gsp": 297.5, "tan": 71.9934082}, "windSpd_kt": 14.06, "windDir_deg": 28.19, "temperature_K": 553.958, "address": "7811e2", "createdAt": 