{"time": 25239.939623041, "bds50": {"value": {"rol": 5.6, "tan": 241.875, "gsp": 394, "tanR": 0.219, "tas": 446}, "time": 25239.920288483, "msg": "02188d0696f4a07ba2e3818900a80013bc841ac131603cdf78061f"}, "bds60": {"value": {"mhd": 245.566, "ias": 288, "mach": 0.732, "bar": -64, "ivv": 32}, "time": 25239.939623041, "msg": "02188d0696f4a1a2a881828b00a0001218d75a412dfff40178061f"}, "df17": {"time": 25239.6484375, "Lat": 22.5051713, "Lon": 115.9395146, "geometric_height": 29625, "TId": "CQH8615", "gsp": 395.5, "tan": 241.2982178}, "windSpd_kt": 58.592, "windDir_deg": 91.217, "temperature_K": 488.77, "address": "78061f", "createdAt": "07:00:39.978351"}