{"time": 24566.094098107, "bds50": {"value": {"rol": 15.3, "tan": 274.57, "gsp": 414, "tanR": 0.719, "tas": 472}, "time": 24565.358751511, "msg": "02188d069657917b6f17819400a000109d8afc3533e0bcec7805a1"}, "bds60": {"value": {"mhd": 276.328, "ias": 318, "mach": 0.768, "bar": 864, "ivv": 1152}, "time": 24566.094098107, "msg": "02188d069657bd4feebb81a000a000109ee24a7d3020dc247805a1"}, "df17": {"time": 24563.6171875, "Lat": 24.1466188, "Lon": 116.7799902, "geometric_height": 26975, "TId": "CSC8132", "gsp": 412.6, "tan": 273.3343506}, "windSpd_kt": 59.565, "windDir_deg": 108.639, "temperature_K": 497.3, "address": "7805a1", "createdAt": 