{"time": 24562.464283559, "bds50": {"value": {"rol": -0.5, "tan": 83.672, "gsp": 452, "tanR": null, "tas": 416}, "time": 24562.464283559, "msg": "02188d069656e4f55ba7829200a8001a25ffb3b938bffcd078046f"}, "bds60": {"value": {"mhd": 87.363, "ias": 309, "mach": 0.656, "bar": 2176, "ivv": 2336}, "time": 24562.453854555, "msg": "02188d069656e456395b819300a0000c3b9f1a6b2922244978046f"}, "df17": {"time": 24562.1796875, "Lat": 22.7842712, "Lon": 115.2451444, "geometric_height": 19925, "TId": "CSZ9073", "gsp": 451.8, "tan": 83.6444092}, "windSpd_kt": 45.564, "windDir_deg": 47.674, "temperature_K": 529.464, "address": "78046f", "createdAt": 