{"time": 25013.79731862, "bds50": {"value": {"rol": -0.2, "tan": 2.461, "gsp": 462, "tanR": 0.0, "tas": 452}, "time": 25013.79731862, "msg": "02188d0696bffa80efdc829300a800049dfff01d39e004e27807dc"}, "bds60": {"value": {"mhd": 359.473, "ias": 319, "mach": 0.728, "bar": -32, "ivv": 64}, "time": 25012.461662339, "msg": "02188d0696bfaae47083819100a0000eb0ffda7f2dbffc027807dc"}, "df17": {"time": 25012.3359375, "Lat": 23.9196181, "Lon": 113.4027028, "geometric_height": 23875, "TId": "CSN6274", "gsp": 461.4, "tan": 2.4829102}, "windSpd_kt": 25.842, "windDir_deg": 68.209, "temperature_K": 507.542, "address": "7807dc", "createdAt": "06:56:53.831902"}