{"time": 24564.097757252, "bds50": {"value": {"rol": 0.2, "tan": 90.0, "gsp": 326, "tanR": 0.0, "tas": 308}, "time": 24564.097757252, "msg": "02188d06965746523044818e00a8001c3280340128e0049a780b12"}, "bds60": {"value": {"mhd": 94.219, "ias": 250, "mach": 0.472, "bar": -1248, "ivv": -1280}, "time": 24563.383521272, "msg": "02188d0696571bbfcff8818f00a0000832a189f51dbecfd8780b12"}, "df17": {"time": 24561.71875, "Lat": 23.069787, "Lon": 112.640934, "geometric_height": 12900, "TId": "CSN3438", "gsp": 326.1, "tan": 90}, "windSpd_kt": 29.465, "windDir_deg": 39.734, "temperature_K": 560.628, "address": "780b12", "createdAt": 