{"time": 24618.075469245, "bds50": {"value": {"rol": 0.2, "tan": 267.715, "gsp": 264, "tanR": 0.031, "tas": 280}, "time": 24618.075469245, "msg": "02188d069663d7a4b5bd809000a8001798803be721200c8c8990f5"}, "bds60": {"value": {"mhd": 268.418, "ias": 230, "mach": 0.428, "bar": -512, "ivv": -480}, "time": 24617.083199747, "msg": "02188d0696639c7fe103909000a000079cdf79cd1aff87f18990f5"}, "df17": {"time": 24617.6796875, "Lat": 22.25667, "Lon": 114.5381141, "geometric_height": 11850, "TId": "CAL7863", "gsp": 263.2, "tan": 267.824707}, "windSpd_kt": 16.344, "windDir_deg": 99.849, "temperature_K": 563.49, "address": "8990f5", "createdAt": 