{"time": 24660.808831652, "bds50": {"value": {"rol": 0.4, "tan": 79.98, "gsp": 294, "tanR": -0.094, "tas": 278}, "time": 24660.808831652, "msg": "02188d06966dcac012a4908b00a800008980538f24ffec8b781005"}, "bds60": {"value": {"mhd": 83.848, "ias": 250, "mach": 0.424, "bar": -64, "ivv": 32}, "time": 24660.786373696, "msg": "02188d06966dc9696440808b00a00004b19dd9f51abff401781005"}, "df17": {"time": 24660.7109375, "Lat": 23.5433793, "Lon": 113.6639071, "geometric_height": 7025, "TId": "CSZ9993", "gsp": 294.4, "tan": 80.0244141}, "windSpd_kt": 25.067, "windDir_deg": 31.551, "temperature_K": 565.998, "address": "781005", "createdAt": 