{"time": 24573.819276939, "bds50": {"value": {"rol": -0.7, "tan": 184.57, "gsp": 340, "tanR": null, "tas": 352}, "time": 24573.812270732, "msg": "02188d0696598959e68c807b00a0000398ff98352abffcb076cdb0"}, "bds60": {"value": {"mhd": 186.68, "ias": 325, "mach": 0.532, "bar": 0, "ivv": 0}, "time": 24573.819276939, "msg": "02188d06965989c4ce8b907c00a0000398c26a8b2160040076cdb0"}, "df17": {"time": 24573.578125, "Lat": 22.1210575, "Lon": 114.0831041, "geometric_height": 5075, "TId": "SIA863", "gsp": 339.0, "tan": 184.5648193}, "windSpd_kt": 17.501, "windDir_deg": 52.346, "temperature_K": 576.394, "address": "76cdb0", "createdAt": 