{"time": 25164.02413986, "bds50": {"value": {"rol": 0.7, "tan": 40.078, "gsp": 418, "tanR": 0.0, "tas": 398}, "time": 25162.823847827, "msg": "02188d0696e2ad2d4f93828c00a800048c8091c9346004c778029d"}, "bds60": {"value": {"mhd": 40.957, "ias": 327, "mach": 0.612, "bar": 1568, "ivv": 1696}, "time": 25164.02413986, "msg": "02188d0696e2f4b85054828900a000081a8e9a8f26618c3578029d"}, "df17": {"time": 25163.453125, "Lat": 23.0416346, "Lon": 114.3334937, "geometric_height": 12675, "TId": "CSZ9847", "gsp": 417.5, "tan": 39.9462891}, "windSpd_kt": 20.956, "windDir_deg": 23.139, "temperature_K": 556.828, "address": "78029d", "createdAt": "06:59:24.069588"}