{"time": 25003.653341697, "bds50": {"value": {"rol": 0.2, "tan": 37.09, "gsp": 440, "tanR": 0.0, "tas": 396}, "time": 25003.653341697, "msg": "02188d0696bd9de02201808f00a8001cbb8031a7372004c6780a6a"}, "bds60": {"value": {"mhd": 36.211, "ias": 269, "mach": 0.644, "bar": -64, "ivv": 0}, "time": 25003.645253718, "msg": "02188d0696bd9d64b856809100a00010108cea1b287ff400780a6a"}, "df17": {"time": 25002.640625, "Lat": 23.8308263, "Lon": 114.4758868, "geometric_height": 25975, "TId": "CRK270", "gsp": 440.3, "tan": 37.1557617}, "windSpd_kt": 44.464, "windDir_deg": 44.943, "temperature_K": 497.824, "address": "780a6a", "createdAt": "06:56:43.675465"}