{"time": 24700.933937004, "bds50": {"value": {"rol": 0.0, "tan": 331.699, "gsp": 354, "tanR": 0.0, "tas": 366}, "time": 24700.927118107, "msg": "02188d06967721fc8b1b808400a0000ab2801ebf2c6004b7780bcf"}, "bds60": {"value": {"mhd": 329.062, "ias": 281, "mach": 0.568, "bar": -960, "ivv": -928}, "time": 24700.933937004, "msg": "02188d0696772264976c808500a0000ab2f50a3323bf17e3780bcf"}, "df17": {"time": 24700.5859375, "Lat": 22.193799, "Lon": 113.9612889, "geometric_height": 17150, "TId": "CSN3070", "gsp": 353.1, "tan": 331.7651367}, "windSpd_kt": 20.455, "windDir_deg": 96.29, "temperature_K": 546.668, "address": "780bcf", "createdAt": 