{"time": 24561.384483344, "bds50": {"value": {"rol": 10.5, "tan": 272.637, "gsp": 412, "tanR": 0.469, "tas": 470}, "time": 24561.37921462, "msg": "02188d069656a448851c829800a8001134879c1f33a07ceb7805a1"}, "bds60": {"value": {"mhd": 273.34, "ias": 317, "mach": 0.764, "bar": 704, "ivv": 800}, "time": 24561.384483344, "msg": "02188d069656a498ea10819700a000109be13a7b2fe0b4197805a1"}, "df17": {"time": 24560.125, "Lat": 24.1462755, "Lon": 116.7872643, "geometric_height": 26950, "TId": "CSC8132", "gsp": 411.3, "tan": 272.510376}, "windSpd_kt": 58.251, "windDir_deg": 98.318, "temperature_K": 498.272, "address": "7805a1", "createdAt": 