{"time": 24687.223801457, "bds50": {"value": {"rol": -2.6, "tan": 77.168, "gsp": 490, "tanR": -0.094, "tas": 444}, "time": 24687.223801457, "msg": "02188d069673f1348671818c00a8001f3cfe336f3d7fecde781374"}, "bds60": {"value": {"mhd": 80.332, "ias": 281, "mach": 0.728, "bar": 1792, "ivv": 1824}, "time": 24687.212148441, "msg": "02188d069673f082b6d9818b00a00012b19c9a332da1c439781374"}, "df17": {"time": 24686.2578125, "Lat": 21.9860673, "Lon": 114.9909997, "geometric_height": 30625, "TId": "CSH818", "gsp": 490.6, "tan": 78.0029297}, "windSpd_kt": 52.719, "windDir_deg": 49.468, "temperature_K": 489.734, "address": "781374", "createdAt": 