{"time": 24621.816528681, "bds50": {"value": {"rol": 0.2, "tan": 69.258, "gsp": 168, "tanR": -0.094, "tas": 172}, "time": 24621.445008663, "msg": "02188d069664a07bcd17807100a0000297803315153fec5678115c"}, "bds60": {"value": {"mhd": 75.059, "ias": 163, "mach": 0.26, "bar": 832, "ivv": 800}, "time": 24621.816528681, "msg": "02188d069664b6a0bf29908600a00002979ab9471060d41978115c"}, "df17": {"time": 24621.5390625, "Lat": 22.3250341, "Lon": 113.9892483, "geometric_height": 3450, "TId": "CCA112", "gsp": 168.1, "tan": 69.0875244}, "windSpd_kt": 17.662, "windDir_deg": -30.914, "temperature_K": 576.192, "address": "78115c", "createdAt": 