{"time": 25091.300563791, "bds50": {"value": {"rol": -0.2, "tan": 183.516, "gsp": 384, "tanR": null, "tas": 386}, "time": 25091.300563791, "msg": "02188d0696d2060e9b4f808b00a80009abfff829303ffcc1780126"}, "bds60": {"value": {"mhd": 189.668, "ias": 304, "mach": 0.596, "bar": 2048, "ivv": 2176}, "time": 25089.94574613, "msg": "02188d0696d1b54dbad2808b00a000099dc37a6125620444780126"}, "df17": {"time": 25091.2578125, "Lat": 21.5904307, "Lon": 114.0449739, "geometric_height": 15275, "TId": "HDA694", "gsp": 384.7, "tan": 183.5760498}, "windSpd_kt": 41.367, "windDir_deg": 93.825, "temperature_K": 552.256, "address": "780126", "createdAt": "06:58:11.335472"}