{"time": 24637.386747709, "bds50": {"value": {"rol": 0.5, "tan": 8.086, "gsp": 390, "tanR": 0.031, "tas": 384}, "time": 24637.386747709, "msg": "02188d06966856af6f3d808700a800181280705d30e00cc0780c75"}, "bds60": {"value": {"mhd": 6.152, "ias": 301, "mach": 0.592, "bar": 32, "ivv": 32}, "time": 24637.361944085, "msg": "02188d0696685534f615828100a00009b8823a5b25200c01780c75"}, "df17": {"time": 24637.109375, "Lat": 22.5551248, "Lon": 113.8972378, "geometric_height": 15600, "TId": "CSN644", "gsp": 390.9, "tan": 8.0859375}, "windSpd_kt": 14.374, "windDir_deg": 72.451, "temperature_K": 553.958, "address": "780c75", "createdAt": 