{"time": 25003.167046607, "bds50": {"value": {"rol": -0.5, "tan": 150.469, "gsp": 448, "tanR": -0.062, "tas": 452}, "time": 25003.167046607, "msg": "02188d0696bd80e3dbcf808b00a8001db0ffb6b1383ff4e278074b"}, "bds60": {"value": {"mhd": 158.379, "ias": 298, "mach": 0.732, "bar": 1504, "ivv": 1312}, "time": 25003.159523501, "msg": "02188d0696bd807110ad808e00a000111db85a552de17c2978074b"}, "df17": {"time": 25003.125, "Lat": 21.7361712, "Lon": 113.704505, "geometric_height": 28025, "TId": "CSN6049", "gsp": 446.9, "tan": 150.5072021}, "windSpd_kt": 62.204, "windDir_deg": 60.746, "temperature_K": 502.01, "address": "78074b", "createdAt": "06:56:43.196131"}