{"time": 24571.389690198, "bds50": {"value": {"rol": 0.2, "tan": 239.062, "gsp": 430, "tanR": null, "tas": 462}, "time": 24570.513673032, "msg": "02188d069658c4bd4b4881ae00a00015b8803aa135fffce788044b"}, "bds60": {"value": {"mhd": 240.469, "ias": 270, "mach": 0.776, "bar": 0, "ivv": 0}, "time": 24571.389690198, "msg": "02188d069658f8f4415681a800a00015b8d58a1d30a0040088044b"}, "df17": {"time": 24570.359375, "Lat": 18.8971281, "Lon": 112.6584649, "geometric_height": 36100, "TId": "AIQ851", "gsp": 429.6, "tan": 239.1943359}, "windSpd_kt": 33.82, "windDir_deg": 78.66, "temperature_K": 466.678, "address": "88044b", "createdAt": 