{"time": 25018.322517999, "bds50": {"value": {"rol": -0.4, "tan": 71.016, "gsp": 204, "tanR": -0.125, "tas": 210}, "time": 25017.948670654, "msg": "02188d0696c0f1f18abe807b00a8001ca5ffd32919bfe4698880ca"}, "bds60": {"value": {"mhd": 75.586, "ias": 198, "mach": 0.32, "bar": 992, "ivv": 1056}, "time": 25018.322517999, "msg": "02188d0696c10839ffef806800a00002b69ae98d1420fc218880ca"}, "df17": {"time": 25017.9765625, "Lat": 22.3321795, "Lon": 114.0095472, "geometric_height": 3775, "TId": "HVN593", "gsp": 202.1, "tan": 70.9387207}, "windSpd_kt": 17.561, "windDir_deg": -36.66, "temperature_K": 567.018, "address": "8880ca", "createdAt": "06:56:58.346491"}