{"time": 24631.267176651, "bds50": {"value": {"rol": 0.0, "tan": 267.891, "gsp": 378, "tanR": null, "tas": 406}, "time": 24630.943733157, "msg": "02188d069666d6a6d5a5809800a8000e2e801be92f7ffccb789211"}, "bds60": {"value": {"mhd": 268.77, "ias": 301, "mach": 0.64, "bar": -1984, "ivv": -1984}, "time": 24631.267176651, "msg": "02188d069666e9ee30cb819000a0000c39df9a5b283e17c2789211"}, "df17": {"time": 24630.53125, "Lat": 22.2787929, "Lon": 115.2055335, "geometric_height": 19975, "TId": "CRK611", "gsp": 378.1, "tan": 268.0279541}, "windSpd_kt": 28.638, "windDir_deg": 100.453, "temperature_K": 529.846, "address": "789211", "createdAt": 