{"time": 25010.78198483, "bds50": {"value": {"rol": -0.4, "tan": 63.105, "gsp": 184, "tanR": 0.031, "tas": 184}, "time": 25009.70386148, "msg": "02188d0696bf0683bce8808000a8001827ffd2cf17200c5c781319"}, "bds60": {"value": {"mhd": 69.434, "ias": 174, "mach": 0.28, "bar": -1344, "ivv": -1280}, "time": 25010.78198483, "msg": "02188d0696bf46c6983e808400a000023f98b95d11beb7d8781319"}, "df17": {"time": 25010.7109375, "Lat": 22.4551749, "Lon": 113.8108921, "geometric_height": 3300, "TId": "TBA9847", "gsp": 182.8, "tan": 63.012085}, "windSpd_kt": 20.315, "windDir_deg": -23.73, "temperature_K": 568.562, "address": "781319", "createdAt": "06:56:50.805503"}