{"time": 25200.860056249, "bds50": {"value": {"rol": -0.2, "tan": 248.027, "gsp": 262, "tanR": -0.094, "tas": 274}, "time": 25200.860056249, "msg": "02188d0696eb884fcab9807500a800160ffffb0720ffec89780a49"}, "bds60": {"value": {"mhd": 249.609, "ias": 231, "mach": 0.416, "bar": -1120, "ivv": -992}, "time": 25200.362555805, "msg": "02188d0696eb6aa8899d807200a00006b2d8c9cf1a3eefe1780a49"}, "df17": {"time": 25200.6484375, "Lat": 22.1881986, "Lon": 114.1347313, "geometric_height": 10325, "TId": "CPA495", "gsp": 261.9, "tan": 248.0383301}, "windSpd_kt": 14.097, "windDir_deg": 100.48, "temperature_K": 571.178, "address": "780a49", "createdAt": "07:00:00.891106"}