{"time": 25247.83608672, "bds50": {"value": {"rol": 0.9, "tan": 247.324, "gsp": 264, "tanR": 0.062, "tas": 278}, "time": 25247.83608672, "msg": "02188d0696f6784d21c0808000a8000e2e80baff2120148b789211"}, "bds60": {"value": {"mhd": 248.906, "ias": 230, "mach": 0.424, "bar": -64, "ivv": -32}, "time": 25247.828236813, "msg": "02188d0696f677d55a0d808100a0000790d889cd1abff7ff789211"}, "df17": {"time": 25247.3984375, "Lat": 22.2348261, "Lon": 114.258821, "geometric_height": 11550, "TId": "CRK611", "gsp": 263.2, "tan": 247.4285889}, "windSpd_kt": 15.873, "windDir_deg": 96.24, "temperature_K": 565.998, "address": "789211", "createdAt": "07:00:47.871975"}