{"time": 25191.441728784, "bds50": {"value": {"rol": 1.1, "tan": 185.977, "gsp": 178, "tanR": 0.188, "tas": 184}, "time": 25191.441728784, "msg": "02188d0696e956ef8510818900a8001e9480d8451660345c7811ab"}, "bds60": {"value": {"mhd": 190.02, "ias": 173, "mach": 0.284, "bar": -608, "ivv": -768}, "time": 25190.835992111, "msg": "02188d0696e932d4b62f828b00a8001e94c3995b11ff6fe87811ab"}, "df17": {"time": 25191.4375, "Lat": 23.1596088, "Lon": 113.3887124, "geometric_height": 4625, "TId": "CSZ9676", "gsp": 178.0, "tan": 185.8062744}, "windSpd_kt": 14.107, "windDir_deg": 72.845, "temperature_K": 552.658, "address": "7811ab", "createdAt": "06:59:51.492400"}