{"time": 25078.988353921, "bds50": {"value": {"rol": 0.0, "tan": 250.488, "gsp": 426, "tanR": -0.062, "tas": 474}, "time": 25078.988353921, "msg": "02188d0696cf28313181809f00a800160a801b23357ff4ed8880ae"}, "bds60": {"value": {"mhd": 253.125, "ias": 287, "mach": 0.792, "bar": 288, "ivv": 0}, "time": 25078.981137889, "msg": "02188d0696cf27c315e1809d00a000149bda0a3f31a04c008880ae"}, "df17": {"time": 25078.984375, "Lat": 20.7265019, "Lon": 112.6858234, "geometric_height": 33975, "TId": "HVN577", "gsp": 426.0, "tan": 250.6695557}, "windSpd_kt": 52.265, "windDir_deg": 95.149, "temperature_K": 471.59, "address": "8880ae", "createdAt": "06:57:59.042519"}