{"time": 24710.975582365, "bds50": {"value": {"rol": -0.4, "tan": 310.781, "gsp": 336, "tanR": null, "tas": 342}, "time": 24710.970753874, "msg": "02188d06967978a24352829200a80013a7ffddd12a3ffcab7813f7"}, "bds60": {"value": {"mhd": 310.43, "ias": 281, "mach": 0.524, "bar": -928, "ivv": -768}, "time": 24710.975582365, "msg": "02188d06967978ebf09d819200a0000814ee6a3320ff1fe87813f7"}, "df17": {"time": 24710.65625, "Lat": 23.1270146, "Lon": 113.8050342, "geometric_height": 12500, "TId": "CSN3092", "gsp": 335.3, "tan": 310.7702637}, "windSpd_kt": 6.349, "windDir_deg": 111.513, "temperature_K": 560.85, "address": "7813f7", "createdAt": 