{"time": 24661.411369417, "bds50": {"value": {"rol": 0.9, "tan": 308.848, "gsp": 226, "tanR": 0.125, "tas": 212}, "time": 24661.404467637, "msg": "02188d06966dee40c1b5807d00a800180a80bdbb1c60246a7801c2"}, "bds60": {"value": {"mhd": 310.078, "ias": 198, "mach": 0.32, "bar": -480, "ivv": -480}, "time": 24661.411369417, "msg": "02188d06966deeaa11c9807c00a0000316ee498d143f8ff17801c2"}, "df17": {"time": 24661.375, "Lat": 22.0830774, "Lon": 113.8322854, "geometric_height": 4250, "TId": "HDA207", "gsp": 227.0, "tan": 308.737793}, "windSpd_kt": 14.768, "windDir_deg": -69.1, "temperature_K": 577.87, "address": "7801c2", "createdAt": 