{"time": 24577.942152245, "bds50": {"value": {"rol": -0.5, "tan": 191.074, "gsp": 416, "tanR": 0.0, "tas": 456}, "time": 24577.942152245, "msg": "02188d06965a7f82e435829200a8000004ffb87f342004e4789226"}, "bds60": {"value": {"mhd": 202.324, "ias": 296, "mach": 0.744, "bar": 64, "ivv": 32}, "time": 24577.707418118, "msg": "02188d06965a71852206809900a00011b8c7fa512ea01401789226"}, "df17": {"time": 24575.78125, "Lat": 24.8688626, "Lon": 114.223609, "geometric_height": 29000, "TId": "CRK337", "gsp": 415.9, "tan": 191.2280273}, "windSpd_kt": 94.286, "windDir_deg": 81.726, "temperature_K": 494.586, "address": "789226", "createdAt": 