{"time": 24597.863735582, "bds50": {"value": {"rol": 16.3, "tan": 297.949, "gsp": 422, "tanR": 0.75, "tas": 470}, "time": 24596.554221134, "msg": "02188d06965ed4e0864e829900a00011318bbd3f34e0c4eb7805a1"}, "bds60": {"value": {"mhd": 297.949, "ias": 310, "mach": 0.764, "bar": 1984, "ivv": 1984}, "time": 24597.863735582, "msg": "02188d06965f22ee211e819a00a0001133e9fa6d2fe1f43e7805a1"}, "df17": {"time": 24595.28125, "Lat": 24.1627765, "Lon": 116.7159605, "geometric_height": 27850, "TId": "CSC8132", "gsp": 421.0, "tan": 295.4718018}, "windSpd_kt": 48.0, "windDir_deg": 117.949, "temperature_K": 498.272, "address": "7805a1", "createdAt": 