{"time": 24659.717400766, "bds50": {"value": {"rol": 18.1, "tan": 197.051, "gsp": 436, "tanR": 0.781, "tas": 472}, "time": 24658.86267242, "msg": "02188d06966d56c00a24819f00a800193c8cf8c336a0ccec7805f8"}, "bds60": {"value": {"mhd": 207.422, "ias": 308, "mach": 0.772, "bar": 32, "ivv": 0}, "time": 24659.717400766, "msg": "02188d06966d89b228be809100a00011b8c9ca6930600c007805f8"}, "df17": {"time": 24659.484375, "Lat": 23.311615, "Lon": 113.703196, "geometric_height": 29075, "TId": "CSN6483", "gsp": 437.0, "tan": 196.4849854}, "windSpd_kt": 89.555, "windDir_deg": 88.637, "temperature_K": 492.16, "address": "7805f8", "createdAt": 