{"time": 25041.485467777, "bds50": {"value": {"rol": 0.2, "tan": 258.223, "gsp": 394, "tanR": 0.031, "tas": 442}, "time": 25041.47689642, "msg": "02188d0696c66c55c6a4919300a000113d803b7b31600cdd780a5e"}, "bds60": {"value": {"mhd": 259.453, "ias": 289, "mach": 0.72, "bar": -992, "ivv": -1024}, "time": 25041.485467777, "msg": "02188d0696c66cd89081819100a000113ddc4a432d3f0fe0780a5e"}, "df17": {"time": 25041.4609375, "Lat": 22.490344, "Lon": 116.0325122, "geometric_height": 28525, "TId": "CRK237", "gsp": 394.4, "tan": 258.1512451}, "windSpd_kt": 48.829, "windDir_deg": 89.427, "temperature_K": 496.178, "address": "780a5e", "createdAt": "06:57:21.519228"}