{"time": 24623.164476925, "bds50": {"value": {"rol": 0.2, "tan": 338.379, "gsp": 340, "tanR": null, "tas": 348}, "time": 24623.164476925, "msg": "02188d06966506f8cdfd808b00a8000b24803f0b2abffcae781549"}, "bds60": {"value": {"mhd": 336.621, "ias": 273, "mach": 0.536, "bar": 1472, "ivv": 1216}, "time": 24623.148231565, "msg": "02188d0696650600eb8d808b00a00009b4f7ba2321a17426781549"}, "df17": {"time": 24622.5, "Lat": 22.8253841, "Lon": 113.7831044, "geometric_height": 15425, "TId": "CNM1434", "gsp": 340.8, "tan": 338.4777832}, "windSpd_kt": 13.243, "windDir_deg": 104.658, "temperature_K": 554.992, "address": "781549", "createdAt": 