{"time": 24613.85352372, "bds50": {"value": {"rol": 0.9, "tan": 71.016, "gsp": 136, "tanR": 0.219, "tas": 138}, "time": 24613.85352372, "msg": "02188d069662dbfeef08808100a8001a3480b32911203c45780886"}, "bds60": {"value": {"mhd": 71.016, "ias": 137, "mach": 0.208, "bar": -864, "ivv": -768}, "time": 24613.754579053, "msg": "02188d069662d619286d817b00a00001129949130d3f2fe8780886"}, "df17": {"time": 24613.5625, "Lat": 22.2969031, "Lon": 113.8543653, "geometric_height": 875, "TId": "CSN3043", "gsp": 134.7, "tan": 70.4882812}, "windSpd_kt": 2.0, "windDir_deg": -108.984, "temperature_K": 579.548, "address": "780886", "createdAt": 