{"time": 24625.882015716, "bds50": {"value": {"rol": 3.3, "tan": 175.078, "gsp": 310, "tanR": 0.219, "tas": 322}, "time": 24625.882015716, "msg": "02188d069665a8f327e4806c00a80009ab8277c926e03ca1780126"}, "bds60": {"value": {"mhd": 178.418, "ias": 298, "mach": 0.488, "bar": -96, "ivv": 96}, "time": 24625.321698553, "msg": "02188d069665878d64f9806500a0000397bf7a551ebfec03780126"}, "df17": {"time": 24625.4921875, "Lat": 22.2943711, "Lon": 114.0762806, "geometric_height": 5075, "TId": "HDA694", "gsp": 309.2, "tan": 175.177002}, "windSpd_kt": 21.98, "windDir_deg": 53.674, "temperature_K": 573.232, "address": "780126", "createdAt": 