{"time": 24656.800894475, "bds50": {"value": {"rol": -13.7, "tan": 100.547, "gsp": 480, "tanR": -0.531, "tas": 440}, "time": 24656.793341831, "msg": "02188d06966cdb688f87829100a8001f3cf654793c3f7cdc781374"}, "bds60": {"value": {"mhd": 105.117, "ias": 282, "mach": 0.72, "bar": 1376, "ivv": 1376}, "time": 24656.800894475, "msg": "02188d06966cdbdbce0b809900a0001232a56a352d215c2b781374"}, "df17": {"time": 24655.96875, "Lat": 21.9843721, "Lon": 114.9180007, "geometric_height": 29825, "TId": "CSH818", "gsp": 479.7, "tan": 101.5466309}, "windSpd_kt": 54.249, "windDir_deg": 60.288, "temperature_K": 491.698, "address": "781374", "createdAt": 