{"time": 24679.703450221, "bds50": {"value": {"rol": -0.2, "tan": 38.32, "gsp": 494, "tanR": null, "tas": 448}, "time": 24679.703450221, "msg": "02188d06967230f5126d818d00a8001cbbfff1b53dfffce0780a6a"}, "bds60": {"value": {"mhd": 38.496, "ias": 309, "mach": 0.728, "bar": 352, "ivv": 192}, "time": 24679.69573522, "msg": "02188d069672307f59b4809000a0000fbe8dba6b2da05c06780a6a"}, "df17": {"time": 24678.453125, "Lat": 23.2949424, "Lon": 114.0231943, "geometric_height": 25950, "TId": "CRK270", "gsp": 497.0, "tan": 38.2983398}, "windSpd_kt": 46.023, "windDir_deg": 36.607, "temperature_K": 498.598, "address": "780a6a", "createdAt": 