{"time": 25019.257682742, "bds50": {"value": {"rol": 0.7, "tan": 263.496, "gsp": 350, "tanR": null, "tas": 378}, "time": 25019.257682742, "msg": "02188d0696c13ff77b36819100a8001e91809bb72bfffcbd780e17"}, "bds60": {"value": {"mhd": 266.484, "ias": 290, "mach": 0.592, "bar": -896, "ivv": -992}, "time": 25018.786493788, "msg": "02188d0696c123e1b55c808400a0000abddeca45253f27e1780e17"}, "df17": {"time": 25019.1640625, "Lat": 22.8552318, "Lon": 114.9567747, "geometric_height": 17550, "TId": "CDC8835", "gsp": 351.1, "tan": 263.6224365}, "windSpd_kt": 33.819, "windDir_deg": 119.132, "temperature_K": 536.782, "address": "780e17", "createdAt": "06:56:59.276995"}