{"time": 24569.485163753, "bds50": {"value": {"rol": 0.4, "tan": 294.258, "gsp": 396, "tanR": null, "tas": 434}, "time": 24569.211007154, "msg": "02188d069658771830b2819c00a8001e35805d1531bffcd9781000"}, "bds60": {"value": {"mhd": 292.676, "ias": 301, "mach": 0.7, "bar": 128, "ivv": 0}, "time": 24569.485163753, "msg": "02188d069658876f7ce9819d00a0000f39e81a5b2be02400781000"}, "df17": {"time": 24569.390625, "Lat": 23.7230015, "Lon": 113.1093335, "geometric_height": 24850, "TId": "CHH7203", "gsp": 396.2, "tan": 294.3017578}, "windSpd_kt": 39.686, "windDir_deg": 96.686, "temperature_K": 506.106, "address": "781000", "createdAt": 