{"time": 24649.509247838, "bds50": {"value": {"rol": 0.0, "tan": 263.672, "gsp": 336, "tanR": 0.0, "tas": 368}, "time": 24648.355083233, "msg": "02188d06966ae472f3e1808800a0000b18801bb92a2004b879a054"}, "bds60": {"value": {"mhd": 267.012, "ias": 280, "mach": 0.572, "bar": -2112, "ivv": -2080}, "time": 24649.509247838, "msg": "02188d06966b293e1b5e808900a0000b16defa3123fdf7bf79a054"}, "df17": {"time": 24648.875, "Lat": 22.8495026, "Lon": 114.8981738, "geometric_height": 17700, "TId": "CSN6325", "gsp": 336.2, "tan": 263.5070801}, "windSpd_kt": 38.001, "windDir_deg": 118.019, "temperature_K": 544.956, "address": "79a054", "createdAt": 