{"time": 25055.302653204, "bds50": {"value": {"rol": 0.7, "tan": 70.488, "gsp": 144, "tanR": 0.281, "tas": 152}, "time": 25055.302653204, "msg": "02188d0696c9a46a1514808500a80018b780932312204c4c780a71"}, "bds60": {"value": {"mhd": 72.07, "ias": 148, "mach": 0.232, "bar": -736, "ivv": -704}, "time": 25055.294721702, "msg": "02188d0696c9a3f10ea6808500a00001b299a9290ebf4fea780a71"}, "df17": {"time": 25055.1171875, "Lat": 22.2759175, "Lon": 113.7895846, "geometric_height": 2100, "TId": "HKE553", "gsp": 144.1, "tan": 70.5596924}, "windSpd_kt": 8.983, "windDir_deg": -81.661, "temperature_K": 565.156, "address": "780a71", "createdAt": "06:57:35.338318"}