{"time": 25046.206103232, "bds50": {"value": {"rol": 10.4, "tan": 246.445, "gsp": 256, "tanR": 0.844, "tas": 260}, "time": 25046.008308259, "msg": "02188d0696c77a6da223807e00a8001798877af52020dc828990f5"}, "bds60": {"value": {"mhd": 247.5, "ias": 230, "mach": 0.4, "bar": -992, "ivv": -992}, "time": 25046.206103232, "msg": "02188d0696c78637bec0807e00a000059bd809cd193f0fe18990f5"}, "df17": {"time": 25045.703125, "Lat": 22.0872831, "Lon": 114.0355325, "geometric_height": 8500, "TId": "CAL7863", "gsp": 257.3, "tan": 245.9234619}, "windSpd_kt": 6.21, "windDir_deg": 116.876, "temperature_K": 556.268, "address": "8990f5", "createdAt": "06:57:26.251498"}