{"time": 24633.220242889, "bds50": {"value": {"rol": -1.4, "tan": 333.105, "gsp": 240, "tanR": -0.188, "tas": 234}, "time": 24633.220242889, "msg": "02188d0696675e579dc9808500a8000f34ff1ecf1e3fd47578029c"}, "bds60": {"value": {"mhd": 334.512, "ias": 221, "mach": 0.356, "bar": 1792, "ivv": 1216}, "time": 24633.209657078, "msg": "02188d0696675db616f6827f00a00002b3f6f9bb1661c42678029c"}, "df17": {"time": 24631.4296875, "Lat": 22.7236319, "Lon": 113.7622476, "geometric_height": 3650, "TId": "CCA1368", "gsp": 238.8, "tan": 333.1109619}, "windSpd_kt": 8.359, "windDir_deg": -70.32, "temperature_K": 568.84, "address": "78029c", "createdAt": 