{"time": 25133.464256706, "bds50": {"value": {"rol": 0.0, "tan": 184.043, "gsp": 354, "tanR": -0.125, "tas": 360}, "time": 25133.464256706, "msg": "02188d0696dbd73580c2808500a8000ca880182f2c7fe4b476aa77"}, "bds60": {"value": {"mhd": 189.141, "ias": 296, "mach": 0.552, "bar": 1984, "ivv": 2016}, "time": 25133.456758705, "msg": "02188d0696dbd6c317b1808500a00007b8c34a5122a1f43f76aa77"}, "df17": {"time": 25132.8984375, "Lat": 21.8327737, "Lon": 114.0617967, "geometric_height": 12175, "TId": "JSA698", "gsp": 354.0, "tan": 184.0484619}, "windSpd_kt": 32.315, "windDir_deg": 85.902, "temperature_K": 559.996, "address": "76aa77", "createdAt": "06:58:53.501158"}