{"time": 24590.08066348, "bds50": {"value": {"rol": -0.4, "tan": 259.98, "gsp": 348, "tanR": null, "tas": 382}, "time": 24590.08066348, "msg": "02188d06965d5305dfb8808700a8001d80ffdb8f2bbffcbf780265"}, "bds60": {"value": {"mhd": 262.441, "ias": 299, "mach": 0.592, "bar": -1152, "ivv": -1056}, "time": 24588.817341948, "msg": "02188d06965d07b91dfc808600a0000a14dd5a57253ee7df780265"}, "df17": {"time": 24589.953125, "Lat": 22.8214788, "Lon": 114.7122431, "geometric_height": 15850, "TId": "CSN3690", "gsp": 348.3, "tan": 260.0793457}, "windSpd_kt": 37.433, "windDir_deg": 105.969, "temperature_K": 548.202, "address": "780265", "createdAt": 