{"time": 24739.123200453, "bds50": {"value": {"rol": 0.2, "tan": 131.836, "gsp": 362, "tanR": 0.0, "tas": 358}, "time": 24739.123200453, "msg": "02188d06968006a681c5807e00a8000dae8035dd2d6004b378018d"}, "bds60": {"value": {"mhd": 135.352, "ias": 308, "mach": 0.548, "bar": 3168, "ivv": 3072}, "time": 24739.115989342, "msg": "02188d0696800638795e827800a000063db02a6922631c6078018d"}, "df17": {"time": 24738.9609375, "Lat": 22.1740365, "Lon": 114.3815589, "geometric_height": 9750, "TId": "CPA919", "gsp": 361.2, "tan": 131.8579102}, "windSpd_kt": 22.447, "windDir_deg": 53.854, "temperature_K": 561.904, "address": "78018d", "createdAt": 