{"time": 25079.670040795, "bds50": {"value": {"rol": 0.2, "tan": 207.246, "gsp": 232, "tanR": 0.062, "tas": 242}, "time": 25079.275378999, "msg": "02188d0696cf394cd937908f00a80013a78039371d2014797813f7"}, "bds60": {"value": {"mhd": 210.059, "ias": 225, "mach": 0.368, "bar": -896, "ivv": -864}, "time": 25079.670040795, "msg": "02188d0696cf50d2e8db808e00a0000336cab9c3173f27e57813f7"}, "df17": {"time": 25079.3515625, "Lat": 23.0178165, "Lon": 113.4740281, "geometric_height": 4650, "TId": "CSN3092", "gsp": 234.0, "tan": 207.2241211}, "windSpd_kt": 15.34, "windDir_deg": 77.982, "temperature_K": 569.368, "address": "7813f7", "createdAt": "06:57:59.706461"}