{"time": 24700.961782051, "bds50": {"value": {"rol": 10.0, "tan": 150.645, "gsp": 304, "tanR": 0.688, "tas": 306}, "time": 24700.956201427, "msg": "02188d06967723b851d3818900a8001a368736b32620b499880456"}, "bds60": {"value": {"mhd": 158.203, "ias": 251, "mach": 0.468, "bar": 928, "ivv": 992}, "time": 24700.961782051, "msg": "02188d069677240d7923807b00a00007bcb849f71d60ec1f880456"}, "df17": {"time": 24700.2734375, "Lat": 22.3457623, "Lon": 113.901937, "geometric_height": 12300, "TId": "AIQ763", "gsp": 303.7, "tan": 149.2932129}, "windSpd_kt": 40.253, "windDir_deg": 61.582, "temperature_K": 562.872, "address": "880456", "createdAt": 