{"time": 25111.568593184, "bds50": {"value": {"rol": -0.5, "tan": 199.16, "gsp": 324, "tanR": null, "tas": 338}, "time": 25111.568593184, "msg": "02188d0696d6be203120818600a8001029ffb8db28bffca978135d"}, "bds60": {"value": {"mhd": 204.785, "ias": 278, "mach": 0.52, "bar": 64, "ivv": -32}, "time": 25111.261129671, "msg": "02188d0696d6abccabc7828900a8001029c8da2d20a017ff78135d"}, "df17": {"time": 25110.90625, "Lat": 23.0417204, "Lon": 113.1975889, "geometric_height": 12350, "TId": "CSN3759", "gsp": 323.9, "tan": 199.1052246}, "windSpd_kt": 35.365, "windDir_deg": 88.682, "temperature_K": 556.268, "address": "78135d", "createdAt": "06:58:31.607314"}