{"time": 25180.542782089, "bds50": {"value": {"rol": -0.2, "tan": 336.973, "gsp": 202, "tanR": -0.188, "tas": 194}, "time": 25179.320612002, "msg": "02188d0696e68475f4a2808100a8000e19fffefb197fd461780aab"}, "bds60": {"value": {"mhd": 339.961, "ias": 182, "mach": 0.292, "bar": -416, "ivv": -416}, "time": 25180.542782089, "msg": "02188d0696e6cd4eca89808000a00002b8f8e96d127f9ff3780aab"}, "df17": {"time": 25180.515625, "Lat": 22.1486306, "Lon": 113.764801, "geometric_height": 3850, "TId": "CPA859", "gsp": 200.8, "tan": 337.1374512}, "windSpd_kt": 13.06, "windDir_deg": -73.772, "temperature_K": 581.16, "address": "780aab", "createdAt": "06:59:40.585427"}