{"time": 24638.004399723, "bds50": {"value": {"rol": 0.0, "tan": 331.875, "gsp": 358, "tanR": null, "tas": 370}, "time": 24638.004399723, "msg": "02188d0696687b800e6b908600a800189f801ec12cfffcb9780bcf"}, "bds60": {"value": {"mhd": 329.414, "ias": 280, "mach": 0.58, "bar": -960, "ivv": -928}, "time": 24637.395024005, "msg": "02188d069668572db885808200a0000b38f52a31247f17e3780bcf"}, "df17": {"time": 24637.8515625, "Lat": 22.1023464, "Lon": 114.0138817, "geometric_height": 18150, "TId": "CSN3070", "gsp": 357.1, "tan": 331.9299316}, "windSpd_kt": 19.706, "windDir_deg": 98.147, "temperature_K": 535.804, "address": "780bcf", "createdAt": 