{"time": 24566.36129148, "bds50": {"value": {"rol": -0.2, "tan": 263.672, "gsp": 350, "tanR": 0.0, "tas": 382}, "time": 24566.36129148, "msg": "02188d069657cd3cfad8808f00a8000e94fffbb92be004bf79a054"}, "bds60": {"value": {"mhd": 266.484, "ias": 280, "mach": 0.604, "bar": -1952, "ivv": -1856}, "time": 24565.01441491, "msg": "02188d0696577cf5463e908d00a0000cb6deca3125fe1fc679a054"}, "df17": {"time": 24565.765625, "Lat": 22.8644156, "Lon": 115.039258, "geometric_height": 20625, "TId": "CSN6325", "gsp": 349.1, "tan": 263.7487793}, "windSpd_kt": 36.688, "windDir_deg": 114.39, "temperature_K": 526.636, "address": "79a054", "createdAt": 