{"time": 24607.294325835, "bds50": {"value": {"rol": -0.2, "tan": 77.871, "gsp": 284, "tanR": 0.031, "tas": 272}, "time": 24607.294325835, "msg": "02188d0696615509844b807e00a8001a36fff37723a00c88880456"}, "bds60": {"value": {"mhd": 82.266, "ias": 244, "mach": 0.432, "bar": 3840, "ivv": 3872}, "time": 24605.961560154, "msg": "02188d0696610599205a817700a000061c9d49e91b23c479880456"}, "df17": {"time": 24607.15625, "Lat": 22.3584223, "Lon": 113.7785554, "geometric_height": 9375, "TId": "AIQ763", "gsp": 283.2, "tan": 77.9754639}, "windSpd_kt": 24.46, "windDir_deg": 19.424, "temperature_K": 521.948, "address": "880456", "createdAt": 