{"time": 24583.478588533, "bds50": {"value": {"rol": 0.2, "tan": 83.496, "gsp": 496, "tanR": 0.0, "tas": 426}, "time": 24583.478588533, "msg": "02188d06965bc9823475918b00a80016878033b73e2004d578143e"}, "bds60": {"value": {"mhd": 87.539, "ias": 244, "mach": 0.724, "bar": 0, "ivv": 0}, "time": 24583.363041609, "msg": "02188d06965bc29f1949809400a00016949f29e92d60040078143e"}, "df17": {"time": 24582.9609375, "Lat": 22.9824758, "Lon": 113.2933974, "geometric_height": 37050, "TId": "CXA8406", "gsp": 496.1, "tan": 83.5180664}, "windSpd_kt": 77.147, "windDir_deg": 60.584, "temperature_K": 455.826, "address": "78143e", "createdAt": 