{"time": 24578.500417806, "bds50": {"value": {"rol": 5.6, "tan": 253.652, "gsp": 402, "tanR": 0.281, "tas": 450}, "time": 24578.500417806, "msg": "02188d06965aa0c9590e819b00a8001981841b4732604ce1780124"}, "bds60": {"value": {"mhd": 255.059, "ias": 300, "mach": 0.728, "bar": 32, "ivv": 0}, "time": 24577.170523788, "msg": "02188d06965a5184c68c819b00a00010b8daba592da00c00780124"}, "df17": {"time": 24574.0859375, "Lat": 22.3125243, "Lon": 115.8636403, "geometric_height": 27525, "TId": "HDA865", "gsp": 402.1, "tan": 250.0762939}, "windSpd_kt": 49.123, "windDir_deg": 86.651, "temperature_K": 503.06, "address": "780124", "createdAt": 