{"time": 25294.709215625, "bds50": {"value": {"rol": 0.2, "tan": 80.332, "gsp": 434, "tanR": null, "tas": 398}, "time": 25294.694828563, "msg": "02188d069701614cca13809700a8001a35803393367ffcc7780ccc"}, "bds60": {"value": {"mhd": 82.793, "ias": 299, "mach": 0.624, "bar": 2016, "ivv": 1856}, "time": 25294.709215625, "msg": "02188d06970162285189919000a0000bb19d7a572721fc3a780ccc"}, "df17": {"time": 25294.234375, "Lat": 23.6368489, "Lon": 114.2525339, "geometric_height": 18700, "TId": "CSN3085", "gsp": 432.0, "tan": 80.4089355}, "windSpd_kt": 40.182, "windDir_deg": 55.162, "temperature_K": 535.618, "address": "780ccc", "createdAt": "07:01:34.749544"}