{"time": 24562.002977505, "bds50": {"value": {"rol": 8.1, "tan": 71.543, "gsp": 166, "tanR": 1.25, "tas": 170}, "time": 24561.995864826, "msg": "02188d069656c909dafa807700a000011c85d32f14e1445578115c"}, "bds60": {"value": {"mhd": 77.52, "ias": 167, "mach": 0.256, "bar": 2048, "ivv": 1568}, "time": 24562.002977505, "msg": "02188d069656c97662e1807800a000011c9b994f1022043178115c"}, "df17": {"time": 24561.6796875, "Lat": 22.3103356, "Lon": 113.9416552, "geometric_height": 1150, "TId": "CCA112", "gsp": 166.6, "tan": 71.4550781}, "windSpd_kt": 17.967, "windDir_deg": -28.314, "temperature_K": 580.598, "address": "78115c", "createdAt": 