{"time": 24643.251695116, "bds50": {"value": {"rol": 0.0, "tan": 331.875, "gsp": 356, "tanR": 0.0, "tas": 370}, "time": 24643.251695116, "msg": "02188d069669b4436e0c808900a800189f801ec12ca004b9780bcf"}, "bds60": {"value": {"mhd": 329.414, "ias": 280, "mach": 0.576, "bar": -992, "ivv": -928}, "time": 24643.24412654, "msg": "02188d069669b3cff14c818100a0000b35f52a31243f0fe3780bcf"}, "df17": {"time": 24643.1171875, "Lat": 22.1100712, "Lon": 114.0097189, "geometric_height": 18075, "TId": "CSN3070", "gsp": 356.2, "tan": 331.8530273}, "windSpd_kt": 20.952, "windDir_deg": 102.561, "temperature_K": 543.27, "address": "780bcf", "createdAt": 