{"time": 24566.660821319, "bds50": {"value": {"rol": -0.2, "tan": 184.746, "gsp": 340, "tanR": null, "tas": 352}, "time": 24566.660821319, "msg": "02188d069657df177147827900a8000cbcfff8372abffcb076cdb0"}, "bds60": {"value": {"mhd": 186.855, "ias": 325, "mach": 0.536, "bar": -128, "ivv": 32}, "time": 24566.653418903, "msg": "02188d069657dea67d97807d00a0000397c27a8b21bfe40176cdb0"}, "df17": {"time": 24566.203125, "Lat": 22.1326661, "Lon": 114.0841126, "geometric_height": 5075, "TId": "SIA863", "gsp": 340.1, "tan": 184.7241211}, "windSpd_kt": 17.497, "windDir_deg": 52.508, "temperature_K": 567.824, "address": "76cdb0", "createdAt": 