{"time": 25050.088014582, "bds50": {"value": {"rol": -0.2, "tan": 132.012, "gsp": 416, "tanR": null, "tas": 402}, "time": 25050.088014582, "msg": "02188d0696c86d9902f6819600a8000daefff5df343ffcc978018d"}, "bds60": {"value": {"mhd": 137.637, "ias": 298, "mach": 0.632, "bar": 1600, "ivv": 1600}, "time": 25049.844981367, "msg": "02188d0696c85f1c9e77809c00a0000c3bb0fa5527a1943278018d"}, "df17": {"time": 25048.09375, "Lat": 21.7985916, "Lon": 114.8291016, "geometric_height": 19875, "TId": "CPA919", "gsp": 416.4, "tan": 132.0776367}, "windSpd_kt": 42.503, "windDir_deg": 64.032, "temperature_K": 532.692, "address": "78018d", "createdAt": "06:57:30.126093"}