{"time": 25156.526308019, "bds50": {"value": {"rol": 0.5, "tan": 259.98, "gsp": 348, "tanR": 0.094, "tas": 366}, "time": 25156.526308019, "msg": "02188d0696e135d07ab3808200a8001e91807b8f2ba01cb7780e17"}, "bds60": {"value": {"mhd": 261.914, "ias": 290, "mach": 0.564, "bar": -1088, "ivv": -992}, "time": 25155.185793179, "msg": "02188d0696e0e5e9d89b809400a000093ddd2a45237ef7e1780e17"}, "df17": {"time": 25156.015625, "Lat": 22.8196549, "Lon": 114.7217274, "geometric_height": 14950, "TId": "CDC8835", "gsp": 347.2, "tan": 260.0518799}, "windSpd_kt": 21.659, "windDir_deg": 114.751, "temperature_K": 554.45, "address": "780e17", "createdAt": "06:59:16.566989"}