{"time": 25014.277625144, "bds50": {"value": {"rol": 0.7, "tan": 227.109, "gsp": 256, "tanR": 0.031, "tas": 278}, "time": 25013.376039215, "msg": "02188d0696bfe164b92f819200a8000804809a1920200c8b7814d9"}, "bds60": {"value": {"mhd": 231.68, "ias": 230, "mach": 0.424, "bar": 64, "ivv": 32}, "time": 25014.277625144, "msg": "02188d0696c01721d538819200a0000738d269cd1aa014017814d9"}, "df17": {"time": 25014, "Lat": 23.7812161, "Lon": 113.8340664, "geometric_height": 11275, "TId": "CES7320", "gsp": 254.7, "tan": 227.2247314}, "windSpd_kt": 30.606, "windDir_deg": 93.485, "temperature_K": 565.998, "address": "7814d9", "createdAt": "06:56:54.301460"}