{"time": 25017.63624478, "bds50": {"value": {"rol": -0.2, "tan": 62.93, "gsp": 182, "tanR": -0.125, "tas": 182}, "time": 25017.63624478, "msg": "02188d0696c0df524d2c808100a8001827fff2cd16ffe45b781319"}, "bds60": {"value": {"mhd": 69.258, "ias": 174, "mach": 0.276, "bar": -1376, "ivv": -1312}, "time": 25017.618975742, "msg": "02188d0696c0de4acbfe808100a000023998a95d117eafd7781319"}, "df17": {"time": 25017.4375, "Lat": 22.4579215, "Lon": 113.8167286, "geometric_height": 3125, "TId": "TBA9847", "gsp": 181.9, "tan": 62.8692627}, "windSpd_kt": 20.091, "windDir_deg": -23.906, "temperature_K": 572.51, "address": "781319", "createdAt": "06:56:57.656439"}