{"time": 24681.253831074, "bds50": {"value": {"rol": 26.0, "tan": 93.164, "gsp": 258, "tanR": 2.094, "tas": 264}, "time": 24680.89870631, "msg": "02188d06967278333b86806b00a80009bb92942520621c8478115c"}, "bds60": {"value": {"mhd": 103.711, "ias": 246, "mach": 0.4, "bar": 1984, "ivv": 2112}, "time": 24681.253831074, "msg": "02188d0696728d5e01a2808a00a0000330a4e9ed1921f44278115c"}, "df17": {"time": 24680.8515625, "Lat": 22.3415351, "Lon": 114.0511537, "geometric_height": 4450, "TId": "CCA112", "gsp": 258.4, "tan": 93.3288574}, "windSpd_kt": 48.348, "windDir_deg": 1.339, "temperature_K": 573.516, "address": "78115c", "createdAt": 