{"time": 24628.185023053, "bds50": {"value": {"rol": -0.2, "tan": 71.016, "gsp": 398, "tanR": null, "tas": 376}, "time": 24626.966426699, "msg": "02188d069665e995f44b828600a8001e31fff32931fffcbc7805f5"}, "bds60": {"value": {"mhd": 73.828, "ias": 310, "mach": 0.576, "bar": -64, "ivv": 32}, "time": 24628.185023053, "msg": "02188d0696663238424d808e00a00008109a4a6d243ff4017805f5"}, "df17": {"time": 24627.96875, "Lat": 22.8932762, "Lon": 114.1475415, "geometric_height": 12450, "TId": "DKH1034", "gsp": 398.4, "tan": 71.1090088}, "windSpd_kt": 29.058, "windDir_deg": 31.611, "temperature_K": 561.034, "address": "7805f5", "createdAt": 