{"time": 25084.795519331, "bds50": {"value": {"rol": -0.2, "tan": 229.57, "gsp": 318, "tanR": 0.0, "tas": 340}, "time": 25084.795519331, "msg": "02188d0696d082538163829200a800100afffa3527e004aa780305"}, "bds60": {"value": {"mhd": 236.426, "ias": 270, "mach": 0.524, "bar": 32, "ivv": 0}, "time": 25084.280299426, "msg": "02188d0696d0639ddfa290a000a0000930d41a1d20e00c00780305"}, "df17": {"time": 25082.46875, "Lat": 24.1370058, "Lon": 114.281652, "geometric_height": 14575, "TId": "CQH8855", "gsp": 319.3, "tan": 229.5758057}, "windSpd_kt": 45.058, "windDir_deg": 113.829, "temperature_K": 554.31, "address": "780305", "createdAt": "06:58:04.831808"}