{"time": 25303.4765151, "bds50": {"value": {"rol": 0.2, "tan": 268.594, "gsp": 402, "tanR": 0.0, "tas": 448}, "time": 25303.467967948, "msg": "02188d0697036c3845cc829a00a000129a803bf1326004e0789205"}, "bds60": {"value": {"mhd": 270.0, "ias": 285, "mach": 0.736, "bar": -1728, "ivv": -1664}, "time": 25303.4765151, "msg": "02188d0697036cbab11c819900a000129ae00a3b2e3e57cc789205"}, "df17": {"time": 25303.203125, "Lat": 22.3198628, "Lon": 116.7964482, "geometric_height": 30575, "TId": "HKE601", "gsp": 402.1, "tan": 268.5772705}, "windSpd_kt": 47.164, "windDir_deg": 102.072, "temperature_K": 487.818, "address": "789205", "createdAt": "07:01:43.513496"}