{"time": 24646.886604807, "bds50": {"value": {"rol": -5.3, "tan": 153.984, "gsp": 422, "tanR": -0.281, "tas": 430}, "time": 24646.886604807, "msg": "02188d06966a8cebc007808900a8000e21fc56d934ffbcd77809df"}, "bds60": {"value": {"mhd": 162.07, "ias": 290, "mach": 0.696, "bar": -224, "ivv": -64}, "time": 24646.879249397, "msg": "02188d06966a8c7b83f5908900a0001030b9aa452bbfcffe7809df"}, "df17": {"time": 24646.75, "Lat": 21.9731283, "Lon": 113.5623264, "geometric_height": 26450, "TId": "CSN319", "gsp": 422.1, "tan": 154.1656494}, "windSpd_kt": 60.598, "windDir_deg": 60.46, "temperature_K": 502.546, "address": "7809df", "createdAt": 