{"time": 25003.00842953, "bds50": {"value": {"rol": 0.4, "tan": 41.309, "gsp": 294, "tanR": 0.031, "tas": 278}, "time": 25003.00842953, "msg": "02188d0696bd776f8dda928900a80010b28051d724e00c8b780a22"}, "bds60": {"value": {"mhd": 41.66, "ias": 229, "mach": 0.424, "bar": -1024, "ivv": -992}, "time": 25002.757339232, "msg": "02188d0696bd68783860828b00a80010b28ed9cb1abf07e1780a22"}, "df17": {"time": 25002.953125, "Lat": 21.7617702, "Lon": 113.8151622, "geometric_height": 11600, "TId": "CRK108", "gsp": 294.0, "tan": 41.2756348}, "windSpd_kt": 16.096, "windDir_deg": 35.235, "temperature_K": 565.998, "address": "780a22", "createdAt": "06:56:43.033608"}