{"time": 24609.647954571, "bds50": {"value": {"rol": 6.3, "tan": 295.84, "gsp": 180, "tanR": 0.688, "tas": 170}, "time": 24609.641101242, "msg": "02188d069661e0ea77ba807500a0000212849d2716a0b455780451"}, "bds60": {"value": {"mhd": 302.52, "ias": 164, "mach": 0.26, "bar": -896, "ivv": -832}, "time": 24609.647954571, "msg": "02188d069661e1530a8b807600a0000212eb9949107f27e6780451"}, "df17": {"time": 24609.1796875, "Lat": 22.4845505, "Lon": 113.8883972, "geometric_height": 2550, "TId": "CSN3554", "gsp": 180.0, "tan": 294.9993896}, "windSpd_kt": 22.704, "windDir_deg": -124.735, "temperature_K": 562.872, "address": "780451", "createdAt": 