{"time": 24571.201715178, "bds50": {"value": {"rol": -0.5, "tan": 262.969, "gsp": 390, "tanR": 0.0, "tas": 450}, "time": 24571.185185536, "msg": "02188d069658ecc3c30081a100a8000a31ffbbb130e004e1888143"}, "bds60": {"value": {"mhd": 262.969, "ias": 272, "mach": 0.756, "bar": -192, "ivv": 0}, "time": 24571.201715178, "msg": "02188d069658edbffbea81a200a000149cdd8a212f7fd400888143"}, "df17": {"time": 24570.078125, "Lat": 23.0077529, "Lon": 111.1470294, "geometric_height": 33850, "TId": "VJC933", "gsp": 388.9, "tan": 263.0566406}, "windSpd_kt": 60.0, "windDir_deg": 82.969, "temperature_K": 466.486, "address": "888143", "createdAt": 