{"time": 24582.719546097, "bds50": {"value": {"rol": -14.9, "tan": 287.402, "gsp": 410, "tanR": -0.719, "tas": 448}, "time": 24582.28995114, "msg": "02188d06965b82a909a4818d00a8281e91f57cc7337f4ce0780e17"}, "bds60": {"value": {"mhd": 283.359, "ias": 300, "mach": 0.724, "bar": -128, "ivv": -64}, "time": 24582.719546097, "msg": "02188d06965b9c4422f1818e00a0281098e4ca592d7fe7fe780e17"}, "df17": {"time": 24582.3046875, "Lat": 22.930398, "Lon": 115.781157, "geometric_height": 27150, "TId": "CDC8835", "gsp": 410.9, "tan": 287.4188232}, "windSpd_kt": 48.561, "windDir_deg": 66.827, "temperature_K": 504.124, "address": "780e17", "createdAt": 