{"time": 25012.917094903, "bds50": {"value": {"rol": -0.2, "tan": 245.391, "gsp": 454, "tanR": 0.0, "tas": 496}, "time": 25012.910568283, "msg": "02188d0696bfc5a6335b829b00a0001837fffae938e004f886ebfa"}, "bds60": {"value": {"mhd": 246.797, "ias": 274, "mach": 0.86, "bar": 128, "ivv": 32}, "time": 25012.917094903, "msg": "02188d0696bfc609c9f7919800a0001837d7ca2535e0240186ebfa"}, "df17": {"time": 25012.5390625, "Lat": 20.0162745, "Lon": 114.7867227, "geometric_height": 40325, "TId": "ANA847", "gsp": 453.3, "tan": 245.357666}, "windSpd_kt": 43.584, "windDir_deg": 81.606, "temperature_K": 437.95, "address": "86ebfa", "createdAt": "06:56:52.939760"}