{"time": 25243.324110536, "bds50": {"value": {"rol": 0.0, "tan": 335.391, "gsp": 202, "tanR": -0.062, "tas": 188}, "time": 25243.324110536, "msg": "02188d0696f56b5dd6c8808100a8000e19801ee9197ff45e780aab"}, "bds60": {"value": {"mhd": 340.137, "ias": 180, "mach": 0.288, "bar": -480, "ivv": -544}, "time": 25243.307548884, "msg": "02188d0696f56a6120d4808000a0000291f8f969123f8fef780aab"}, "df17": {"time": 25243.296875, "Lat": 22.2021246, "Lon": 113.7395668, "geometric_height": 3250, "TId": "CPA859", "gsp": 201.3, "tan": 335.3466797}, "windSpd_kt": 21.364, "windDir_deg": -71.335, "temperature_K": 561.034, "address": "780aab", "createdAt": "07:00:43.363939"}