{"time": 24598.413606738, "bds50": {"value": {"rol": -0.2, "tan": 184.043, "gsp": 340, "tanR": 0.0, "tas": 352}, "time": 24598.413606738, "msg": "02188d06965f43b47f52807f00a8000cbcfff82f2aa004b076cdb0"}, "bds60": {"value": {"mhd": 186.152, "ias": 325, "mach": 0.532, "bar": -160, "ivv": 32}, "time": 24598.396127762, "msg": "02188d06965f42a9ca12807e00a0000397c23a8b217fdc0176cdb0"}, "df17": {"time": 24598.1875, "Lat": 22.0823264, "Lon": 114.0799928, "geometric_height": 5050, "TId": "SIA863", "gsp": 339.7, "tan": 183.883667}, "windSpd_kt": 17.497, "windDir_deg": 51.805, "temperature_K": 576.394, "address": "76cdb0", "createdAt": 