{"time": 24627.351650771, "bds50": {"value": {"rol": -0.2, "tan": 268.066, "gsp": 338, "tanR": 0.0, "tas": 354}, "time": 24627.000426362, "msg": "02188d069665eb9cbf7a808500a800160ffffbeb2a6004b1780a49"}, "bds60": {"value": {"mhd": 270.0, "ias": 281, "mach": 0.544, "bar": -1248, "ivv": -1184}, "time": 24627.351650771, "msg": "02188d069666008c01d3808a00a0000932e00a33223ecfdb780a49"}, "df17": {"time": 24627.3515625, "Lat": 22.2690082, "Lon": 114.8987103, "geometric_height": 14625, "TId": "CPA495", "gsp": 339.3, "tan": 267.9730225}, "windSpd_kt": 19.807, "windDir_deg": 125.163, "temperature_K": 557.528, "address": "780a49", "createdAt": 