{"time": 24705.226986066, "bds50": {"value": {"rol": -1.2, "tan": 132.715, "gsp": 362, "tanR": -0.062, "tas": 362}, "time": 24705.226986066, "msg": "02188d06967822475252808a00a8000daeff35e72d7ff4b578018d"}, "bds60": {"value": {"mhd": 136.406, "ias": 320, "mach": 0.556, "bar": 608, "ivv": 544}, "time": 24704.536841621, "msg": "02188d069677f9248d95808b00a00005b1b08a8122e09c1178018d"}, "df17": {"time": 24705.140625, "Lat": 22.212317, "Lon": 114.3362403, "geometric_height": 8650, "TId": "CPA919", "gsp": 361.7, "tan": 132.8686523}, "windSpd_kt": 23.316, "windDir_deg": 44.56, "temperature_K": 558.118, "address": "78018d", "createdAt": 