{"time": 24702.721956958, "bds50": {"value": {"rol": 0.0, "tan": 0.176, "gsp": 288, "tanR": 0.031, "tas": 280}, "time": 24702.71497352, "msg": "02188d0696778c8d0d50808700a8000f3480100324200c8c78029c"}, "bds60": {"value": {"mhd": 0.703, "ias": 253, "mach": 0.428, "bar": 3328, "ivv": 3264}, "time": 24702.721956958, "msg": "02188d0696778cf79c5e808700a00004978049fb1ae3446678029c"}, "df17": {"time": 24702.515625, "Lat": 22.8063726, "Lon": 113.7402534, "geometric_height": 6650, "TId": "CCA1368", "gsp": 288.1, "tan": 0.1977539}, "windSpd_kt": 8.416, "windDir_deg": -17.644, "temperature_K": 563.49, "address": "78029c", "createdAt": 