{"time": 24643.95777242, "bds50": {"value": {"rol": 0.0, "tan": 192.305, "gsp": 462, "tanR": 0.0, "tas": 484}, "time": 24643.457106524, "msg": "02188d069669c081c25c909900a8000db180188d39e004f2780a57"}, "bds60": {"value": {"mhd": 198.984, "ias": 294, "mach": 0.804, "bar": 1184, "ivv": 1376}, "time": 24643.95777242, "msg": "02188d069669de595084828f00a0001491c6ca4d32612c2b780a57"}, "df17": {"time": 24641.6015625, "Lat": 20.4163957, "Lon": 113.8801575, "geometric_height": 33675, "TId": "CPA735", "gsp": 461.4, "tan": 192.2607422}, "windSpd_kt": 59.322, "windDir_deg": 83.915, "temperature_K": 477.13, "address": "780a57", "createdAt": 