{"time": 25072.638902194, "bds50": {"value": {"rol": 0.0, "tan": 157.324, "gsp": 262, "tanR": 0.031, "tas": 262}, "time": 25072.638902194, "msg": "02188d0696cdadbc3fb2808500a82005298016ff20e00c837815a3"}, "bds60": {"value": {"mhd": 161.719, "ias": 230, "mach": 0.408, "bar": 0, "ivv": 0}, "time": 25071.262889365, "msg": "02188d0696cd5bb7f595808600a0200612b989cd19a004007815a3"}, "df17": {"time": 25070.875, "Lat": 22.6682496, "Lon": 113.5006142, "geometric_height": 9050, "TId": "EPA6236", "gsp": 262.6, "tan": 157.1429443}, "windSpd_kt": 20.092, "windDir_deg": 69.521, "temperature_K": 542.926, "address": "7815a3", "createdAt": "06:57:52.672530"}