{"time": 25006.458043782, "bds50": {"value": {"rol": 0.2, "tan": 70.84, "gsp": 188, "tanR": 0.031, "tas": 196}, "time": 25006.45097514, "msg": "02188d0696be44a0a1a4807100a020029e80332717a00c628880ca"}, "bds60": {"value": {"mhd": 75.762, "ias": 186, "mach": 0.296, "bar": 1120, "ivv": 1024}, "time": 25006.458043782, "msg": "02188d0696be450c7d86807100a020029e9af97512a11c208880ca"}, "df17": {"time": 25006.3671875, "Lat": 22.328639, "Lon": 113.998518, "geometric_height": 3575, "TId": "HVN593", "gsp": 187.6, "tan": 70.6970215}, "windSpd_kt": 18.324, "windDir_deg": -42.56, "temperature_K": 577.28, "address": "8880ca", "createdAt": "06:56:46.485982"}