{"time": 25148.488282347, "bds50": {"value": {"rol": 0.5, "tan": 263.496, "gsp": 312, "tanR": 0.0, "tas": 346}, "time": 25148.480912381, "msg": "02188d0696df56457bfd918000a0000b95807bb7272004ad780612"}, "bds60": {"value": {"mhd": 266.484, "ias": 261, "mach": 0.544, "bar": -1888, "ivv": -1760}, "time": 25148.488282347, "msg": "02188d0696df56b5f0eb908a00a0000b95deca0b223e2fc9780612"}, "df17": {"time": 25148.1328125, "Lat": 22.8651023, "Lon": 115.0536132, "geometric_height": 18550, "TId": "CES5343", "gsp": 312.0, "tan": 263.3752441}, "windSpd_kt": 38.073, "windDir_deg": 111.772, "temperature_K": 532.614, "address": "780612", "createdAt": "06:59:08.525441"}