{"time": 24700.322441711, "bds50": {"value": {"rol": -0.5, "tan": 222.012, "gsp": 324, "tanR": null, "tas": 348}, "time": 24700.322441711, "msg": "02188d069676fdf1e9ef928c00a8001029ffb9df28bffcae78135d"}, "bds60": {"value": {"mhd": 227.637, "ias": 270, "mach": 0.54, "bar": 32, "ivv": 64}, "time": 24700.314652141, "msg": "02188d069676fd7b0ded809200a0000a3cd0fa1d21e00c0278135d"}, "df17": {"time": 24700.1953125, "Lat": 23.6201119, "Lon": 113.4679127, "geometric_height": 16475, "TId": "CSN3759", "gsp": 324.3, "tan": 222.0007324}, "windSpd_kt": 40.766, "windDir_deg": 98.808, "temperature_K": 546.8, "address": "78135d", "createdAt": 