{"time": 25151.983006096, "bds50": {"value": {"rol": 0.2, "tan": 112.852, "gsp": 226, "tanR": null, "tas": 228}, "time": 25151.983006096, "msg": "02188d0696e027033190808400a80008148035051c7ffc72781433"}, "bds60": {"value": {"mhd": 118.125, "ias": 208, "mach": 0.348, "bar": -864, "ivv": -928}, "time": 25151.975629843, "msg": "02188d0696e02692a413808200a0000417aa09a115ff2fe3781433"}, "df17": {"time": 25151.5078125, "Lat": 22.5171661, "Lon": 113.6014867, "geometric_height": 5900, "TId": "CSZ9504", "gsp": 225.9, "tan": 112.93396}, "windSpd_kt": 20.979, "windDir_deg": 20.024, "temperature_K": 565.156, "address": "781433", "createdAt": "06:59:12.022670"}