{"time": 24707.624379735, "bds50": {"value": {"rol": 0.2, "tan": 83.496, "gsp": 492, "tanR": 0.0, "tas": 424}, "time": 24707.624379735, "msg": "02188d069678b12ca557809700a80016878033b73da004d478143e"}, "bds60": {"value": {"mhd": 87.539, "ias": 241, "mach": 0.72, "bar": 0, "ivv": 0}, "time": 24706.69192464, "msg": "02188d069678799882a0828d00a00016949f29e32d20040078143e"}, "df17": {"time": 24707.5, "Lat": 23.0148554, "Lon": 113.5996413, "geometric_height": 37050, "TId": "CXA8406", "gsp": 492.2, "tan": 83.4686279}, "windSpd_kt": 75.248, "windDir_deg": 60.088, "temperature_K": 456.588, "address": "78143e", "createdAt": 