{"time": 25287.378319058, "bds50": {"value": {"rol": -0.2, "tan": 195.645, "gsp": 418, "tanR": 0.0, "tas": 456}, "time": 25286.669564451, "msg": "02188d0696ff82f4fa23928e00a8000004fff8b3346004e4789226"}, "bds60": {"value": {"mhd": 204.961, "ias": 295, "mach": 0.744, "bar": -192, "ivv": 0}, "time": 25287.378319058, "msg": "02188d0696ffad33b6d2829000a00011b8c8ea4f2ebfd400789226"}, "df17": {"time": 25285.2421875, "Lat": 23.5386372, "Lon": 113.8657594, "geometric_height": 29075, "TId": "CRK337", "gsp": 417.5, "tan": 195.6994629}, "windSpd_kt": 80.449, "windDir_deg": 82.217, "temperature_K": 494.586, "address": "789226", "createdAt": "07:01:27.431672"}