{"time": 24643.307995355, "bds50": {"value": {"rol": 14.6, "tan": 301.465, "gsp": 238, "tanR": 1.156, "tas": 222}, "time": 24642.053623283, "msg": "02188d0696696cda4df3808500a800180a8a7d671de12c6f7801c2"}, "bds60": {"value": {"mhd": 305.332, "ias": 206, "mach": 0.336, "bar": -544, "ivv": -512}, "time": 24643.307995355, "msg": "02188d069669b79e80db907f00a000031cec999d153f7ff07801c2"}, "df17": {"time": 24643.1796875, "Lat": 22.0712113, "Lon": 113.8490653, "geometric_height": 4400, "TId": "HDA207", "gsp": 238.0, "tan": 302.8216553}, "windSpd_kt": 22.284, "windDir_deg": -100.746, "temperature_K": 574.758, "address": "7801c2", "createdAt": 