{"time": 24602.221110987, "bds50": {"value": {"rol": 0.0, "tan": 248.379, "gsp": 406, "tanR": 0.0, "tas": 460}, "time": 24602.221110987, "msg": "02188d06966026a666cb909f00a8000a92801b0b32e004e6780a5e"}, "bds60": {"value": {"mhd": 252.422, "ias": 287, "mach": 0.76, "bar": -128, "ivv": 0}, "time": 24600.83883683, "msg": "02188d06965fd442925e829800a8000a92d9ca3f2fbfe400780a5e"}, "df17": {"time": 24599.40625, "Lat": 22.6971102, "Lon": 116.9021702, "geometric_height": 31750, "TId": "CRK237", "gsp": 405.4, "tan": 248.4338379}, "windSpd_kt": 62.012, "windDir_deg": 99.913, "temperature_K": 482.332, "address": "780a5e", "createdAt": 