{"time": 25215.909626044, "bds50": {"value": {"rol": 0.7, "tan": 259.98, "gsp": 348, "tanR": null, "tas": 362}, "time": 25215.909626044, "msg": "02188d0696ef095600bc808d00a8001e91809b8f2bbffcb5780e17"}, "bds60": {"value": {"mhd": 262.266, "ias": 291, "mach": 0.556, "bar": -896, "ivv": -1024}, "time": 25215.163762853, "msg": "02188d0696eedce108a5808a00a00008b4dd4a4722ff27e0780e17"}, "df17": {"time": 25215.6015625, "Lat": 22.8034329, "Lon": 114.6203613, "geometric_height": 13900, "TId": "CDC8835", "gsp": 347.2, "tan": 260.0518799}, "windSpd_kt": 19.913, "windDir_deg": 126.46, "temperature_K": 558.118, "address": "780e17", "createdAt": "07:00:15.947025"}