{"time": 24667.200792473, "bds50": {"value": {"rol": 11.1, "tan": 72.246, "gsp": 244, "tanR": 0.875, "tas": 246}, "time": 24667.200792473, "msg": "02188d06966f47bda799806c00a80009bb87f3371ea0e47b78115c"}, "bds60": {"value": {"mhd": 78.047, "ias": 232, "mach": 0.376, "bar": 1152, "ivv": 1120}, "time": 24667.193219506, "msg": "02188d06966f474a19b2806b00a00003129bc9d117a1242378115c"}, "df17": {"time": 24667.1875, "Lat": 22.3397756, "Lon": 114.0338588, "geometric_height": 4125, "TId": "CCA112", "gsp": 242.1, "tan": 71.7132568}, "windSpd_kt": 24.875, "windDir_deg": -19.459, "temperature_K": 563.576, "address": "78115c", "createdAt": 