{"time": 25007.43650288, "bds50": {"value": {"rol": 0.4, "tan": 225.527, "gsp": 424, "tanR": null, "tas": 472}, "time": 25007.43650288, "msg": "02188d0696be7f5e9760908f00a800193c805a07353ffcec7805f8"}, "bds60": {"value": {"mhd": 230.801, "ias": 308, "mach": 0.772, "bar": 64, "ivv": 32}, "time": 25007.428280466, "msg": "02188d0696be7ee12092809000a00011b8d21a69306014017805f8"}, "df17": {"time": 25007.140625, "Lat": 22.8664112, "Lon": 113.1620336, "geometric_height": 29100, "TId": "CSN6483", "gsp": 424.3, "tan": 225.5712891}, "windSpd_kt": 63.234, "windDir_deg": 88.851, "temperature_K": 492.16, "address": "7805f8", "createdAt": "06:56:47.459909"}