{"time": 25075.321810682, "bds50": {"value": {"rol": 0.0, "tan": 111.973, "gsp": 210, "tanR": null, "tas": 212}, "time": 25075.321810682, "msg": "02188d0696ce4da62efa808400a80009268014fb1a7ffc6a7811e2"}, "bds60": {"value": {"mhd": 117.246, "ias": 195, "mach": 0.32, "bar": -576, "ivv": -512}, "time": 25074.781224992, "msg": "02188d0696ce2d6d8020808500a0000395a9b987143f77f07811e2"}, "df17": {"time": 25075.25, "Lat": 22.5039911, "Lon": 113.6341453, "geometric_height": 5050, "TId": "CSC8783", "gsp": 210.5, "tan": 112.0550537}, "windSpd_kt": 19.514, "windDir_deg": 18.733, "temperature_K": 577.87, "address": "7811e2", "createdAt": "06:57:55.361080"}