{"time": 24627.444928397, "bds50": {"value": {"rol": 0.0, "tan": 229.57, "gsp": 380, "tanR": 0.0, "tas": 420}, "time": 24626.325157016, "msg": "02188d069665c35cf49890a400a0000f38801a352fa004d2780683"}, "bds60": {"value": {"mhd": 231.504, "ias": 289, "mach": 0.676, "bar": 32, "ivv": -32}, "time": 24627.444928397, "msg": "02188d069666061b4f8d80a600a0000f38d25a432a600fff780683"}, "df17": {"time": 24626.8515625, "Lat": 21.4426517, "Lon": 111.6664124, "geometric_height": 24900, "TId": "CXA8143", "gsp": 379.5, "tan": 229.5977783}, "windSpd_kt": 42.212, "windDir_deg": 69.191, "temperature_K": 508.234, "address": "780683", "createdAt": 