{"time": 25007.043503064, "bds50": {"value": {"rol": -0.2, "tan": 267.715, "gsp": 270, "tanR": 0.0, "tas": 282}, "time": 25006.040217585, "msg": "02188d0696be2c24f7f1807f00a8000e2efffbe721e0048d789211"}, "bds60": {"value": {"mhd": 268.418, "ias": 230, "mach": 0.432, "bar": -544, "ivv": -512}, "time": 25007.043503064, "msg": "02188d0696be67f1e3d8807f00a0000817df79cd1b3f7ff0789211"}, "df17": {"time": 25006.3203125, "Lat": 22.2581077, "Lon": 114.5754075, "geometric_height": 12600, "TId": "CRK611", "gsp": 269.2, "tan": 267.8686523}, "windSpd_kt": 12.468, "windDir_deg": 103.826, "temperature_K": 561.034, "address": "789211", "createdAt": "06:56:47.079504"}