{"time": 24701.411948377, "bds50": {"value": {"rol": -0.5, "tan": 227.109, "gsp": 382, "tanR": 0.0, "tas": 400}, "time": 24701.411948377, "msg": "02188d0696773ee27759807f00a0000918ffba192fe004c8780476"}, "bds60": {"value": {"mhd": 229.922, "ias": 321, "mach": 0.616, "bar": 1056, "ivv": 960}, "time": 24700.603141887, "msg": "02188d0696770ead0eff808000a0000917d1ca8326a10c1e780476"}, "df17": {"time": 24700.5, "Lat": 22.433567, "Lon": 113.7126589, "geometric_height": 14250, "TId": "CSZ8909", "gsp": 381.4, "tan": 227.2302246}, "windSpd_kt": 26.31, "windDir_deg": 95.364, "temperature_K": 555.158, "address": "780476", "createdAt": 