{"time": 25260.573766198, "bds50": {"value": {"rol": -12.7, "tan": 45.0, "gsp": 458, "tanR": -0.531, "tas": 410}, "time": 25260.573766198, "msg": "02188d0696f96f86b23682a400a000101cf71201397f7ccd79a035"}, "bds60": {"value": {"mhd": 45.176, "ias": 276, "mach": 0.66, "bar": 1280, "ivv": 1408}, "time": 25260.346034243, "msg": "02188d0696f961f3c843819f00a000101c901a292961442c79a035"}, "df17": {"time": 25260.5078125, "Lat": 22.0194769, "Lon": 111.5415502, "geometric_height": 26250, "TId": "CES5680", "gsp": 456.8, "tan": 45.1757812}, "windSpd_kt": 48.018, "windDir_deg": 43.497, "temperature_K": 508.086, "address": "79a035", "createdAt": "07:01:00.604180"}