{"time": 24665.600130725, "bds50": {"value": {"rol": -0.2, "tan": 267.891, "gsp": 264, "tanR": 0.0, "tas": 278}, "time": 24665.600130725, "msg": "02188d06966ee8557ea5808300a8001798fffbe92120048b8990f5"}, "bds60": {"value": {"mhd": 268.594, "ias": 230, "mach": 0.424, "bar": 32, "ivv": 32}, "time": 24664.741347264, "msg": "02188d06966eb5257fc0808400a0000790df89cd1aa00c018990f5"}, "df17": {"time": 24664.8203125, "Lat": 22.2545457, "Lon": 114.4763374, "geometric_height": 11575, "TId": "CAL7863", "gsp": 264.1, "tan": 267.8302002}, "windSpd_kt": 14.389, "windDir_deg": 101.603, "temperature_K": 565.998, "address": "8990f5", "createdAt": 