{"time": 24619.195673455, "bds50": {"value": {"rol": 0.4, "tan": 263.496, "gsp": 368, "tanR": 0.031, "tas": 422}, "time": 24618.717557461, "msg": "02188d069663fdea32d5829f00a8001811805bb72e200cd3780612"}, "bds60": {"value": {"mhd": 264.375, "ias": 262, "mach": 0.7, "bar": 224, "ivv": 0}, "time": 24619.195673455, "msg": "02188d0696641a69ab6f829200a000133cde0a0d2be03c00780612"}, "df17": {"time": 24617.484375, "Lat": 22.908833, "Lon": 115.9652424, "geometric_height": 31850, "TId": "CES5343", "gsp": 369.4, "tan": 263.4741211}, "windSpd_kt": 54.337, "windDir_deg": 90.339, "temperature_K": 478.506, "address": "780612", "createdAt": 