{"time": 25038.2055672, "bds50": {"value": {"rol": 0.0, "tan": 207.598, "gsp": 406, "tanR": -0.125, "tas": 454}, "time": 25038.20026927, "msg": "02188d0696c5a90869d690a900a000133c80193b32ffe4e3780feb"}, "bds60": {"value": {"mhd": 216.738, "ias": 284, "mach": 0.752, "bar": 64, "ivv": 0}, "time": 25038.2055672, "msg": "02188d0696c5a95940e091a500a000133ccd1a392f201400780feb"}, "df17": {"time": 25037.5234375, "Lat": 23.9053273, "Lon": 117.2172546, "geometric_height": 31800, "TId": "CES595", "gsp": 405.6, "tan": 207.7624512}, "windSpd_kt": 83.574, "windDir_deg": 87.242, "temperature_K": 479.882, "address": "780feb", "createdAt": "06:57:18.242279"}