{"time": 24712.86749387, "bds50": {"value": {"rol": -0.5, "tan": 153.633, "gsp": 314, "tanR": null, "tas": 314}, "time": 24712.860596524, "msg": "02188d069679e946f92c807c00a8001a36ffb6d5277ffc9d880456"}, "bds60": {"value": {"mhd": 159.082, "ias": 257, "mach": 0.48, "bar": 1152, "ivv": 1152}, "time": 24712.86749387, "msg": "02188d069679e9b037ee807c00a0000814b89a031e212424880456"}, "df17": {"time": 24712.2109375, "Lat": 22.3305917, "Lon": 113.910327, "geometric_height": 12525, "TId": "AIQ763", "gsp": 311.4, "tan": 153.682251}, "windSpd_kt": 29.851, "windDir_deg": 66.357, "temperature_K": 563.422, "address": "880456", "createdAt": 