{"time": 24706.946433375, "bds50": {"value": {"rol": 0.2, "tan": 245.566, "gsp": 452, "tanR": 0.0, "tas": 496}, "time": 24705.823432374, "msg": "02188d06967845d45eb682aa00a8000b2f803aeb38a004f886ebfa"}, "bds60": {"value": {"mhd": 247.5, "ias": 273, "mach": 0.856, "bar": 64, "ivv": 0}, "time": 24706.946433375, "msg": "02188d06967888c4015f91a900a0001838d80a2335a0140086ebfa"}, "df17": {"time": 24702.3046875, "Lat": 20.2881861, "Lon": 115.4150462, "geometric_height": 40325, "TId": "ANA847", "gsp": 450.7, "tan": 245.4840088}, "windSpd_kt": 46.813, "windDir_deg": 86.518, "temperature_K": 442.052, "address": "86ebfa", "createdAt": 