{"time": 25153.428446597, "bds50": {"value": {"rol": 0.0, "tan": 183.867, "gsp": 360, "tanR": 0.0, "tas": 364}, "time": 25153.419799504, "msg": "02188d0696e07ca6ebd0808300a8000ca880182d2d2004b676aa77"}, "bds60": {"value": {"mhd": 189.141, "ias": 298, "mach": 0.56, "bar": 2496, "ivv": 2464}, "time": 25153.428446597, "msg": "02188d0696e07d2add85808400a0000834c34a552322744d76aa77"}, "df17": {"time": 25153.140625, "Lat": 21.7992568, "Lon": 114.0593076, "geometric_height": 12925, "TId": "JSA698", "gsp": 359.9, "tan": 183.9825439}, "windSpd_kt": 33.549, "windDir_deg": 89.664, "temperature_K": 556.268, "address": "76aa77", "createdAt": "06:59:13.456848"}