{"time": 25251.883597361, "bds50": {"value": {"rol": -0.2, "tan": 261.035, "gsp": 380, "tanR": 0.0, "tas": 418}, "time": 25251.883597361, "msg": "02188d0696f7698d3e31818d00a8000a92fffb9b2fa004d1780a5e"}, "bds60": {"value": {"mhd": 262.09, "ias": 290, "mach": 0.672, "bar": -928, "ivv": -1024}, "time": 25250.790460803, "msg": "02188d0696f728654d83818c00a0000f31dd3a452a3f1fe0780a5e"}, "df17": {"time": 25251.625, "Lat": 22.4246407, "Lon": 115.6350732, "geometric_height": 24800, "TId": "CRK237", "gsp": 379.7, "tan": 261.0571289}, "windSpd_kt": 38.702, "windDir_deg": 92.505, "temperature_K": 509.416, "address": "780a5e", "createdAt": "07:00:51.921740"}