{"time": 24688.572796174, "bds50": {"value": {"rol": -0.2, "tan": 267.715, "gsp": 264, "tanR": 0.031, "tas": 278}, "time": 24688.56452227, "msg": "02188d069674411e4d1e808300a0000790fffbe721200c8b8990f5"}, "bds60": {"value": {"mhd": 268.418, "ias": 230, "mach": 0.424, "bar": -32, "ivv": 32}, "time": 24688.572796174, "msg": "02188d069674419c8d0e808300a0000790df79cd1abffc018990f5"}, "df17": {"time": 24688.1171875, "Lat": 22.2534084, "Lon": 114.4456315, "geometric_height": 11575, "TId": "CAL7863", "gsp": 264.3, "tan": 267.6159668}, "windSpd_kt": 14.389, "windDir_deg": 101.427, "temperature_K": 565.998, "address": "8990f5", "createdAt": 