{"time": 25014.795686221, "bds50": {"value": {"rol": 0.5, "tan": 263.496, "gsp": 350, "tanR": 0.031, "tas": 378}, "time": 25014.795686221, "msg": "02188d0696c03602d14d808b00a8001e91807bb72be00cbd780e17"}, "bds60": {"value": {"mhd": 266.484, "ias": 290, "mach": 0.592, "bar": -1056, "ivv": -960}, "time": 25013.940520069, "msg": "02188d0696c0030a0485808c00a0000b10deca45253effe2780e17"}, "df17": {"time": 25014.6796875, "Lat": 22.8559184, "Lon": 114.9630833, "geometric_height": 17600, "TId": "CDC8835", "gsp": 351.1, "tan": 263.6224365}, "windSpd_kt": 33.819, "windDir_deg": 119.132, "temperature_K": 536.782, "address": "780e17", "createdAt": "06:56:54.818630"}