{"time": 24615.838235856, "bds50": {"value": {"rol": 0.0, "tan": 205.137, "gsp": 396, "tanR": null, "tas": 416}, "time": 24615.829791383, "msg": "02188d06966351ca629780a200a0000c3280191f31bffcd07807ac"}, "bds60": {"value": {"mhd": 212.52, "ias": 310, "mach": 0.656, "bar": -1472, "ivv": -1504}, "time": 24615.838235856, "msg": "02188d069663524b3cd0829d00a0000c32cb9a6d293e97d17807ac"}, "df17": {"time": 24615.8359375, "Lat": 24.421556, "Lon": 114.1081238, "geometric_height": 19625, "TId": "CSZ9876", "gsp": 396.8, "tan": 205.2081299}, "windSpd_kt": 55.96, "windDir_deg": 97.934, "temperature_K": 529.464, "address": "7807ac", "createdAt": 