{"time": 24661.324135331, "bds50": {"value": {"rol": -0.2, "tan": 332.93, "gsp": 172, "tanR": 0.0, "tas": 166}, "time": 24661.13815187, "msg": "02188d06966dde6119be807b00a80006acfffecd15a00453780451"}, "bds60": {"value": {"mhd": 339.258, "ias": 161, "mach": 0.252, "bar": 32, "ivv": 32}, "time": 24661.324135331, "msg": "02188d06966de976fba3819500a00001baf8a9430fe00c01780451"}, "df17": {"time": 24660.6640625, "Lat": 22.5153422, "Lon": 113.8612103, "geometric_height": 2325, "TId": "CSN3554", "gsp": 170.3, "tan": 333.1329346}, "windSpd_kt": 19.594, "windDir_deg": -96.103, "temperature_K": 571.312, "address": "780451", "createdAt": 