{"time": 25153.644040371, "bds50": {"value": {"rol": 11.6, "tan": 331.523, "gsp": 218, "tanR": -0.094, "tas": 208}, "time": 25153.644040371, "msg": "02188d0696e08a0490b3808500a0000310885ebd1b7fec68780aab"}, "bds60": {"value": {"mhd": 333.457, "ias": 196, "mach": 0.316, "bar": -608, "ivv": -640}, "time": 25152.893527364, "msg": "02188d0696e05d48a544808900a0000310f6998913ff6fec780aab"}, "df17": {"time": 25153.328125, "Lat": 22.1244264, "Lon": 113.776238, "geometric_height": 4050, "TId": "CPA859", "gsp": 218.4, "tan": 330.9686279}, "windSpd_kt": 12.315, "windDir_deg": -63.228, "temperature_K": 570.44, "address": "780aab", "createdAt": "06:59:13.684567"}