{"time": 24712.972010426, "bds50": {"value": {"rol": 0.7, "tan": 263.672, "gsp": 400, "tanR": -0.062, "tas": 448}, "time": 24712.972010426, "msg": "02188d069679efeb03ba809300a8001e91809bb9323ff4e0780e17"}, "bds60": {"value": {"mhd": 263.848, "ias": 300, "mach": 0.724, "bar": 128, "ivv": -32}, "time": 24712.961470174, "msg": "02188d069679ef4a2ede828e00a0001098ddda592d6027ff780e17"}, "df17": {"time": 24712.875, "Lat": 22.9136825, "Lon": 115.5220342, "geometric_height": 27125, "TId": "CDC8835", "gsp": 399.5, "tan": 263.6773682}, "windSpd_kt": 48.018, "windDir_deg": 85.314, "temperature_K": 504.124, "address": "780e17", "createdAt": 