{"time": 25249.073438337, "bds50": {"value": {"rol": 0.2, "tan": 332.402, "gsp": 132, "tanR": 0.344, "tas": 132}, "time": 25249.065762496, "msg": "02188d0696f6c1987ec0827900a02000bf803ec710a05c42781319"}, "bds60": {"value": {"mhd": 337.676, "ias": 132, "mach": 0.2, "bar": -352, "ivv": -608}, "time": 25249.073438337, "msg": "02188d0696f6c20d9e81807f00a02000bff819090cbfafed781319"}, "df17": {"time": 25249.078125, "Lat": 22.5889206, "Lon": 113.8208055, "geometric_height": 825, "TId": "TBA9847", "gsp": 131.0, "tan": 332.2595215}, "windSpd_kt": 12.146, "windDir_deg": -114.961, "temperature_K": 573.516, "address": "781319", "createdAt": "07:00:49.111747"}