{"time": 24611.1395958, "bds50": {"value": {"rol": -14.6, "tan": 263.672, "gsp": 264, "tanR": -0.094, "tas": 278}, "time": 24611.1395958, "msg": "02188d0696623a3bae18808300a8000e19f5bbb9213fec8b780aab"}, "bds60": {"value": {"mhd": 264.375, "ias": 230, "mach": 0.424, "bar": 0, "ivv": 0}, "time": 24611.1293142, "msg": "02188d069662399ecb98808300a0000790de09cd1aa00400780aab"}, "df17": {"time": 24611.015625, "Lat": 22.2476792, "Lon": 114.2968655, "geometric_height": 11525, "TId": "CPA859", "gsp": 263.5, "tan": 264.1168213}, "windSpd_kt": 14.389, "windDir_deg": 97.384, "temperature_K": 565.998, "address": "780aab", "createdAt": 