{"time": 25169.496471136, "bds50": {"value": {"rol": 21.6, "tan": 250.84, "gsp": 362, "tanR": 1.156, "tas": 380}, "time": 25169.376586293, "msg": "02188d0696e433c02a35818900a0000a108f7b272d612cbe7804a9"}, "bds60": {"value": {"mhd": 255.059, "ias": 298, "mach": 0.588, "bar": -992, "ivv": -960}, "time": 25169.496471136, "msg": "02188d0696e43ae57660808f00a0000a10daba5524ff0fe27804a9"}, "df17": {"time": 25167.7578125, "Lat": 20.9962034, "Lon": 114.0552092, "geometric_height": 15875, "TId": "CSN3074", "gsp": 361.9, "tan": 244.6380615}, "windSpd_kt": 32.704, "windDir_deg": 129.581, "temperature_K": 549.882, "address": "7804a9", "createdAt": "06:59:29.543432"}