{"time": 25178.810244456, "bds50": {"value": {"rol": 0.0, "tan": 261.035, "gsp": 384, "tanR": -0.156, "tas": 428}, "time": 25178.810244456, "msg": "02188d0696e6660a5d68809a00a8000a92801b9b303fdcd6780a5e"}, "bds60": {"value": {"mhd": 262.09, "ias": 291, "mach": 0.692, "bar": -992, "ivv": -992}, "time": 25178.784962766, "msg": "02188d0696e6648898ce819200a0001011dd3a472b7f0fe1780a5e"}, "df17": {"time": 25176.9296875, "Lat": 22.4450684, "Lon": 115.7751918, "geometric_height": 26125, "TId": "CRK237", "gsp": 385.6, "tan": 261.0516357}, "windSpd_kt": 44.629, "windDir_deg": 91.205, "temperature_K": 503.654, "address": "780a5e", "createdAt": "06:59:38.877874"}