{"time": 25085.107056598, "bds50": {"value": {"rol": -0.4, "tan": 248.027, "gsp": 350, "tanR": null, "tas": 372}, "time": 25084.912526078, "msg": "02188d0696d0894ce2fe808100a8001d80ffdb072bfffcba780265"}, "bds60": {"value": {"mhd": 249.961, "ias": 301, "mach": 0.572, "bar": 0, "ivv": -32}, "time": 25085.107056598, "msg": "02188d0696d094e52fd6808000a8001d80d8ea5b23e007ff780265"}, "df17": {"time": 25084.9375, "Lat": 22.6459336, "Lon": 113.8656521, "geometric_height": 13425, "TId": "CSN3690", "gsp": 350.0, "tan": 248.1976318}, "windSpd_kt": 25.146, "windDir_deg": 97.978, "temperature_K": 556.868, "address": "780265", "createdAt": "06:58:05.147630"}