{"time": 25059.531264893, "bds50": {"value": {"rol": 0.4, "tan": 58.535, "gsp": 458, "tanR": 0.0, "tas": 420}, "time": 25058.580030568, "msg": "02188d0696ca67c2e468828a00a0000e3780529b396004d2780a9e"}, "bds60": {"value": {"mhd": 60.469, "ias": 297, "mach": 0.672, "bar": -2112, "ivv": -1888}, "time": 25059.531264893, "msg": "02188d0696caa075937d828900a0000e35958a532a3df7c5780a9e"}, "df17": {"time": 25059.0625, "Lat": 21.4416862, "Lon": 113.2551599, "geometric_height": 23350, "TId": "CRK170", "gsp": 458.3, "tan": 58.5626221}, "windSpd_kt": 40.782, "windDir_deg": 38.197, "temperature_K": 514.302, "address": "780a9e", "createdAt": "06:57:39.575913"}