{"time": 24594.381248363, "bds50": {"value": {"rol": 0.4, "tan": 227.812, "gsp": 262, "tanR": null, "tas": 270}, "time": 24594.381248363, "msg": "02188d06965e535b976b808500a8001f2e805a2120c00487780170"}, "bds60": {"value": {"mhd": 229.922, "ias": 231, "mach": 0.412, "bar": -640, "ivv": -608}, "time": 24594.370966684, "msg": "02188d06965e52beb49c818400a0000633d1c9cf19ff67ed780170"}, "df17": {"time": 24593.6640625, "Lat": 22.1397042, "Lon": 114.0480208, "geometric_height": 9525, "TId": "CPA543", "gsp": 261.9, "tan": 227.7850342}, "windSpd_kt": 12.646, "windDir_deg": 99.633, "temperature_K": 565.446, "address": "780170", "createdAt": 