{"time": 25137.623113218, "bds50": {"value": {"rol": -25.1, "tan": 353.848, "gsp": 272, "tanR": -1.875, "tas": 262}, "time": 25137.435164495, "msg": "02188d0696dcc3e4bf4f809e00a80010b2ee3fbb223e2483780a22"}, "bds60": {"value": {"mhd": 352.617, "ias": 231, "mach": 0.404, "bar": -1056, "ivv": -1024}, "time": 25137.623113218, "msg": "02188d0696dccf189e02808700a0000595fd69cf197effe0780a22"}, "df17": {"time": 25136.4140625, "Lat": 21.9006014, "Lon": 113.924768, "geometric_height": 8425, "TId": "CRK108", "gsp": 271.4, "tan": 357.4621582}, "windSpd_kt": 11.528, "windDir_deg": 23.074, "temperature_K": 553.73, "address": "780a22", "createdAt": "06:58:57.662372"}