{"time": 24665.518947596, "bds50": {"value": {"rol": -1.8, "tan": 71.367, "gsp": 176, "tanR": -0.188, "tas": 184}, "time": 24665.511022191, "msg": "02188d06966ee305ce6f908400a000021afed32d163fd45c780ac2"}, "bds60": {"value": {"mhd": 75.059, "ias": 178, "mach": 0.28, "bar": -352, "ivv": -320}, "time": 24665.518947596, "msg": "02188d06966ee37ebd0c808500a000021a9ab96511bfaff6780ac2"}, "df17": {"time": 24665.3984375, "Lat": 22.2606397, "Lon": 113.7430429, "geometric_height": 2675, "TId": "CRK772", "gsp": 176.2, "tan": 71.4605713}, "windSpd_kt": 14.086, "windDir_deg": -51.373, "temperature_K": 568.562, "address": "780ac2", "createdAt": 