{"time": 25038.854938492, "bds50": {"value": {"rol": -5.4, "tan": 332.754, "gsp": 418, "tanR": -0.188, "tas": 420}, "time": 25038.854938492, "msg": "02188d0696c5d00ddf7c819900a8000d03fc3ecb347fd4d27c4926"}, "bds60": {"value": {"mhd": 329.414, "ias": 274, "mach": 0.68, "bar": -1568, "ivv": -1760}, "time": 25038.846847294, "msg": "02188d0696c5cf92693e819a00a0001134f52a252abe7fc97c4926"}, "df17": {"time": 25036.5625, "Lat": 20.9674072, "Lon": 115.0718951, "geometric_height": 28375, "TId": "QFA127", "gsp": 420.3, "tan": 333.4350586}, "windSpd_kt": 24.503, "windDir_deg": 65.764, "temperature_K": 502.272, "address": "7c4926", "createdAt": "06:57:18.891346"}