{"time": 25055.135189245, "bds50": {"value": {"rol": 0.4, "tan": 58.535, "gsp": 460, "tanR": 0.031, "tas": 422}, "time": 25055.135189245, "msg": "02188d0696c99a6ec8fd808f00a80001a680529b39a00cd3780a9e"}, "bds60": {"value": {"mhd": 60.469, "ias": 299, "mach": 0.676, "bar": -1952, "ivv": -1728}, "time": 25054.603837251, "msg": "02188d0696c97ac2ff43808f00a80001a6958a572a7e1fca780a9e"}, "df17": {"time": 25054.7265625, "Lat": 21.4365578, "Lon": 113.2462549, "geometric_height": 23500, "TId": "CRK170", "gsp": 460.5, "tan": 58.5900879}, "windSpd_kt": 40.806, "windDir_deg": 38.108, "temperature_K": 513.084, "address": "780a9e", "createdAt": "06:57:35.179777"}