{"time": 25101.84232713, "bds50": {"value": {"rol": 0.5, "tan": 221.836, "gsp": 400, "tanR": 0.0, "tas": 458}, "time": 25101.78036911, "msg": "02188d0696d476b3bed6919b00a8001cb58079dd322004e576b4e9"}, "bds60": {"value": {"mhd": 227.988, "ias": 308, "mach": 0.744, "bar": -256, "ivv": 0}, "time": 25101.84232713, "msg": "02188d0696d47a65265a80a100a0001098d11a692ebfc40076b4e9"}, "df17": {"time": 25101.3515625, "Lat": 23.8219428, "Lon": 117.1922994, "geometric_height": 26950, "TId": "SLK991", "gsp": 400.1, "tan": 221.8579102}, "windSpd_kt": 73.987, "windDir_deg": 83.395, "temperature_K": 498.934, "address": "76b4e9", "createdAt": "06:58:21.881616"}