{"time": 24674.940003694, "bds50": {"value": {"rol": 0.2, "tan": 263.496, "gsp": 408, "tanR": null, "tas": 462}, "time": 24674.940003694, "msg": "02188d0696711508a56e809f00a8001125803bb7333ffce77805e0"}, "bds60": {"value": {"mhd": 264.199, "ias": 301, "mach": 0.756, "bar": 32, "ivv": 32}, "time": 24674.931915698, "msg": "02188d069671148d3bb2829b00a00011b8ddfa5b2f600c017805e0"}, "df17": {"time": 24673.21875, "Lat": 22.9440665, "Lon": 116.3006687, "geometric_height": 29150, "TId": "CXA8643", "gsp": 408.5, "tan": 263.8146973}, "windSpd_kt": 54.262, "windDir_deg": 89.492, "temperature_K": 491.698, "address": "7805e0", "createdAt": 