{"time": 24635.9501621, "bds50": {"value": {"rol": -1.1, "tan": 246.27, "gsp": 418, "tanR": -0.125, "tas": 456}, "time": 24635.643417043, "msg": "02188d069667eec651d3808f00a80013adff5af3347fe4e4780d33"}, "bds60": {"value": {"mhd": 246.797, "ias": 315, "mach": 0.736, "bar": -1920, "ivv": -1888}, "time": 24635.9501621, "msg": "02188d069668010ee0b4809000a0000f97d7ca772e3e27c5780d33"}, "df17": {"time": 24635.65625, "Lat": 22.0920682, "Lon": 112.9973245, "geometric_height": 25400, "TId": "GCR6536", "gsp": 418.6, "tan": 246.192627}, "windSpd_kt": 38.212, "windDir_deg": 72.572, "temperature_K": 505.396, "address": "780d33", "createdAt": 