{"time": 24643.699250464, "bds50": {"value": {"rol": 0.4, "tan": 38.32, "gsp": 496, "tanR": -0.062, "tas": 454}, "time": 24643.645101691, "msg": "02188d069669cbb6567b928e00a0000f9b8051b53e3ff4e3780a6a"}, "bds60": {"value": {"mhd": 38.32, "ias": 314, "mach": 0.736, "bar": 1216, "ivv": 1344}, "time": 24643.699250464, "msg": "02188d069669cef09520818f00a0000f9b8daa752e21342a780a6a"}, "df17": {"time": 24642.1875, "Lat": 23.2285953, "Lon": 113.9665246, "geometric_height": 25350, "TId": "CRK270", "gsp": 497.0, "tan": 38.2983398}, "windSpd_kt": 42.0, "windDir_deg": 38.32, "temperature_K": 500.972, "address": "780a6a", "createdAt": 