{"time": 24633.089913032, "bds50": {"value": {"rol": -20.4, "tan": 104.414, "gsp": 438, "tanR": -0.906, "tas": 412}, "time": 24633.081264042, "msg": "02188d069667560ef7aa909000a0000e3bf194a536ff1cce78921a"}, "bds60": {"value": {"mhd": 109.688, "ias": 290, "mach": 0.656, "bar": 2560, "ivv": 2240}, "time": 24633.089913032, "msg": "02188d0696675692f0c8828900a0000e3ba70a452922844678921a"}, "df17": {"time": 24632.6875, "Lat": 21.8138266, "Lon": 114.832921, "geometric_height": 23325, "TId": "CPA418", "gsp": 437.5, "tan": 105.2435303}, "windSpd_kt": 46.946, "windDir_deg": 50.641, "temperature_K": 519.332, "address": "78921a", "createdAt": 