{"time": 25073.54565474, "bds50": {"value": {"rol": 0.2, "tan": 92.988, "gsp": 402, "tanR": null, "tas": 370}, "time": 25072.35756926, "msg": "02188d0696cd9cf772ec829c00a8000e87803423327ffcb97812d8"}, "bds60": {"value": {"mhd": 97.734, "ias": 273, "mach": 0.58, "bar": -992, "ivv": -992}, "time": 25073.54565474, "msg": "02188d0696cde3c831d4829f00a0000c3aa2ca23247f0fe17812d8"}, "df17": {"time": 25073.1640625, "Lat": 23.1131744, "Lon": 111.7049289, "geometric_height": 19850, "TId": "CSN6979", "gsp": 401.7, "tan": 93.1420898}, "windSpd_kt": 45.21, "windDir_deg": 50.368, "temperature_K": 535.804, "address": "7812d8", "createdAt": "06:57:53.584895"}