{"time": 25003.035892212, "bds50": {"value": {"rol": -0.2, "tan": 267.715, "gsp": 268, "tanR": null, "tas": 282}, "time": 25002.295404132, "msg": "02188d0696bd4cefa664807f00a8000e2efffbe721bffc8d789211"}, "bds60": {"value": {"mhd": 268.594, "ias": 229, "mach": 0.432, "bar": -480, "ivv": -512}, "time": 25003.035892212, "msg": "02188d0696bd791299f4807f00a0000818df89cb1b3f8ff0789211"}, "df17": {"time": 25002.875, "Lat": 22.2582579, "Lon": 114.579978, "geometric_height": 12650, "TId": "CRK611", "gsp": 269.2, "tan": 267.8686523}, "windSpd_kt": 14.621, "windDir_deg": 104.925, "temperature_K": 561.034, "address": "789211", "createdAt": "06:56:43.062307"}