{"time": 25003.953513819, "bds50": {"value": {"rol": 0.4, "tan": 225.527, "gsp": 424, "tanR": null, "tas": 472}, "time": 25003.946043009, "msg": "02188d0696bdaf526681808f00a00011b8805a07353ffcec7805f8"}, "bds60": {"value": {"mhd": 230.801, "ias": 308, "mach": 0.772, "bar": 32, "ivv": 0}, "time": 25003.953513819, "msg": "02188d0696bdafc4655b809000a00011b8d21a6930600c007805f8"}, "df17": {"time": 25003.015625, "Lat": 22.8720975, "Lon": 113.1682777, "geometric_height": 29100, "TId": "CSN6483", "gsp": 424.3, "tan": 225.5712891}, "windSpd_kt": 63.234, "windDir_deg": 88.851, "temperature_K": 492.16, "address": "7805f8", "createdAt": "06:56:43.969558"}