{"time": 25036.93837231, "bds50": {"value": {"rol": 0.0, "tan": 223.945, "gsp": 408, "tanR": 0.0, "tas": 464}, "time": 25036.93837231, "msg": "02188d0696c55dd164d6809100a80019918019f5332004e87809ab"}, "bds60": {"value": {"mhd": 230.273, "ias": 281, "mach": 0.776, "bar": 192, "ivv": 32}, "time": 25035.998034722, "msg": "02188d0696c525c4fb22809100a8001991d1ea3330a034017809ab"}, "df17": {"time": 25036.5859375, "Lat": 23.1324863, "Lon": 113.3552384, "geometric_height": 33925, "TId": "CQH8579", "gsp": 407.4, "tan": 224.0057373}, "windSpd_kt": 73.776, "windDir_deg": 87.83, "temperature_K": 470.728, "address": "7809ab", "createdAt": "06:57:17.001240"}