{"time": 25104.957646228, "bds50": {"value": {"rol": 9.8, "tan": 58.008, "gsp": 156, "tanR": null, "tas": 166}, "time": 25104.957646228, "msg": "02188d0696d534152594908900a8001f2e87129513800453780170"}, "bds60": {"value": {"mhd": 64.336, "ias": 159, "mach": 0.252, "bar": -288, "ivv": -320}, "time": 25104.943579533, "msg": "02188d0696d5333e818d808a00a000021796e93f0fffbff6780170"}, "df17": {"time": 25104.5, "Lat": 22.2626567, "Lon": 113.7526989, "geometric_height": 2625, "TId": "CPA543", "gsp": 156.7, "tan": 56.7169189}, "windSpd_kt": 20.385, "windDir_deg": -58.156, "temperature_K": 571.312, "address": "780170", "createdAt": "06:58:24.992477"}