{"time": 25278.63134092, "bds50": {"value": {"rol": -6.3, "tan": 220.43, "gsp": 322, "tanR": -0.375, "tas": 340}, "time": 25278.63134092, "msg": "02188d0696fda3d76b78808800a8001d80fb99cd287fa4aa780265"}, "bds60": {"value": {"mhd": 222.715, "ias": 281, "mach": 0.52, "bar": -1280, "ivv": -1152}, "time": 25277.27999155, "msg": "02188d0696fd534b76fe808500a000079ecf3a3320bec7dc780265"}, "df17": {"time": 25278.5546875, "Lat": 22.5000429, "Lon": 113.572669, "geometric_height": 11875, "TId": "CSN3690", "gsp": 322.1, "tan": 220.4681396}, "windSpd_kt": 22.318, "windDir_deg": 77.831, "temperature_K": 562.872, "address": "780265", "createdAt": "07:01:18.664741"}