{"time": 25003.884140745, "bds50": {"value": {"rol": 0.2, "tan": 192.656, "gsp": 418, "tanR": 0.0, "tas": 462}, "time": 25003.884140745, "msg": "02188d0696bdaba1d8c9819800a80012a8803891346004e77810e6"}, "bds60": {"value": {"mhd": 203.73, "ias": 280, "mach": 0.772, "bar": 0, "ivv": 32}, "time": 25003.865323174, "msg": "02188d0696bdaa82b6a6819800a000149cc87a31306004017810e6"}, "df17": {"time": 25003.125, "Lat": 24.542706, "Lon": 114.4694495, "geometric_height": 33875, "TId": "CQH8895", "gsp": 417.9, "tan": 192.5738525}, "windSpd_kt": 95.539, "windDir_deg": 80.909, "temperature_K": 471.528, "address": "7810e6", "createdAt": "06:56:43.896474"}