{"time": 24672.932645533, "bds50": {"value": {"rol": -0.5, "tan": 227.109, "gsp": 378, "tanR": null, "tas": 394}, "time": 24672.932645533, "msg": "02188d0696709d62ca9d808200a800101fffba192f7ffcc5780476"}, "bds60": {"value": {"mhd": 230.098, "ias": 318, "mach": 0.608, "bar": 1088, "ivv": 1056}, "time": 24672.921535501, "msg": "02188d0696709cb9440d827c00a00008b5d1da7d26211421780476"}, "df17": {"time": 24672.5625, "Lat": 22.4669981, "Lon": 113.7515402, "geometric_height": 13775, "TId": "CSZ8909", "gsp": 377.3, "tan": 227.2576904}, "windSpd_kt": 25.714, "windDir_deg": 100.14, "temperature_K": 552.896, "address": "780476", "createdAt": 