{"time": 24633.861761421, "bds50": {"value": {"rol": -0.2, "tan": 111.973, "gsp": 360, "tanR": null, "tas": 356}, "time": 24633.861761421, "msg": "02188d0696678494698d808800a8000daefff4fb2d3ffcb278018d"}, "bds60": {"value": {"mhd": 115.137, "ias": 319, "mach": 0.548, "bar": 1024, "ivv": 1056}, "time": 24633.131694443, "msg": "02188d0696675910796b808400a000051ba8fa7f2261042178018d"}, "df17": {"time": 24633.4453125, "Lat": 22.2730422, "Lon": 114.2260551, "geometric_height": 7700, "TId": "CPA919", "gsp": 359.3, "tan": 112.06604}, "windSpd_kt": 20.167, "windDir_deg": 34.99, "temperature_K": 555.644, "address": "78018d", "createdAt": 