{"time": 24681.436251907, "bds50": {"value": {"rol": 15.1, "tan": 129.023, "gsp": 364, "tanR": 0.844, "tas": 362}, "time": 24681.436251907, "msg": "02188d069672983d8703807800a8000dae8ad5bd2da0dcb578018d"}, "bds60": {"value": {"mhd": 132.539, "ias": 321, "mach": 0.556, "bar": 512, "ivv": 576}, "time": 24680.719314745, "msg": "02188d0696726d81ef39806f00a8000daeaf2a8322e0841278018d"}, "df17": {"time": 24681.1875, "Lat": 22.2394395, "Lon": 114.3040967, "geometric_height": 8425, "TId": "CPA919", "gsp": 363.4, "tan": 127.8479004}, "windSpd_kt": 22.362, "windDir_deg": 45.91, "temperature_K": 558.118, "address": "78018d", "createdAt": 