{"time": 25129.933364238, "bds50": {"value": {"rol": 0.2, "tan": 181.055, "gsp": 442, "tanR": 0.031, "tas": 462}, "time": 25129.933364238, "msg": "02188d0696db04c05c0e809000a8001db080380d37600ce778074b"}, "bds60": {"value": {"mhd": 188.789, "ias": 290, "mach": 0.76, "bar": 1760, "ivv": 1696}, "time": 25129.926140219, "msg": "02188d0696db0452213b909100a0001314c32a452fa1bc3578074b"}, "df17": {"time": 25129.078125, "Lat": 21.4919186, "Lon": 113.7959361, "geometric_height": 31175, "TId": "CSN6049", "gsp": 441.0, "tan": 181.038208}, "windSpd_kt": 64.149, "windDir_deg": 76.799, "temperature_K": 486.536, "address": "78074b", "createdAt": "06:58:49.977031"}