{"time": 25194.382633448, "bds50": {"value": {"rol": 0.2, "tan": 227.109, "gsp": 256, "tanR": null, "tas": 278}, "time": 25194.382633448, "msg": "02188d0696ea063a29e8828d00a8000804803a19203ffc8b7814d9"}, "bds60": {"value": {"mhd": 230.977, "ias": 230, "mach": 0.424, "bar": 0, "ivv": 0}, "time": 25194.375228255, "msg": "02188d0696ea05c92b5f809400a0000738d229cd1aa004007814d9"}, "df17": {"time": 25193.6015625, "Lat": 23.6375141, "Lon": 113.6640787, "geometric_height": 11275, "TId": "CES7320", "gsp": 255.3, "tan": 227.0599365}, "windSpd_kt": 28.429, "windDir_deg": 88.382, "temperature_K": 565.998, "address": "7814d9", "createdAt": "06:59:54.425479"}