{"time": 25087.266213681, "bds50": {"value": {"rol": 0.4, "tan": 111.797, "gsp": 202, "tanR": 0.062, "tas": 202}, "time": 25087.266213681, "msg": "02188d0696d115974f31808500a80004358054f919601465780447"}, "bds60": {"value": {"mhd": 115.312, "ias": 192, "mach": 0.308, "bar": -288, "ivv": -160}, "time": 25086.36352658, "msg": "02188d0696d0dfc965b4808500a00002bba90981137fbffb780447"}, "df17": {"time": 25086.1796875, "Lat": 22.4578357, "Lon": 113.7566257, "geometric_height": 3975, "TId": "CSZ9902", "gsp": 203.2, "tan": 111.6430664}, "windSpd_kt": 12.39, "windDir_deg": 23.555, "temperature_K": 566.316, "address": "780447", "createdAt": "06:58:07.300887"}