{"time": 24566.841531038, "bds50": {"value": {"rol": 0.0, "tan": 331.875, "gsp": 366, "tanR": null, "tas": 376}, "time": 24566.841531038, "msg": "02188d069657e9dcda9e808600a800189f801ec12dfffcbc780bcf"}, "bds60": {"value": {"mhd": 329.414, "ias": 280, "mach": 0.588, "bar": -960, "ivv": -928}, "time": 24566.82437584, "msg": "02188d069657e8d71620808800a0000c13f52a3124ff17e3780bcf"}, "df17": {"time": 24566.5, "Lat": 21.9965601, "Lon": 114.0741992, "geometric_height": 19325, "TId": "CSN3070", "gsp": 365.8, "tan": 331.9628906}, "windSpd_kt": 18.811, "windDir_deg": 92.75, "temperature_K": 538.368, "address": "780bcf", "createdAt": 