{"time": 25005.278245374, "bds50": {"value": {"rol": 0.5, "tan": 146.25, "gsp": 232, "tanR": 0.125, "tas": 232}, "time": 25005.278245374, "msg": "02188d0696bdfeba31fe808c00a80008148076811d202474781433"}, "bds60": {"value": {"mhd": 150.645, "ias": 207, "mach": 0.356, "bar": -1024, "ivv": -1056}, "time": 25005.267825965, "msg": "02188d0696bdfe1b352d808e00a0000531b5999f167f07df781433"}, "df17": {"time": 25005.25, "Lat": 22.6270723, "Lon": 113.4929538, "geometric_height": 7800, "TId": "CSZ9504", "gsp": 231.4, "tan": 146.1016846}, "windSpd_kt": 17.792, "windDir_deg": 58.448, "temperature_K": 559.156, "address": "781433", "createdAt": "06:56:45.319199"}