{"time": 24594.293482238, "bds50": {"value": {"rol": 0.2, "tan": 267.715, "gsp": 264, "tanR": 0.0, "tas": 278}, "time": 24594.293482238, "msg": "02188d06965e4e2062fe807c00a8000e19803be72120048b780aab"}, "bds60": {"value": {"mhd": 268.945, "ias": 230, "mach": 0.424, "bar": 64, "ivv": 0}, "time": 24593.408664757, "msg": "02188d06965e196324b5808000a0000790dfa9cd1aa01400780aab"}, "df17": {"time": 24594.265625, "Lat": 22.2487307, "Lon": 114.318881, "geometric_height": 11525, "TId": "CPA859", "gsp": 264.1, "tan": 267.8302002}, "windSpd_kt": 15.16, "windDir_deg": 110.896, "temperature_K": 565.998, "address": "780aab", "createdAt": 