{"time": 24693.891696795, "bds50": {"value": {"rol": -0.5, "tan": 70.84, "gsp": 266, "tanR": null, "tas": 256}, "time": 24693.882684063, "msg": "02188d0696757e1b029f908a00a000041bffb327217ffc80781319"}, "bds60": {"value": {"mhd": 74.355, "ias": 234, "mach": 0.392, "bar": 64, "ivv": 96}, "time": 24693.891696795, "msg": "02188d0696757ea4889b808a00a000041b9a79d518a01403781319"}, "df17": {"time": 24693.7578125, "Lat": 22.5021029, "Lon": 113.4695435, "geometric_height": 6000, "TId": "TBA9847", "gsp": 265.6, "tan": 70.8837891}, "windSpd_kt": 18.873, "windDir_deg": 14.576, "temperature_K": 561.52, "address": "781319", "createdAt": 