{"time": 25053.487616082, "bds50": {"value": {"rol": 1.1, "tan": 70.312, "gsp": 144, "tanR": 0.25, "tas": 154}, "time": 25053.487616082, "msg": "02188d0696c9383ad052808c00a80018b780d3211220444d780a71"}, "bds60": {"value": {"mhd": 72.07, "ias": 150, "mach": 0.232, "bar": -832, "ivv": -640}, "time": 25053.4771461, "msg": "02188d0696c9379b0df4808c00a00001b399a92d0ebf37ec780a71"}, "df17": {"time": 25053.1171875, "Lat": 22.275703, "Lon": 113.788898, "geometric_height": 2125, "TId": "HKE553", "gsp": 145.5, "tan": 70.3179932}, "windSpd_kt": 10.994, "windDir_deg": -84.239, "temperature_K": 580.128, "address": "780a71", "createdAt": "06:57:33.526351"}