{"time": 24583.23075143, "bds50": {"value": {"rol": 0.4, "tan": 175.781, "gsp": 362, "tanR": 0.0, "tas": 364}, "time": 24582.360112093, "msg": "02188d06965b86d79bdd918a00a8000f3c8057d12d6004b670e050"}, "bds60": {"value": {"mhd": 180.879, "ias": 294, "mach": 0.56, "bar": 128, "ivv": 32}, "time": 24583.23075143, "msg": "02188d06965bbabc82c6909100a00008b0c05a4d2320240170e050"}, "df17": {"time": 24582.8828125, "Lat": 22.2268224, "Lon": 114.0065432, "geometric_height": 13750, "TId": "JCC625", "gsp": 361.9, "tan": 175.880127}, "windSpd_kt": 32.35, "windDir_deg": 84.789, "temperature_K": 556.268, "address": "70e050", "createdAt": 