{"time": 24569.720830837, "bds50": {"value": {"rol": -0.2, "tan": 227.637, "gsp": 284, "tanR": 0.0, "tas": 306}, "time": 24569.720830837, "msg": "02188d069658957b7b75818d00a8001e94fffa1f23a004997811ab"}, "bds60": {"value": {"mhd": 232.031, "ias": 250, "mach": 0.468, "bar": 0, "ivv": 32}, "time": 24569.713480212, "msg": "02188d069658950b5214818f00a0000810d289f51d6004017811ab"}, "df17": {"time": 24569.125, "Lat": 23.7143111, "Lon": 113.7550807, "geometric_height": 12325, "TId": "CSZ9676", "gsp": 283.9, "tan": 227.713623}, "windSpd_kt": 31.541, "windDir_deg": 95.649, "temperature_K": 562.872, "address": "7811ab", "createdAt": 