{"time": 24697.301565265, "bds50": {"value": {"rol": -0.4, "tan": 175.254, "gsp": 314, "tanR": null, "tas": 324}, "time": 24697.301565265, "msg": "02188d06967649e2ff51807000a80009abffd7cb277ffca2780126"}, "bds60": {"value": {"mhd": 177.363, "ias": 300, "mach": 0.492, "bar": 0, "ivv": 32}, "time": 24697.284628188, "msg": "02188d06967648e08edc807000a0000398bf1a591ee00401780126"}, "df17": {"time": 24696.9296875, "Lat": 22.1908379, "Lon": 114.0832973, "geometric_height": 5075, "TId": "HDA694", "gsp": 313.1, "tan": 175.2374268}, "windSpd_kt": 15.422, "windDir_deg": 45.893, "temperature_K": 570.976, "address": "780126", "createdAt": 