{"time": 24665.076041086, "bds50": {"value": {"rol": 0.0, "tan": 8.789, "gsp": 388, "tanR": -0.062, "tas": 382}, "time": 24665.076041086, "msg": "02188d06966ec918857e808300a800181280106530bff4bf780c75"}, "bds60": {"value": {"mhd": 6.855, "ias": 300, "mach": 0.588, "bar": -384, "ivv": -512}, "time": 24665.068661471, "msg": "02188d06966ec8a7eadf808300a00009b4827a5924ffa7f0780c75"}, "df17": {"time": 24664.234375, "Lat": 22.6634002, "Lon": 113.9038038, "geometric_height": 15525, "TId": "CSN644", "gsp": 387.6, "tan": 8.7561035}, "windSpd_kt": 14.313, "windDir_deg": 73.041, "temperature_K": 555.686, "address": "780c75", "createdAt": 