{"time": 24669.283030655, "bds50": {"value": {"rol": 0.2, "tan": 71.016, "gsp": 158, "tanR": null, "tas": 166}, "time": 24669.283030655, "msg": "02188d06966fc3da167f808100a800199e80332913c004537801cc"}, "bds60": {"value": {"mhd": 71.191, "ias": 162, "mach": 0.252, "bar": -832, "ivv": -864}, "time": 24669.272636178, "msg": "02188d06966fc33b7b12808100a00001389959450fff37e57801cc"}, "df17": {"time": 24668.40625, "Lat": 22.2873974, "Lon": 113.8250327, "geometric_height": 1475, "TId": "CPA766", "gsp": 157.8, "tan": 70.7629395}, "windSpd_kt": 8.015, "windDir_deg": -105.357, "temperature_K": 571.312, "address": "7801cc", "createdAt": 