{"time": 25195.201140492, "bds50": {"value": {"rol": -0.5, "tan": 190.195, "gsp": 358, "tanR": 0.0, "tas": 378}, "time": 25195.201140492, "msg": "02188d0696ea3703970c818e00a8000a21ffb8752ce004bd780d02"}, "bds60": {"value": {"mhd": 197.93, "ias": 279, "mach": 0.592, "bar": 2400, "ivv": 2400}, "time": 25194.585874174, "msg": "02188d0696ea12575efe809400a0000c37c66a2f25225c4b780d02"}, "df17": {"time": 25194.3515625, "Lat": 23.1083035, "Lon": 113.0144691, "geometric_height": 19725, "TId": "JYH1001", "gsp": 358.8, "tan": 190.27771}, "windSpd_kt": 53.503, "windDir_deg": 82.164, "temperature_K": 536.782, "address": "780d02", "createdAt": "06:59:55.242058"}