{"time": 25039.230496163, "bds50": {"value": {"rol": 16.3, "tan": 239.414, "gsp": 256, "tanR": 1.219, "tas": 262}, "time": 25039.230496163, "msg": "02188d0696c5e6706da3827600a80017988bbaa520213c838990f5"}, "bds60": {"value": {"mhd": 238.711, "ias": 230, "mach": 0.404, "bar": -960, "ivv": -928}, "time": 25038.074463701, "msg": "02188d0696c5a188c5d5807800a00005b0d4e9cd197f17e38990f5"}, "df17": {"time": 25039.171875, "Lat": 22.0907164, "Lon": 114.0429354, "geometric_height": 8625, "TId": "CAL7863", "gsp": 257.1, "tan": 238.8427734}, "windSpd_kt": 6.789, "windDir_deg": 31.155, "temperature_K": 553.73, "address": "8990f5", "createdAt": "06:57:19.265457"}