{"time": 24575.994363157, "bds50": {"value": {"rol": -0.2, "tan": 195.645, "gsp": 438, "tanR": null, "tas": 474}, "time": 24575.815709698, "msg": "02188d06965a00c3f402918d00a800193cfff8b336fffced7805f8"}, "bds60": {"value": {"mhd": 204.082, "ias": 308, "mach": 0.772, "bar": 0, "ivv": 0}, "time": 24575.994363157, "msg": "02188d06965a0b69fd15918d00a00011b8c89a69306004007805f8"}, "df17": {"time": 24571.15625, "Lat": 23.4839845, "Lon": 113.7555957, "geometric_height": 29075, "TId": "CSN6483", "gsp": 437.0, "tan": 196.072998}, "windSpd_kt": 76.09, "windDir_deg": 81.709, "temperature_K": 496.34, "address": "7805f8", "createdAt": 