{"time": 25258.673882175, "bds50": {"value": {"rol": -0.4, "tan": 1.582, "gsp": 454, "tanR": null, "tas": 440}, "time": 25258.673882175, "msg": "02188d0696f8fe48c43f80aa00a0001130ffd01338fffcdc8a02e8"}, "bds60": {"value": {"mhd": 354.902, "ias": 292, "mach": 0.72, "bar": -32, "ivv": 0}, "time": 25257.598500387, "msg": "02188d0696f8be2fbe2380ac00a0001130fe3a492d3ffc008a02e8"}, "df17": {"time": 25256.7890625, "Lat": 25.3459525, "Lon": 113.4483433, "geometric_height": 27950, "TId": "LNI2619", "gsp": 454.2, "tan": 1.5161133}, "windSpd_kt": 53.928, "windDir_deg": 73.221, "temperature_K": 491.698, "address": "8a02e8", "createdAt": "07:00:58.714953"}