{"time": 24711.128729901, "bds50": {"value": {"rol": 0.5, "tan": 307.969, "gsp": 326, "tanR": 0.031, "tas": 344}, "time": 24710.764107574, "msg": "02188d0696796c511736808c00a00009b8807db128e00cac781549"}, "bds60": {"value": {"mhd": 306.738, "ias": 269, "mach": 0.532, "bar": 0, "ivv": 32}, "time": 24711.128729901, "msg": "02188d069679820cc92d808c00a00009b8ed1a1b21600401781549"}, "df17": {"time": 24711.03125, "Lat": 22.9433155, "Lon": 113.7102771, "geometric_height": 15550, "TId": "CNM1434", "gsp": 324.8, "tan": 307.9962158}, "windSpd_kt": 19.385, "windDir_deg": 105.558, "temperature_K": 550.492, "address": "781549", "createdAt": 