{"time": 25059.617295188, "bds50": {"value": {"rol": -0.2, "tan": 162.246, "gsp": 416, "tanR": 0.0, "tas": 410}, "time": 25059.554289386, "msg": "02188d0696caa1d4e6ea809300a8001e24fff737342004cd7813bd"}, "bds60": {"value": {"mhd": 169.98, "ias": 310, "mach": 0.644, "bar": 0, "ivv": 0}, "time": 25059.617295188, "msg": "02188d0696caa5964b54809200a0000b9bbc7a6d286004007813bd"}, "df17": {"time": 25058, "Lat": 22.9713392, "Lon": 113.2076526, "geometric_height": 18625, "TId": "CSN335", "gsp": 414.8, "tan": 162.1746826}, "windSpd_kt": 56.027, "windDir_deg": 82.247, "temperature_K": 533.646, "address": "7813bd", "createdAt": "06:57:39.658100"}