{"time": 25053.221621669, "bds50": {"value": {"rol": 0.4, "tan": 259.805, "gsp": 350, "tanR": 0.0, "tas": 374}, "time": 25053.214223771, "msg": "02188d0696c927ef2d9b808900a8281e91805b8d2be004bb780e17"}, "bds60": {"value": {"mhd": 262.793, "ias": 289, "mach": 0.584, "bar": -1376, "ivv": -1472}, "time": 25053.221621669, "msg": "02188d0696c928600fa5808700a0280a95dd7a4324beafd2780e17"}, "df17": {"time": 25053.1015625, "Lat": 22.8478932, "Lon": 114.8969078, "geometric_height": 16925, "TId": "CDC8835", "gsp": 349.4, "tan": 259.9420166}, "windSpd_kt": 30.527, "windDir_deg": 119.494, "temperature_K": 539.976, "address": "780e17", "createdAt": "06:57:33.259356"}