{"time": 25146.519266627, "bds50": {"value": {"rol": 0.2, "tan": 354.902, "gsp": 400, "tanR": null, "tas": 396}, "time": 25146.519266627, "msg": "02188d0696dee1592543819c00a8000621803fc7323ffcc67502b0"}, "bds60": {"value": {"mhd": 350.508, "ias": 249, "mach": 0.648, "bar": -480, "ivv": -480}, "time": 25146.511052056, "msg": "02188d0696dee0dbcd18809f00a000123efca9f328bf8ff17502b0"}, "df17": {"time": 25144.484375, "Lat": 21.1664915, "Lon": 116.3212037, "geometric_height": 30300, "TId": "MAS358", "gsp": 400.6, "tan": 354.9847412}, "windSpd_kt": 30.776, "windDir_deg": 75.243, "temperature_K": 491.698, "address": "7502b0", "createdAt": "06:59:06.569368"}