{"time": 25188.499537817, "bds50": {"value": {"rol": 0.0, "tan": 268.066, "gsp": 382, "tanR": null, "tas": 412}, "time": 25188.499537817, "msg": "02188d0696e8a7913f99828c00a8000b1f801beb2fc004ce780172"}, "bds60": {"value": {"mhd": 269.297, "ias": 305, "mach": 0.648, "bar": -1408, "ivv": -1408}, "time": 25188.49231534, "msg": "02188d0696e8a7230acc808d00a0000c3ddfca6328bea7d4780172"}, "df17": {"time": 25188.1875, "Lat": 22.2804022, "Lon": 115.2583623, "geometric_height": 20000, "TId": "CPA501", "gsp": 382.3, "tan": 268.0499268}, "windSpd_kt": 31.187, "windDir_deg": 104.553, "temperature_K": 532.234, "address": "780172", "createdAt": "06:59:48.541059"}