{"time": 25011.302919729, "bds50": {"value": {"rol": 6.3, "tan": 280.723, "gsp": 232, "tanR": 0.031, "tas": 230}, "time": 25011.302919729, "msg": "02188d0696bf65d36e31908500a8000e19849c7b1d200c73780aab"}, "bds60": {"value": {"mhd": 280.547, "ias": 209, "mach": 0.352, "bar": -1088, "ivv": -1056}, "time": 25010.614434569, "msg": "02188d0696bf3cc9fb09808400a0000430e3c9a3163ef7df780aab"}, "df17": {"time": 25010.3515625, "Lat": 22.0293474, "Lon": 113.9078164, "geometric_height": 6100, "TId": "CPA859", "gsp": 232.7, "tan": 280.1513672}, "windSpd_kt": 2.122, "windDir_deg": -59.831, "temperature_K": 562.118, "address": "780aab", "createdAt": "06:56:51.324376"}