{"time": 24669.078181458, "bds50": {"value": {"rol": -23.7, "tan": 52.734, "gsp": 398, "tanR": -1.156, "tas": 376}, "time": 24669.078181458, "msg": "02188d06966fb7a45652808100a8001e31ef325931fedcbc7805f5"}, "bds60": {"value": {"mhd": 54.668, "ias": 309, "mach": 0.576, "bar": 96, "ivv": 32}, "time": 24667.920397142, "msg": "02188d06966f72a1f356808c00a0000810937a6b24201c017805f5"}, "df17": {"time": 24668.9453125, "Lat": 22.9234028, "Lon": 114.2237806, "geometric_height": 12450, "TId": "DKH1034", "gsp": 397.7, "tan": 52.8717041}, "windSpd_kt": 25.583, "windDir_deg": 22.998, "temperature_K": 561.034, "address": "7805f5", "createdAt": 