{"time": 25256.737615217, "bds50": {"value": {"rol": 0.0, "tan": 71.016, "gsp": 148, "tanR": null, "tas": 152}, "time": 25255.492824945, "msg": "02188d0696f840adaf71808900a8201f2e8013291280044c780170"}, "bds60": {"value": {"mhd": 71.543, "ias": 149, "mach": 0.228, "bar": -832, "ivv": -832}, "time": 25256.737615217, "msg": "02188d0696f88adfad71808800a8201f2e99792b0e7f37e6780170"}, "df17": {"time": 25256.7734375, "Lat": 22.2992635, "Lon": 113.8618112, "geometric_height": 775, "TId": "CPA543", "gsp": 149.0, "tan": 71.2023926}, "windSpd_kt": 4.231, "windDir_deg": -89.69, "temperature_K": 585.16, "address": "780170", "createdAt": "07:00:56.778437"}