{"time": 24703.744911738, "bds50": {"value": {"rol": 0.4, "tan": 46.582, "gsp": 474, "tanR": 0.0, "tas": 426}, "time": 24703.744911738, "msg": "02188d069677c9f0a97a809700a8000a318052133b6004d57813e0"}, "bds60": {"value": {"mhd": 46.582, "ias": 279, "mach": 0.692, "bar": -64, "ivv": 0}, "time": 24703.734591765, "msg": "02188d069677c9533115819000a0001130909a2f2b7ff4007813e0"}, "df17": {"time": 24702.1875, "Lat": 22.9398608, "Lon": 112.4171519, "geometric_height": 28075, "TId": "OKA2720", "gsp": 474.6, "tan": 46.4501953}, "windSpd_kt": 48.0, "windDir_deg": 46.582, "temperature_K": 498.958, "address": "7813e0", "createdAt": 