{"time": 25165.205807269, "bds50": {"value": {"rol": 0.0, "tan": 183.867, "gsp": 362, "tanR": 0.0, "tas": 368}, "time": 25165.205807269, "msg": "02188d0696e33b2720a5808700a8000ca880182d2d6004b876aa77"}, "bds60": {"value": {"mhd": 188.789, "ias": 299, "mach": 0.568, "bar": 2176, "ivv": 2272}, "time": 25165.195368574, "msg": "02188d0696e33a87d87e808200a0000897c32a5723a2244776aa77"}, "df17": {"time": 25165.0859375, "Lat": 21.7785716, "Lon": 114.0578055, "geometric_height": 13450, "TId": "JSA698", "gsp": 360.8, "tan": 183.9715576}, "windSpd_kt": 31.914, "windDir_deg": 85.502, "temperature_K": 552.658, "address": "76aa77", "createdAt": "06:59:25.269882"}