{"time": 25169.345852568, "bds50": {"value": {"rol": 0.0, "tan": 183.691, "gsp": 410, "tanR": null, "tas": 430}, "time": 25169.338469971, "msg": "02188d0696e4317a8e53828c00a0000e9580182b337ffcd7880456"}, "bds60": {"value": {"mhd": 190.02, "ias": 304, "mach": 0.688, "bar": 1120, "ivv": 1120}, "time": 25169.345852568, "msg": "02188d0696e431eb3498809300a0000e95c39a612b211c23880456"}, "df17": {"time": 25168.5, "Lat": 21.538825, "Lon": 114.041841, "geometric_height": 23650, "TId": "AIQ763", "gsp": 409.8, "tan": 183.6364746}, "windSpd_kt": 50.488, "windDir_deg": 73.556, "temperature_K": 514.302, "address": "880456", "createdAt": "06:59:29.395794"}