{"time": 24699.310520187, "bds50": {"value": {"rol": -0.2, "tan": 267.891, "gsp": 284, "tanR": 0.0, "tas": 296}, "time": 24699.009804187, "msg": "02188d069676afb4a79b808a00a800160ffffbe923a00494780a49"}, "bds60": {"value": {"mhd": 269.473, "ias": 237, "mach": 0.456, "bar": -448, "ivv": -416}, "time": 24699.310520187, "msg": "02188d069676c1a1377b819400a00008b4dfd9db1cbf97f3780a49"}, "df17": {"time": 24698.7578125, "Lat": 22.2654247, "Lon": 114.7897267, "geometric_height": 13825, "TId": "CPA495", "gsp": 284.1, "tan": 267.9840088}, "windSpd_kt": 14.425, "windDir_deg": 122.398, "temperature_K": 554.768, "address": "780a49", "createdAt": 