{"time": 24694.477273066, "bds50": {"value": {"rol": 0.2, "tan": 250.84, "gsp": 418, "tanR": -0.062, "tas": 468}, "time": 24694.477273066, "msg": "02188d069675a18bb7ea819000a800160a803b27347ff4ea8880ae"}, "bds60": {"value": {"mhd": 252.598, "ias": 274, "mach": 0.788, "bar": 96, "ivv": 32}, "time": 24693.286842472, "msg": "02188d0696755a973068809800a00015b7d9da2531601c018880ae"}, "df17": {"time": 24690.8828125, "Lat": 20.9763765, "Lon": 113.4470773, "geometric_height": 35975, "TId": "HVN577", "gsp": 419.0, "tan": 250.916748}, "windSpd_kt": 51.809, "windDir_deg": 86.928, "temperature_K": 464.406, "address": "8880ae", "createdAt": 