{"time": 24602.233966587, "bds50": {"value": {"rol": 0.0, "tan": 270.879, "gsp": 416, "tanR": 0.0, "tas": 468}, "time": 24602.233966587, "msg": "02188d069660276a8ffb918900a800178d801c0b342004ea899029"}, "bds60": {"value": {"mhd": 271.934, "ias": 283, "mach": 0.78, "bar": -96, "ivv": 32}, "time": 24602.226744188, "msg": "02188d06966026fc5b7c818a00a0001498e0ba3730ffec01899029"}, "df17": {"time": 24601.4375, "Lat": 22.3786354, "Lon": 115.3906703, "geometric_height": 33925, "TId": "TTW371", "gsp": 416.2, "tan": 270.9613037}, "windSpd_kt": 52.631, "windDir_deg": 100.302, "temperature_K": 473.98, "address": "899029", "createdAt": 