{"time": 24631.362440579, "bds50": {"value": {"rol": -0.2, "tan": 268.066, "gsp": 334, "tanR": -0.062, "tas": 348}, "time": 24631.362440579, "msg": "02188d069666ef9bcd83808700a800160ffffbeb29fff4ae780a49"}, "bds60": {"value": {"mhd": 269.824, "ias": 277, "mach": 0.536, "bar": -1248, "ivv": -1184}, "time": 24631.335509419, "msg": "02188d069666ee00ddab908800a000091fdffa2b21becfdb780a49"}, "df17": {"time": 24630.921875, "Lat": 22.2687936, "Lon": 114.8923802, "geometric_height": 14525, "TId": "CPA495", "gsp": 334.2, "tan": 267.9400635}, "windSpd_kt": 17.476, "windDir_deg": 125.72, "temperature_K": 554.992, "address": "780a49", "createdAt": 