{"time": 24694.905810272, "bds50": {"value": {"rol": -0.2, "tan": 40.078, "gsp": 396, "tanR": null, "tas": 376}, "time": 24694.905810272, "msg": "02188d069675bb16ad60808100a8001e31fff1c931bffcbc7805f5"}, "bds60": {"value": {"mhd": 41.309, "ias": 308, "mach": 0.576, "bar": 0, "ivv": 0}, "time": 24694.898474759, "msg": "02188d069675baa6bf07808000a00008108eba69242004007805f5"}, "df17": {"time": 24694.3671875, "Lat": 22.9564905, "Lon": 114.2569113, "geometric_height": 12450, "TId": "DKH1034", "gsp": 395.9, "tan": 40.0836182}, "windSpd_kt": 21.65, "windDir_deg": 18.171, "temperature_K": 561.034, "address": "7805f5", "createdAt": 