{"time": 24591.646945002, "bds50": {"value": {"rol": 20.6, "tan": 351.914, "gsp": 418, "tanR": 0.969, "tas": 422}, "time": 24590.578366668, "msg": "02188d06965d70b038cc81a500a8000b308ebfa53460fcd3781462"}, "bds60": {"value": {"mhd": 352.793, "ias": 305, "mach": 0.668, "bar": 2176, "ivv": 2240}, "time": 24591.646945002, "msg": "02188d06965db0616eea809700a0000d3cfd7a6329e22446781462"}, "df17": {"time": 24591.25, "Lat": 23.542285, "Lon": 113.3869958, "geometric_height": 21575, "TId": "CES5392", "gsp": 418.1, "tan": 351.8865967}, "windSpd_kt": 7.584, "windDir_deg": -129.478, "temperature_K": 525.448, "address": "781462", "createdAt": 