{"time": 24621.527990272, "bds50": {"value": {"rol": -0.2, "tan": 71.016, "gsp": 398, "tanR": null, "tas": 376}, "time": 24621.527990272, "msg": "02188d069664a56e0000808100a8001e31fff32931fffcbc7805f5"}, "bds60": {"value": {"mhd": 74.004, "ias": 309, "mach": 0.576, "bar": 64, "ivv": 0}, "time": 24621.52091048, "msg": "02188d069664a501f890808100a00008109a5a6b242014007805f5"}, "df17": {"time": 24621.328125, "Lat": 22.8896928, "Lon": 114.1363621, "geometric_height": 12475, "TId": "DKH1034", "gsp": 397.5, "tan": 71.0650635}, "windSpd_kt": 29.848, "windDir_deg": 29.971, "temperature_K": 561.034, "address": "7805f5", "createdAt": 