{"time": 24563.361746045, "bds50": {"value": {"rol": 0.0, "tan": 135.352, "gsp": 356, "tanR": null, "tas": 272}, "time": 24563.311111042, "msg": "02188d069657176eeb82908700a8280a168016052cbffc88780296"}, "bds60": {"value": {"mhd": 149.941, "ias": 250, "mach": 0.416, "bar": -896, "ivv": -896}, "time": 24563.361746045, "msg": "02188d0696571a738c7d817f00a02803bab559f51a3f27e4780296"}, "df17": {"time": 24539.46875, "Lat": 22.7536726, "Lon": 113.5592151, "geometric_height": 5950, "TId": "CSN6889", "gsp": 268.5, "tan": 145.0085449}, "windSpd_kt": 115.327, "windDir_deg": 98.905, "temperature_K": 562.872, "address": "780296", "createdAt": 