{"time": 25260.274289779, "bds50": {"value": {"rol": 0.4, "tan": 93.34, "gsp": 382, "tanR": 0.0, "tas": 354}, "time": 25260.274289779, "msg": "02188d0696f95dad0c73918a00a8000e878054272fe004b17812d8"}, "bds60": {"value": {"mhd": 97.207, "ias": 274, "mach": 0.552, "bar": -1152, "ivv": -1024}, "time": 25260.267064168, "msg": "02188d0696f95d3ecb68818c00a0000a3ea29a2522bee7e07812d8"}, "df17": {"time": 25258.984375, "Lat": 23.0934548, "Lon": 112.0720482, "geometric_height": 16575, "TId": "CSN6979", "gsp": 384.5, "tan": 93.2794189}, "windSpd_kt": 37.413, "windDir_deg": 53.689, "temperature_K": 541.484, "address": "7812d8", "createdAt": "07:01:00.317157"}