{"time": 24606.400623812, "bds50": {"value": {"rol": 0.7, "tan": 176.484, "gsp": 262, "tanR": 0.062, "tas": 266}, "time": 24606.391698533, "msg": "02188d0696611f3c8465808a00a000039d8097d920e01485780e5a"}, "bds60": {"value": {"mhd": 179.648, "ias": 245, "mach": 0.404, "bar": -768, "ivv": -736}, "time": 24606.400623812, "msg": "02188d0696611fc4b4c4808a00a000039dbfe9eb197f47e9780e5a"}, "df17": {"time": 24604.5078125, "Lat": 22.1333528, "Lon": 113.1457472, "geometric_height": 5250, "TId": "CDG4705", "gsp": 262.6, "tan": 176.5063477}, "windSpd_kt": 15.115, "windDir_deg": 72.727, "temperature_K": 570.766, "address": "780e5a", "createdAt": 