{"time": 25070.059814852, "bds50": {"value": {"rol": 0.2, "tan": 249.258, "gsp": 246, "tanR": -0.062, "tas": 252}, "time": 25069.799859647, "msg": "02188d0696cd0483e5bf807c00a8001798803b151efff47e8990f5"}, "bds60": {"value": {"mhd": 250.137, "ias": 223, "mach": 0.388, "bar": -576, "ivv": -800}, "time": 25070.059814852, "msg": "02188d0696cd14027fc4807c00a000053dd8f9bf187f77e78990f5"}, "df17": {"time": 25070.0078125, "Lat": 22.0770693, "Lon": 114.0070581, "geometric_height": 8125, "TId": "CAL7863", "gsp": 247.2, "tan": 249.1479492}, "windSpd_kt": 7.113, "windDir_deg": 102.182, "temperature_K": 555.386, "address": "8990f5", "createdAt": "06:57:50.099524"}