{"time": 24649.680343728, "bds50": {"value": {"rol": -1.1, "tan": 177.188, "gsp": 314, "tanR": -0.094, "tas": 324}, "time": 24649.680343728, "msg": "02188d06966b3370d2b0807800a80009abff57e1277feca2780126"}, "bds60": {"value": {"mhd": 179.648, "ias": 301, "mach": 0.492, "bar": -32, "ivv": 0}, "time": 24649.159980474, "msg": "02188d06966b146cb5ba806c00a0000398bfea5b1efffc00780126"}, "df17": {"time": 24649.1796875, "Lat": 22.2601676, "Lon": 114.0783834, "geometric_height": 5100, "TId": "HDA694", "gsp": 313.3, "tan": 177.2589111}, "windSpd_kt": 16.956, "windDir_deg": 52.288, "temperature_K": 570.976, "address": "780126", "createdAt": 