{"time": 24597.656759116, "bds50": {"value": {"rol": 0.2, "tan": 252.598, "gsp": 416, "tanR": 0.0, "tas": 470}, "time": 24597.652031427, "msg": "02188d06965f164fc7c3819900a000143b803b3b342004eb7808bd"}, "bds60": {"value": {"mhd": 254.707, "ias": 286, "mach": 0.78, "bar": 1216, "ivv": 1056}, "time": 24597.656759116, "msg": "02188d06965f1697eb4c819900a000143bda9a3d30e134217808bd"}, "df17": {"time": 24595.21875, "Lat": 21.3247848, "Lon": 110.984745, "geometric_height": 33500, "TId": "CSN8405", "gsp": 417.3, "tan": 252.5646973}, "windSpd_kt": 56.399, "windDir_deg": 90.457, "temperature_K": 478.04, "address": "7808bd", "createdAt": 