{"time": 24739.210433228, "bds50": {"value": {"rol": 0.4, "tan": 71.543, "gsp": 216, "tanR": null, "tas": 222}, "time": 24739.210433228, "msg": "02188d0696800bd992cc808900a8000ca880532f1b3ffc6f76aa77"}, "bds60": {"value": {"mhd": 75.762, "ias": 210, "mach": 0.336, "bar": 3840, "ivv": 3680}, "time": 24739.203082606, "msg": "02188d0696800b69696e806c00a00002979af9a51523c47376aa77"}, "df17": {"time": 24738.7109375, "Lat": 22.3298407, "Lon": 113.999033, "geometric_height": 3275, "TId": "JSA698", "gsp": 217.3, "tan": 71.4825439}, "windSpd_kt": 17.201, "windDir_deg": -36.748, "temperature_K": 574.758, "address": "76aa77", "createdAt": 