{"time": 24650.305251174, "bds50": {"value": {"rol": 0.2, "tan": 226.934, "gsp": 336, "tanR": 0.0, "tas": 356}, "time": 24650.305251174, "msg": "02188d06966b58b02766818c00a8000a83803a172a2004b2780ccb"}, "bds60": {"value": {"mhd": 231.152, "ias": 292, "mach": 0.544, "bar": -704, "ivv": -448}, "time": 24650.296872264, "msg": "02188d06966b58304d48818c00a00007bad23a49223f57f2780ccb"}, "df17": {"time": 24648.4453125, "Lat": 23.7717962, "Lon": 113.8227367, "geometric_height": 12225, "TId": "CSN3086", "gsp": 338.2, "tan": 226.9171143}, "windSpd_kt": 32.373, "windDir_deg": 100.917, "temperature_K": 563.846, "address": "780ccb", "createdAt": 