{"time": 24601.561415099, "bds50": {"value": {"rol": -0.2, "tan": 338.203, "gsp": 244, "tanR": 0.0, "tas": 238}, "time": 24601.552986404, "msg": "02188d06965ffed3a124807800a000059dffff091ea00477780a9b"}, "bds60": {"value": {"mhd": 339.961, "ias": 210, "mach": 0.368, "bar": -128, "ivv": -512}, "time": 24601.561415099, "msg": "02188d06965fff543dbb807800a000059df8e9a5173fe7f0780a9b"}, "df17": {"time": 24601.1953125, "Lat": 22.091639, "Lon": 114.1633129, "geometric_height": 8525, "TId": "CPA188", "gsp": 244.6, "tan": 338.1536865}, "windSpd_kt": 9.522, "windDir_deg": -71.864, "temperature_K": 550.702, "address": "780a9b", "createdAt": 