{"time": 24710.955010823, "bds50": {"value": {"rol": -0.4, "tan": 267.715, "gsp": 360, "tanR": null, "tas": 390}, "time": 24710.955010823, "msg": "02188d06967977b20b07818b00a8000e2effdbe72d3ffcc3789211"}, "bds60": {"value": {"mhd": 269.648, "ias": 300, "mach": 0.608, "bar": -1824, "ivv": -1888}, "time": 24710.947790012, "msg": "02188d0696797743dcbc818a00a0000ab4dfea59263e3fc5789211"}, "df17": {"time": 24710.8203125, "Lat": 22.2741365, "Lon": 115.0584626, "geometric_height": 17225, "TId": "CRK611", "gsp": 360.1, "tan": 267.9345703}, "windSpd_kt": 32.554, "windDir_deg": 111.549, "temperature_K": 541.726, "address": "789211", "createdAt": 