{"time": 25065.931582916, "bds50": {"value": {"rol": 0.0, "tan": 108.984, "gsp": 346, "tanR": 0.0, "tas": 332}, "time": 25065.482218752, "msg": "02188d0696cc0329ed00807d00a8001f298014d92b6004a6780813"}, "bds60": {"value": {"mhd": 113.73, "ias": 268, "mach": 0.512, "bar": 1632, "ivv": 1728}, "time": 25065.931582916, "msg": "02188d0696cc1df2adc4807d00a00008b0a87a1920219c36780813"}, "df17": {"time": 25065.859375, "Lat": 22.3318577, "Lon": 114.0307474, "geometric_height": 13625, "TId": "B7797", "gsp": 345.6, "tan": 108.9074707}, "windSpd_kt": 31.364, "windDir_deg": 47.843, "temperature_K": 553.598, "address": "780813", "createdAt": "06:57:45.976195"}