{"time": 24599.622064867, "bds50": {"value": {"rol": -12.0, "tan": 263.848, "gsp": 424, "tanR": -0.562, "tas": 466}, "time": 24599.622064867, "msg": "02188d06965f8bbc1ae3808600a80013adf79bbb353f74e9780d33"}, "bds60": {"value": {"mhd": 263.32, "ias": 315, "mach": 0.752, "bar": -1984, "ivv": -1984}, "time": 24598.480851826, "msg": "02188d06965f47b69372808500a0001037ddaa772f3e17c2780d33"}, "df17": {"time": 24599.2109375, "Lat": 22.1113372, "Lon": 113.0716538, "geometric_height": 26700, "TId": "GCR6536", "gsp": 424.1, "tan": 264.4519043}, "windSpd_kt": 42.199, "windDir_deg": 78.007, "temperature_K": 505.584, "address": "780d33", "createdAt": 