{"time": 24605.287160292, "bds50": {"value": {"rol": 0.0, "tan": 29.355, "gsp": 490, "tanR": null, "tas": 446}, "time": 24605.287160292, "msg": "02188d069660dd6699e4819a00a000153480114f3d7ffcdf78110c"}, "bds60": {"value": {"mhd": 26.016, "ias": 264, "mach": 0.748, "bar": -64, "ivv": 32}, "time": 24604.063834398, "msg": "02188d069660947c211e809f00a0001534894a112efff40178110c"}, "df17": {"time": 24603.625, "Lat": 22.2970748, "Lon": 111.8199635, "geometric_height": 34925, "TId": "CHH6183", "gsp": 490.6, "tan": 29.2840576}, "windSpd_kt": 51.749, "windDir_deg": 59.485, "temperature_K": 468.084, "address": "78110c", "createdAt": 