{"time": 24614.231204128, "bds50": {"value": {"rol": -0.2, "tan": 338.027, "gsp": 246, "tanR": -0.219, "tas": 242}, "time": 24614.231204128, "msg": "02188d069662f281e120807e00a800111dffff071effcc79780a9b"}, "bds60": {"value": {"mhd": 340.137, "ias": 213, "mach": 0.372, "bar": -512, "ivv": -544}, "time": 24613.449680667, "msg": "02188d069662c3ecc71b807f00a0000599f8f9ab177f87ef780a9b"}, "df17": {"time": 24614.046875, "Lat": 22.1052217, "Lon": 114.1574335, "geometric_height": 8400, "TId": "CPA188", "gsp": 245.9, "tan": 338.0273438}, "windSpd_kt": 9.835, "windDir_deg": -86.924, "temperature_K": 557.19, "address": "780a9b", "createdAt": 