{"time": 25156.478607321, "bds50": {"value": {"rol": 0.0, "tan": 70.664, "gsp": 158, "tanR": null, "tas": 168}, "time": 25156.478607321, "msg": "02188d0696e132f89fd9808700a8001f2e80132513c00454780170"}, "bds60": {"value": {"mhd": 71.895, "ias": 163, "mach": 0.256, "bar": -896, "ivv": -896}, "time": 25155.301090896, "msg": "02188d0696e0ecc92650808200a00001b3999947103f27e4780170"}, "df17": {"time": 25156.484375, "Lat": 22.2762823, "Lon": 113.7908506, "geometric_height": 2125, "TId": "CPA543", "gsp": 158.9, "tan": 70.8782959}, "windSpd_kt": 10.595, "windDir_deg": -89.419, "temperature_K": 567.018, "address": "780170", "createdAt": "06:59:16.515590"}