{"time": 24672.279023765, "bds50": {"value": {"rol": -0.5, "tan": 162.246, "gsp": 418, "tanR": null, "tas": 432}, "time": 24671.460152237, "msg": "02188d069670459e53ad808d00a8001db0ffb737347ffcd878074b"}, "bds60": {"value": {"mhd": 169.629, "ias": 302, "mach": 0.692, "bar": -64, "ivv": 0}, "time": 24672.279023765, "msg": "02188d069670766d5095808e00a0000f10bc5a5d2b7ff40078074b"}, "df17": {"time": 24672.046875, "Lat": 22.3323083, "Lon": 113.4283018, "geometric_height": 24300, "TId": "CSN6049", "gsp": 416.6, "tan": 162.388916}, "windSpd_kt": 56.482, "windDir_deg": 61.617, "temperature_K": 513.114, "address": "78074b", "createdAt": 