{"time": 24589.191016219, "bds50": {"value": {"rol": -0.2, "tan": 281.25, "gsp": 400, "tanR": null, "tas": 458}, "time": 24589.191016219, "msg": "02188d06965d1dfeef1b929900a8001120fffc81323ffce5780473"}, "bds60": {"value": {"mhd": 278.613, "ias": 278, "mach": 0.768, "bar": 64, "ivv": 0}, "time": 24589.183795421, "msg": "02188d06965d1d90c0dd90a400a000149ce31a2d30201400780473"}, "df17": {"time": 24588.546875, "Lat": 24.3681908, "Lon": 112.6430368, "geometric_height": 33775, "TId": "CSZ8793", "gsp": 399.7, "tan": 281.2554932}, "windSpd_kt": 61.254, "windDir_deg": 81.129, "temperature_K": 468.238, "address": "780473", "createdAt": 