{"time": 25085.600436763, "bds50": {"value": {"rol": 0.0, "tan": 246.797, "gsp": 262, "tanR": 0.031, "tas": 278}, "time": 25085.4672265, "msg": "02188d0696d0aa5cf184807400a800160f801af920e00c8b780a49"}, "bds60": {"value": {"mhd": 248.555, "ias": 230, "mach": 0.424, "bar": -288, "ivv": -160}, "time": 25085.600436763, "msg": "02188d0696d0b24d921b807500a0000791d869cd1abfbffb780a49"}, "df17": {"time": 25085.4765625, "Lat": 22.2411776, "Lon": 114.2744851, "geometric_height": 11575, "TId": "CPA495", "gsp": 263.5, "tan": 246.7419434}, "windSpd_kt": 18.016, "windDir_deg": 95.052, "temperature_K": 565.998, "address": "780a49", "createdAt": "06:58:05.641283"}