{"time": 24586.403061451, "bds50": {"value": {"rol": -0.2, "tan": 267.715, "gsp": 264, "tanR": 0.0, "tas": 280}, "time": 24586.403061451, "msg": "02188d06965c77d21ecb808600a8001798fffbe72120048c8990f5"}, "bds60": {"value": {"mhd": 268.418, "ias": 230, "mach": 0.428, "bar": -480, "ivv": -512}, "time": 24586.391649096, "msg": "02188d06965c7723fb48808700a00007b6df79cd1aff8ff08990f5"}, "df17": {"time": 24586.2734375, "Lat": 22.258215, "Lon": 114.5795703, "geometric_height": 12150, "TId": "CAL7863", "gsp": 265.2, "tan": 267.62146}, "windSpd_kt": 16.344, "windDir_deg": 99.849, "temperature_K": 563.49, "address": "8990f5", "createdAt": 