{"time": 24619.571745239, "bds50": {"value": {"rol": -0.2, "tan": 339.961, "gsp": 460, "tanR": 0.031, "tas": 468}, "time": 24619.564402137, "msg": "02188d069664306405d9819c00a800100effff1d39a00cea8a02e8"}, "bds60": {"value": {"mhd": 332.93, "ias": 279, "mach": 0.788, "bar": -32, "ivv": 0}, "time": 24619.571745239, "msg": "02188d06966430d411d7929b00a0001534f66a2f317ffc008a02e8"}, "df17": {"time": 24617.2265625, "Lat": 23.9847636, "Lon": 113.496902, "geometric_height": 34900, "TId": "LNI2619", "gsp": 459.9, "tan": 339.911499}, "windSpd_kt": 57.461, "windDir_deg": 74.433, "temperature_K": 464.406, "address": "8a02e8", "createdAt": 