{"time": 25004.349667238, "bds50": {"value": {"rol": 0.0, "tan": 207.07, "gsp": 256, "tanR": 0.0, "tas": 272}, "time": 25003.184187377, "msg": "02188d0696bd81e967f1928a00a80013a7801935202004887813f7"}, "bds60": {"value": {"mhd": 210.41, "ias": 248, "mach": 0.416, "bar": -2048, "ivv": -1920}, "time": 25004.349667238, "msg": "02188d0696bdc76137a6808d00a0000435cad9f11a3e07c47813f7"}, "df17": {"time": 25003.96875, "Lat": 23.0960083, "Lon": 113.5172009, "geometric_height": 6300, "TId": "CSN3092", "gsp": 257.1, "tan": 207.0648193}, "windSpd_kt": 22.194, "windDir_deg": 72.634, "temperature_K": 562.872, "address": "7813f7", "createdAt": "06:56:44.378067"}