{"time": 24587.025386295, "bds50": {"value": {"rol": -0.2, "tan": 334.688, "gsp": 386, "tanR": null, "tas": 388}, "time": 24587.025386295, "msg": "02188d06965c9cea0b37908800a80013a7fffee1307ffcc27813f7"}, "bds60": {"value": {"mhd": 333.984, "ias": 308, "mach": 0.6, "bar": -928, "ivv": -1024}, "time": 24587.018288905, "msg": "02188d06965c9c7dbf09808900a000093ef6ca6925bf1fe07813f7"}, "df17": {"time": 24587.015625, "Lat": 22.9476929, "Lon": 113.9248323, "geometric_height": 14925, "TId": "CSN3092", "gsp": 386.1, "tan": 334.6984863}, "windSpd_kt": 5.159, "windDir_deg": 87.147, "temperature_K": 550.578, "address": "7813f7", "createdAt": 