{"time": 24637.101651408, "bds50": {"value": {"rol": 0.5, "tan": 246.445, "gsp": 264, "tanR": 0.0, "tas": 278}, "time": 24637.094707957, "msg": "02188d069668454742f5807400a0000790807af52120048b780aab"}, "bds60": {"value": {"mhd": 248.73, "ias": 231, "mach": 0.428, "bar": 96, "ivv": 32}, "time": 24637.101651408, "msg": "02188d06966845b135d0807400a0000790d879cf1ae01c01780aab"}, "df17": {"time": 24636.8046875, "Lat": 22.237637, "Lon": 114.2648721, "geometric_height": 11525, "TId": "CPA859", "gsp": 264.1, "tan": 246.3464355}, "windSpd_kt": 17.684, "windDir_deg": 105.259, "temperature_K": 555.468, "address": "780aab", "createdAt": 