{"time": 25058.360994188, "bds50": {"value": {"rol": 0.0, "tan": 39.727, "gsp": 284, "tanR": 0.031, "tas": 272}, "time": 25058.360994188, "msg": "02188d0696ca5ab4a98c808c00a80010b28011c523a00c88780a22"}, "bds60": {"value": {"mhd": 42.012, "ias": 230, "mach": 0.412, "bar": -1472, "ivv": -1472}, "time": 25058.350336075, "msg": "02188d0696ca5a12084b808c00a000069a8ef9cd19fe97d2780a22"}, "df17": {"time": 25058.203125, "Lat": 21.8188477, "Lon": 113.8676047, "geometric_height": 10175, "TId": "CRK108", "gsp": 283.4, "tan": 39.7045898}, "windSpd_kt": 16.335, "windDir_deg": -1.869, "temperature_K": 573.854, "address": "780a22", "createdAt": "06:57:38.400739"}