{"time": 24701.067419794, "bds50": {"value": {"rol": 0.5, "tan": 192.656, "gsp": 418, "tanR": 0.031, "tas": 456}, "time": 24701.061982165, "msg": "02188d0696772a0667d5819b00a00011b880789134600ce4780f76"}, "bds60": {"value": {"mhd": 204.082, "ias": 298, "mach": 0.748, "bar": 32, "ivv": -32}, "time": 24701.067419794, "msg": "02188d0696772a596092829c00a00011b8c89a552ee00fff780f76"}, "df17": {"time": 24699.0859375, "Lat": 25.7744193, "Lon": 114.8102403, "geometric_height": 29050, "TId": null, "gsp": 418.1, "tan": 192.7056885}, "windSpd_kt": 94.864, "windDir_deg": 84.879, "temperature_K": 489.31, "address": "780f76", "createdAt": 