{"time": 25296.268192151, "bds50": {"value": {"rol": -0.7, "tan": 248.027, "gsp": 262, "tanR": 0.0, "tas": 264}, "time": 25295.424886495, "msg": "02188d0697018cd096df807d00a800160fff9b0720e00484780a49"}, "bds60": {"value": {"mhd": 249.609, "ias": 232, "mach": 0.404, "bar": -1248, "ivv": -1152}, "time": 25296.268192151, "msg": "02188d069701bf146997807d00a00005b1d8c9d1197ecfdc780a49"}, "df17": {"time": 25296.109375, "Lat": 22.1445107, "Lon": 114.0192676, "geometric_height": 8675, "TId": "CPA495", "gsp": 261.9, "tan": 248.0383301}, "windSpd_kt": 7.532, "windDir_deg": 143.42, "temperature_K": 562.216, "address": "780a49", "createdAt": "07:01:36.308297"}