{"time": 25187.345037147, "bds50": {"value": {"rol": -0.4, "tan": 195.645, "gsp": 418, "tanR": 0.0, "tas": 456}, "time": 25186.356743099, "msg": "02188d0696e827d8cbbb828f00a8000004ffd8b3346004e4789226"}, "bds60": {"value": {"mhd": 205.312, "ias": 295, "mach": 0.744, "bar": 128, "ivv": 0}, "time": 25187.345037147, "msg": "02188d0696e862c0f75b818d00a8000004c90a4f2ea02400789226"}, "df17": {"time": 25186.7265625, "Lat": 23.7216282, "Lon": 113.9215279, "geometric_height": 29075, "TId": "CRK337", "gsp": 417.5, "tan": 195.6994629}, "windSpd_kt": 82.808, "windDir_deg": 83.268, "temperature_K": 494.586, "address": "789226", "createdAt": "06:59:47.382963"}