{"time": 25257.647396136, "bds50": {"value": {"rol": 6.0, "tan": 142.383, "gsp": 348, "tanR": 0.312, "tas": 346}, "time": 25257.640401952, "msg": "02188d0696f8c0af1c20808b00a800151f8456552ba054ad780e0d"}, "bds60": {"value": {"mhd": 148.008, "ias": 285, "mach": 0.532, "bar": -1312, "ivv": -1120}, "time": 25257.647396136, "msg": "02188d0696f8c119d528808c00a00007b8b4aa3b217ebfdd780e0d"}, "df17": {"time": 25255.3046875, "Lat": 22.4921894, "Lon": 112.8922033, "geometric_height": 12200, "TId": "CSZ9324", "gsp": 351.3, "tan": 141.0095215}, "windSpd_kt": 34.112, "windDir_deg": 58.553, "temperature_K": 556.912, "address": "780e0d", "createdAt": "07:00:57.689474"}