{"time": 24574.039032794, "bds50": {"value": {"rol": 14.9, "tan": 280.547, "gsp": 416, "tanR": 0.688, "tas": 470}, "time": 24574.033395821, "msg": "02188d0696599688006d90a600a00010b58abc793420b4eb7805a1"}, "bds60": {"value": {"mhd": 281.074, "ias": 316, "mach": 0.764, "bar": 1600, "ivv": 1760}, "time": 24574.039032794, "msg": "02188d06965996de03da81a400a00010b5e3fa792fe194377805a1"}, "df17": {"time": 24571.7734375, "Lat": 24.1485071, "Lon": 116.7629957, "geometric_height": 27125, "TId": "CSC8132", "gsp": 414.2, "tan": 275.8227539}, "windSpd_kt": 54.153, "windDir_deg": 105.126, "temperature_K": 498.272, "address": "7805a1", "createdAt": 