{"time": 25128.578521187, "bds50": {"value": {"rol": 0.5, "tan": 39.902, "gsp": 416, "tanR": null, "tas": 396}, "time": 25128.578521187, "msg": "02188d0696dab3ff1863808700a800048c8071c7343ffcc678029d"}, "bds60": {"value": {"mhd": 41.133, "ias": 325, "mach": 0.604, "bar": 32, "ivv": 0}, "time": 25128.316435333, "msg": "02188d0696daa45ffb85808700a800048c8eaa8b25e00c0078029d"}, "df17": {"time": 25128.4296875, "Lat": 22.9897714, "Lon": 114.2864799, "geometric_height": 12450, "TId": "CSZ9847", "gsp": 415.3, "tan": 40.0177002}, "windSpd_kt": 21.818, "windDir_deg": 16.952, "temperature_K": 565.946, "address": "78029d", "createdAt": "06:58:48.616603"}