{"time": 25082.789321633, "bds50": {"value": {"rol": 0.2, "tan": 258.047, "gsp": 390, "tanR": -0.062, "tas": 440}, "time": 25082.789321633, "msg": "02188d0696d00abf5ba1929100a8000a92803b7930fff4dc780a5e"}, "bds60": {"value": {"mhd": 259.102, "ias": 291, "mach": 0.712, "bar": -992, "ivv": -992}, "time": 25082.77694275, "msg": "02188d0696d00a02789e819300a0001111dc2a472cbf0fe1780a5e"}, "df17": {"time": 25080.515625, "Lat": 22.4758387, "Lon": 115.9583974, "geometric_height": 27850, "TId": "CRK237", "gsp": 390.2, "tan": 258.1732178}, "windSpd_kt": 50.578, "windDir_deg": 87.264, "temperature_K": 502.81, "address": "780a5e", "createdAt": "06:58:02.826042"}