{"time": 25175.234153471, "bds50": {"value": {"rol": 1.4, "tan": 193.711, "gsp": 242, "tanR": 0.125, "tas": 254}, "time": 25175.234153471, "msg": "02188d0696e590e38bff809300a8000a8381189d1e60247f780ccb"}, "bds60": {"value": {"mhd": 197.93, "ias": 229, "mach": 0.388, "bar": -832, "ivv": -896}, "time": 25175.021376166, "msg": "02188d0696e58434d2a6828f00a000043ec669cb187f37e4780ccb"}, "df17": {"time": 25174.7890625, "Lat": 23.2646441, "Lon": 113.3812451, "geometric_height": 6500, "TId": "CSN3086", "gsp": 241.9, "tan": 193.6340332}, "windSpd_kt": 21.844, "windDir_deg": 72.523, "temperature_K": 564.238, "address": "780ccb", "createdAt": "06:59:35.280958"}