{"time": 24632.725240495, "bds50": {"value": {"rol": -0.4, "tan": 162.246, "gsp": 418, "tanR": 0.0, "tas": 430}, "time": 24632.725240495, "msg": "02188d06966740d67aaf808c00a8001db0ffd737346004d778074b"}, "bds60": {"value": {"mhd": 169.453, "ias": 301, "mach": 0.692, "bar": -32, "ivv": 32}, "time": 24631.45408879, "msg": "02188d069666f5123e56908e00a0000f10bc4a5b2b7ffc0178074b"}, "df17": {"time": 24631.3359375, "Lat": 22.407496, "Lon": 113.4029174, "geometric_height": 24300, "TId": "CSN6049", "gsp": 417.7, "tan": 162.3010254}, "windSpd_kt": 54.627, "windDir_deg": 63.185, "temperature_K": 508.372, "address": "78074b", "createdAt": 