{"time": 24611.308466318, "bds50": {"value": {"rol": -19.9, "tan": 125.156, "gsp": 426, "tanR": -0.938, "tas": 410}, "time": 24611.308466318, "msg": "02188d069662444c708e818c00a0000db7f1f591357f14cd78921a"}, "bds60": {"value": {"mhd": 130.605, "ias": 293, "mach": 0.652, "bar": 2240, "ivv": 2464}, "time": 24611.289253485, "msg": "02188d0696624327466d818e00a8000b27ae7a4b28e2344d78921a"}, "df17": {"time": 24607.703125, "Lat": 21.8358207, "Lon": 114.7854996, "geometric_height": 22275, "TId": "CPA418", "gsp": 422.8, "tan": 129.3365479}, "windSpd_kt": 42.831, "windDir_deg": 59.79, "temperature_K": 520.632, "address": "78921a", "createdAt": 