{"time": 24697.908554248, "bds50": {"value": {"rol": 0.0, "tan": 145.195, "gsp": 256, "tanR": 0.0, "tas": 264}, "time": 24696.531368903, "msg": "02188d0696761bfabbc7808600a8000a1680167520200484780296"}, "bds60": {"value": {"mhd": 149.59, "ias": 243, "mach": 0.4, "bar": -32, "ivv": 0}, "time": 24697.908554248, "msg": "02188d0696766e10ea08908300a0000392b539e7193ffc00780296"}, "df17": {"time": 24697.8125, "Lat": 22.5968599, "Lon": 113.6766315, "geometric_height": 4925, "TId": "CSN6889", "gsp": 255.8, "tan": 145.1898193}, "windSpd_kt": 21.482, "windDir_deg": 35.545, "temperature_K": 573.516, "address": "780296", "createdAt": 