{"time": 25061.726724524, "bds50": {"value": {"rol": 0.7, "tan": 327.832, "gsp": 212, "tanR": 0.062, "tas": 206}, "time": 25061.726724524, "msg": "02188d0696cb2351a1ac808200a800111d809e931aa01467780a9b"}, "bds60": {"value": {"mhd": 329.941, "ias": 193, "mach": 0.312, "bar": -416, "ivv": -480}, "time": 25061.709111585, "msg": "02188d0696cb2244e121908200a00002bdf5598313bf9ff1780a9b"}, "df17": {"time": 25061.28125, "Lat": 22.1455407, "Lon": 113.7615395, "geometric_height": 3975, "TId": "CPA188", "gsp": 212.5, "tan": 327.8814697}, "windSpd_kt": 9.755, "windDir_deg": -83.165, "temperature_K": 573.962, "address": "780a9b", "createdAt": "06:57:41.764625"}