{"time": 24658.371917129, "bds50": {"value": {"rol": 0.4, "tan": 145.02, "gsp": 252, "tanR": 0.031, "tas": 260}, "time": 24658.36415922, "msg": "02188d06966d390954f4808300a00003928056731fa00c82780296"}, "bds60": {"value": {"mhd": 149.59, "ias": 241, "mach": 0.396, "bar": 32, "ivv": 64}, "time": 24658.371917129, "msg": "02188d06966d397fb549808300a0000392b539e318e00c02780296"}, "df17": {"time": 24657.5703125, "Lat": 22.6356339, "Lon": 113.6476207, "geometric_height": 4925, "TId": "CSN6889", "gsp": 252.7, "tan": 144.9920654}, "windSpd_kt": 21.923, "windDir_deg": 35.92, "temperature_K": 567.562, "address": "780296", "createdAt": 