{"time": 24595.645092831, "bds50": {"value": {"rol": 0.2, "tan": 246.094, "gsp": 404, "tanR": 0.0, "tas": 466}, "time": 24594.516217541, "msg": "02188d06965e5b670ec5828e00a000149c803af132a004e9780ead"}, "bds60": {"value": {"mhd": 249.785, "ias": 280, "mach": 0.776, "bar": -224, "ivv": 0}, "time": 24595.645092831, "msg": "02188d06965e9eb053df818e00a000149cd8da3130bfcc00780ead"}, "df17": {"time": 24595.625, "Lat": 22.0884848, "Lon": 112.9884839, "geometric_height": 33925, "TId": "CXA837", "gsp": 404.7, "tan": 246.09375}, "windSpd_kt": 68.007, "windDir_deg": 92.269, "temperature_K": 474.796, "address": "780ead", "createdAt": 