{"time": 24707.661447634, "bds50": {"value": {"rol": 17.9, "tan": 231.504, "gsp": 420, "tanR": 0.812, "tas": 472}, "time": 24706.97728713, "msg": "02188d0696788a9acbda81a400a800193c8cda4b34a0d4ec7805f8"}, "bds60": {"value": {"mhd": 238.359, "ias": 308, "mach": 0.772, "bar": 0, "ivv": 0}, "time": 24707.661447634, "msg": "02188d069678b36241d2918900a00011b8d4ca69306004007805f8"}, "df17": {"time": 24703.5, "Lat": 23.2388306, "Lon": 113.6528134, "geometric_height": 29075, "TId": "CSN6483", "gsp": 423.4, "tan": 227.8729248}, "windSpd_kt": 74.42, "windDir_deg": 100.705, "temperature_K": 492.16, "address": "7805f8", "createdAt": 