{"time": 25107.101547391, "bds50": {"value": {"rol": 0.0, "tan": 229.395, "gsp": 392, "tanR": 0.031, "tas": 442}, "time": 25107.101547391, "msg": "02188d0696d5b3de7b7f81a000a80016ad801a3331200cdd78109c"}, "bds60": {"value": {"mhd": 233.262, "ias": 257, "mach": 0.748, "bar": 96, "ivv": -32}, "time": 25106.065719259, "msg": "02188d0696d57620ffdb81a700a00015bbd2fa032ee01fff78109c"}, "df17": {"time": 25107.1171875, "Lat": 21.0584092, "Lon": 111.1038136, "geometric_height": 36075, "TId": "CSN6624", "gsp": 392.9, "tan": 229.3341064}, "windSpd_kt": 57.349, "windDir_deg": 80.712, "temperature_K": 459.726, "address": "78109c", "createdAt": "06:58:27.139597"}