{"time": 24678.732702334, "bds50": {"value": {"rol": 0.4, "tan": 263.672, "gsp": 400, "tanR": null, "tas": 448}, "time": 24678.732702334, "msg": "02188d069671f718a27e809300a8001e91805bb9323ffce0780e17"}, "bds60": {"value": {"mhd": 263.848, "ias": 300, "mach": 0.724, "bar": 64, "ivv": 0}, "time": 24678.725348549, "msg": "02188d069671f6a86cc5828c00a0001098ddda592d601400780e17"}, "df17": {"time": 24675.71875, "Lat": 22.9210639, "Lon": 115.5951405, "geometric_height": 27125, "TId": "CDC8835", "gsp": 399.2, "tan": 263.8201904}, "windSpd_kt": 48.018, "windDir_deg": 85.314, "temperature_K": 504.124, "address": "780e17", "createdAt": 