{"time": 25086.12605575, "bds50": {"value": {"rol": 0.2, "tan": 192.305, "gsp": 424, "tanR": 0.0, "tas": 466}, "time": 25086.12605575, "msg": "02188d0696d0d1a1e146819300a000199880388d352004e9780a57"}, "bds60": {"value": {"mhd": 197.402, "ias": 247, "mach": 0.816, "bar": -64, "ivv": 0}, "time": 25084.968831875, "msg": "02188d0696d08ca80b8390a300a0001998c639ef333ff400780a57"}, "df17": {"time": 25086.1484375, "Lat": 19.5309448, "Lon": 113.6762238, "geometric_height": 42325, "TId": "CPA735", "gsp": 424.7, "tan": 192.2387695}, "windSpd_kt": 57.677, "windDir_deg": 58.178, "temperature_K": 429.388, "address": "780a57", "createdAt": "06:58:06.165424"}