{"time": 25063.344314708, "bds50": {"value": {"rol": 0.2, "tan": 213.398, "gsp": 404, "tanR": null, "tas": 438}, "time": 25063.344314708, "msg": "02188d0696cb83bc1954818800a8000f3c80397d32bffcdb70e050"}, "bds60": {"value": {"mhd": 218.145, "ias": 296, "mach": 0.708, "bar": 1728, "ivv": 1984}, "time": 25062.469636262, "msg": "02188d0696cb4f9990a6808f00a0001036cd9a512c61b43e70e050"}, "df17": {"time": 25062.890625, "Lat": 21.3831925, "Lon": 113.9954495, "geometric_height": 26675, "TId": "JCC625", "gsp": 404.1, "tan": 213.4918213}, "windSpd_kt": 48.682, "windDir_deg": 81.52, "temperature_K": 503.894, "address": "70e050", "createdAt": "06:57:43.389974"}