{"time": 24605.523495521, "bds50": {"value": {"rol": 0.0, "tan": 192.656, "gsp": 406, "tanR": null, "tas": 460}, "time": 24605.523495521, "msg": "02188d069660eb7cca6191af00a000149c80189132fffce67810e6"}, "bds60": {"value": {"mhd": 203.555, "ias": 280, "mach": 0.772, "bar": 224, "ivv": -32}, "time": 24605.493145048, "msg": "02188d069660e9adadd882af00a000149cc86a3130603fff7810e6"}, "df17": {"time": 24602.0703125, "Lat": 25.2899694, "Lon": 114.6525478, "geometric_height": 33800, "TId": "CQH8895", "gsp": 407.8, "tan": 192.6068115}, "windSpd_kt": 98.252, "windDir_deg": 74.936, "temperature_K": 467.454, "address": "7810e6", "createdAt": 