{"time": 25239.744165228, "bds50": {"value": {"rol": -0.2, "tan": 335.391, "gsp": 202, "tanR": 0.0, "tas": 190}, "time": 25239.322554427, "msg": "02188d0696f47cdaf03b808000a8000e19fffee91960045f780aab"}, "bds60": {"value": {"mhd": 340.137, "ias": 180, "mach": 0.288, "bar": -448, "ivv": -480}, "time": 25239.744165228, "msg": "02188d0696f495fc356c908700a0000292f8f969123f97f1780aab"}, "df17": {"time": 25239.3828125, "Lat": 22.1987987, "Lon": 113.7411976, "geometric_height": 3300, "TId": "CPA859", "gsp": 201.3, "tan": 335.3466797}, "windSpd_kt": 20.179, "windDir_deg": -75.782, "temperature_K": 573.034, "address": "780aab", "createdAt": "07:00:39.776656"}