{"time": 25064.57461283, "bds50": {"value": {"rol": 1.2, "tan": 83.32, "gsp": 482, "tanR": 0.031, "tas": 432}, "time": 25063.427806032, "msg": "02188d0696cb88b61350828a00a8000a3180f3b53c600cd87813e0"}, "bds60": {"value": {"mhd": 88.066, "ias": 283, "mach": 0.7, "bar": 0, "ivv": 0}, "time": 25064.57461283, "msg": "02188d0696cbcd10f55e809200a00011309f5a372be004007813e0"}, "df17": {"time": 25064.5, "Lat": 22.9783988, "Lon": 113.2549024, "geometric_height": 28100, "TId": "OKA2720", "gsp": 482.1, "tan": 83.4521484}, "windSpd_kt": 62.673, "windDir_deg": 48.548, "temperature_K": 501.452, "address": "7813e0", "createdAt": "06:57:44.617981"}