{"time": 24567.696610956, "bds50": {"value": {"rol": 0.2, "tan": 193.184, "gsp": 452, "tanR": 0.0, "tas": 498}, "time": 24567.440391863, "msg": "02188d0696580d8ebeb7829000a800139780389738a004f976bcc4"}, "bds60": {"value": {"mhd": 200.391, "ias": 273, "mach": 0.86, "bar": 544, "ivv": 32}, "time": 24567.696610956, "msg": "02188d0696581cd4568c818f00a000183cc74a2335e08c0176bcc4"}, "df17": {"time": 24567.265625, "Lat": 21.0725713, "Lon": 113.7440085, "geometric_height": 40350, "TId": "TGW157", "gsp": 452.0, "tan": 193.1726074}, "windSpd_kt": 75.318, "windDir_deg": 69.231, "temperature_K": 441.488, "address": "76bcc4", "createdAt": 