{"time": 24586.051113779, "bds50": {"value": {"rol": 0.7, "tan": 327.129, "gsp": 232, "tanR": 0.062, "tas": 218}, "time": 24586.042462876, "msg": "02188d06965c6253d29c808000a0000314809e8b1d20146d780a0e"}, "bds60": {"value": {"mhd": 329.766, "ias": 203, "mach": 0.328, "bar": -480, "ivv": -480}, "time": 24586.051113779, "msg": "02188d06965c62d7d333908100a0000314f5499714bf8ff1780a0e"}, "df17": {"time": 24585.7109375, "Lat": 22.104578, "Lon": 113.7835121, "geometric_height": 4225, "TId": "CPA110", "gsp": 233.6, "tan": 327.0574951}, "windSpd_kt": 17.41, "windDir_deg": -68.047, "temperature_K": 581.598, "address": "780a0e", "createdAt": 