{"time": 24711.743960372, "bds50": {"value": {"rol": 10.2, "tan": 222.891, "gsp": 406, "tanR": 0.438, "tas": 468}, "time": 24711.743960372, "msg": "02188d069679a6b87534809100a80019918759e932e074ea7809ab"}, "bds60": {"value": {"mhd": 230.449, "ias": 284, "mach": 0.784, "bar": 128, "ivv": 64}, "time": 24711.732448394, "msg": "02188d069679a608cc8a818a00a000149dd1fa39312024027809ab"}, "df17": {"time": 24709.9140625, "Lat": 23.5331869, "Lon": 113.8506532, "geometric_height": 33900, "TId": "CQH8579", "gsp": 408.0, "tan": 219.2321777}, "windSpd_kt": 84.531, "windDir_deg": 89.627, "temperature_K": 469.156, "address": "7809ab", "createdAt": 