{"time": 25282.516213121, "bds50": {"value": {"rol": 2.6, "tan": 18.809, "gsp": 414, "tanR": 0.125, "tas": 396}, "time": 25282.516213121, "msg": "02188d0696fe8b65dd81828e00a800008981f0d733e024c6780d64"}, "bds60": {"value": {"mhd": 17.051, "ias": 297, "mach": 0.62, "bar": 1664, "ivv": 1824}, "time": 25282.204825437, "msg": "02188d0696fe78d6775d818c00a0000bb5861a5326e1a439780d64"}, "df17": {"time": 25281.6171875, "Lat": 23.223896, "Lon": 113.4435582, "geometric_height": 18850, "TId": "CHH7704", "gsp": 413.5, "tan": 18.1713867}, "windSpd_kt": 21.871, "windDir_deg": 52.552, "temperature_K": 537.112, "address": "780d64", "createdAt": "07:01:22.569227"}