{"time": 25289.043489033, "bds50": {"value": {"rol": -0.2, "tan": 181.23, "gsp": 448, "tanR": null, "tas": 464}, "time": 25288.387476078, "msg": "02188d0696ffe95a3a6e818b00a8001db0fff80f383ffce878074b"}, "bds60": {"value": {"mhd": 189.316, "ias": 279, "mach": 0.772, "bar": 0, "ivv": 0}, "time": 25289.043489033, "msg": "02188d06970010743109818a00a0001498c35a2f3060040078074b"}, "df17": {"time": 25288.1484375, "Lat": 21.1650753, "Lon": 113.7877393, "geometric_height": 33900, "TId": "CSN6049", "gsp": 447.1, "tan": 181.1535645}, "windSpd_kt": 66.252, "windDir_deg": 81.333, "temperature_K": 475.618, "address": "78074b", "createdAt": "07:01:29.089690"}