{"time": 24644.765296347, "bds50": {"value": {"rol": -0.2, "tan": 267.891, "gsp": 320, "tanR": -0.094, "tas": 334}, "time": 24644.758181238, "msg": "02188d06966a0e0e9576808700a800160ffffbe9283feca7780a49"}, "bds60": {"value": {"mhd": 269.824, "ias": 266, "mach": 0.512, "bar": -1088, "ivv": -1024}, "time": 24644.765296347, "msg": "02188d06966a0e7b26db808700a0000914dffa15203ef7e0780a49"}, "df17": {"time": 24644.546875, "Lat": 22.2681069, "Lon": 114.870944, "geometric_height": 14275, "TId": "CPA495", "gsp": 321.2, "tan": 268.0389404}, "windSpd_kt": 17.822, "windDir_deg": 127.098, "temperature_K": 560.288, "address": "780a49", "createdAt": 