{"time": 24569.642787698, "bds50": {"value": {"rol": 0.5, "tan": 1.406, "gsp": 480, "tanR": null, "tas": 458}, "time": 24569.642787698, "msg": "02188d06965890d4a372819200a80018bb8070113c3ffce5780e1d"}, "bds60": {"value": {"mhd": 354.375, "ias": 282, "mach": 0.764, "bar": 32, "ivv": 0}, "time": 24568.340082634, "msg": "02188d069658432eefca809800a0001414fe0a352fe00c00780e1d"}, "df17": {"time": 24568.90625, "Lat": 25.8662367, "Lon": 113.5555243, "geometric_height": 32550, "TId": "CCA104", "gsp": 480.1, "tan": 1.4337158}, "windSpd_kt": 61.566, "windDir_deg": 66.995, "temperature_K": 473.154, "address": "780e1d", "createdAt": 