{"time": 24635.626947109, "bds50": {"value": {"rol": 0.7, "tan": 72.773, "gsp": 296, "tanR": 0.094, "tas": 286}, "time": 24635.626947109, "msg": "02188d069667edcb0225828c00a800092680933d25201c8f7811e2"}, "bds60": {"value": {"mhd": 74.707, "ias": 251, "mach": 0.444, "bar": 0, "ivv": -32}, "time": 24634.381430769, "msg": "02188d069667a38deff1818c00a00006139a99f71be007ff7811e2"}, "df17": {"time": 24634.6484375, "Lat": 22.3939991, "Lon": 113.0815029, "geometric_height": 9075, "TId": "CSC8783", "gsp": 296.4, "tan": 72.723999}, "windSpd_kt": 14.016, "windDir_deg": 29.25, "temperature_K": 546.29, "address": "7811e2", "createdAt": 