{"time": 25091.0720695, "bds50": {"value": {"rol": -0.2, "tan": 267.715, "gsp": 266, "tanR": 0.0, "tas": 278}, "time": 25091.0720695, "msg": "02188d0696d1f8700f7c807f00a8200e2efffbe72160048b789211"}, "bds60": {"value": {"mhd": 268.066, "ias": 230, "mach": 0.428, "bar": -640, "ivv": -544}, "time": 25091.064726948, "msg": "02188d0696d1f80005a4807d00a020079bdf59cd1aff67ef789211"}, "df17": {"time": 25090.5625, "Lat": 22.254138, "Lon": 114.4630122, "geometric_height": 11850, "TId": "CRK611", "gsp": 266.1, "tan": 267.8466797}, "windSpd_kt": 12.115, "windDir_deg": 95.796, "temperature_K": 555.468, "address": "789211", "createdAt": "06:58:11.112375"}