{"time": 24673.674844482, "bds50": {"value": {"rol": 0.7, "tan": 175.605, "gsp": 362, "tanR": 0.031, "tas": 364}, "time": 24673.126667967, "msg": "02188d069670a8f356bf808800a00008b08097cf2d600cb670e050"}, "bds60": {"value": {"mhd": 180.703, "ias": 293, "mach": 0.56, "bar": 96, "ivv": 32}, "time": 24673.674844482, "msg": "02188d069670c99fd942808b00a00008b0c04a4b23201c0170e050"}, "df17": {"time": 24672.75, "Lat": 22.0765972, "Lon": 114.0187097, "geometric_height": 13750, "TId": "JCC625", "gsp": 361.0, "tan": 175.7098389}, "windSpd_kt": 32.35, "windDir_deg": 84.613, "temperature_K": 556.268, "address": "70e050", "createdAt": 