{"time": 25089.963933407, "bds50": {"value": {"rol": -4.4, "tan": 321.68, "gsp": 396, "tanR": -0.25, "tas": 394}, "time": 25089.963933407, "msg": "02188d0696d1b6633edf819200a8000d03fcfe4d31bfc4c57c4926"}, "bds60": {"value": {"mhd": 317.988, "ias": 259, "mach": 0.636, "bar": 0, "ivv": 96}, "time": 25089.676814463, "msg": "02188d0696d1a546287f819200a00010b7f11a0727e004037c4926"}, "df17": {"time": 25089.75, "Lat": 21.0527015, "Lon": 115.0134873, "geometric_height": 27475, "TId": "QFA127", "gsp": 395.9, "tan": 321.7675781}, "windSpd_kt": 25.527, "windDir_deg": 45.343, "temperature_K": 505.284, "address": "7c4926", "createdAt": "06:58:10.009050"}