{"time": 25171.99907145, "bds50": {"value": {"rol": 0.2, "tan": 112.148, "gsp": 192, "tanR": null, "tas": 194}, "time": 25171.99907145, "msg": "02188d0696e4d0101cda808c00a80009268034fd183ffc617811e2"}, "bds60": {"value": {"mhd": 117.422, "ias": 179, "mach": 0.292, "bar": -672, "ivv": -608}, "time": 25171.98481649, "msg": "02188d0696e4cf36996a808b00a000033ca9c967127f5fed7811e2"}, "df17": {"time": 25171.1015625, "Lat": 22.4689937, "Lon": 113.7267995, "geometric_height": 4825, "TId": "CSC8783", "gsp": 193.4, "tan": 112.1868896}, "windSpd_kt": 17.871, "windDir_deg": 18.366, "temperature_K": 581.16, "address": "7811e2", "createdAt": "06:59:32.040969"}