{"time": 25279.108661756, "bds50": {"value": {"rol": 0.4, "tan": 64.863, "gsp": 444, "tanR": 0.031, "tas": 394}, "time": 25278.448230296, "msg": "02188d0696fd98ed5f9882aa00a8001e318052e337a00cc57805f5"}, "bds60": {"value": {"mhd": 66.094, "ias": 275, "mach": 0.632, "bar": 0, "ivv": 0}, "time": 25279.108661756, "msg": "02188d0696fdc04ac1fc81aa00a0000eb0978a2727a004007805f5"}, "df17": {"time": 25268.4453125, "Lat": 23.7628698, "Lon": 115.1311183, "geometric_height": 23900, "TId": "DKH1034", "gsp": 445.2, "tan": 64.8742676}, "windSpd_kt": 50.801, "windDir_deg": 55.272, "temperature_K": 511.7, "address": "7805f5", "createdAt": "07:01:19.142712"}