{"time": 25299.733343235, "bds50": {"value": {"rol": 4.7, "tan": 263.672, "gsp": 428, "tanR": 0.156, "tas": 472}, "time": 25299.733343235, "msg": "02188d0697028d9e6c03829600a800160a837bb935a02cec8880ae"}, "bds60": {"value": {"mhd": 264.902, "ias": 286, "mach": 0.788, "bar": -160, "ivv": 0}, "time": 25299.71663287, "msg": "02188d0697028c9f7126829600a000149bde3a3d317fdc008880ae"}, "df17": {"time": 25295.515625, "Lat": 20.5970907, "Lon": 112.2553611, "geometric_height": 33975, "TId": "HVN577", "gsp": 427.1, "tan": 262.0568848}, "windSpd_kt": 45.045, "windDir_deg": 96.671, "temperature_K": 472.378, "address": "8880ae", "createdAt": "07:01:39.771194"}