{"time": 24665.636538171, "bds50": {"value": {"rol": -0.5, "tan": 227.109, "gsp": 376, "tanR": null, "tas": 394}, "time": 24665.012214529, "msg": "02188d06966ec54a9b01808300a800101fffba192f3ffcc5780476"}, "bds60": {"value": {"mhd": 230.098, "ias": 319, "mach": 0.608, "bar": 928, "ivv": 1024}, "time": 24665.636538171, "msg": "02188d06966eea81073b817b00a00008b0d1da7f2620ec20780476"}, "df17": {"time": 24665.5625, "Lat": 22.4753237, "Lon": 113.7612391, "geometric_height": 13625, "TId": "CSZ8909", "gsp": 377.3, "tan": 227.2576904}, "windSpd_kt": 26.964, "windDir_deg": 96.743, "temperature_K": 552.896, "address": "780476", "createdAt": 