{"time": 25027.292472237, "bds50": {"value": {"rol": -0.4, "tan": 112.324, "gsp": 222, "tanR": 0.031, "tas": 222}, "time": 25027.292472237, "msg": "02188d0696c31ee0a3ad817d00a8000435ffd4ff1be00c6f780447"}, "bds60": {"value": {"mhd": 116.543, "ias": 206, "mach": 0.336, "bar": -768, "ivv": -736}, "time": 25026.99336459, "msg": "02188d0696c30d0c9e6e827e00a0000332a9799d153f47e9780447"}, "df17": {"time": 25026.8125, "Lat": 22.480216, "Lon": 113.6961579, "geometric_height": 4575, "TId": "CSZ9902", "gsp": 221.5, "tan": 112.2802734}, "windSpd_kt": 16.343, "windDir_deg": 24.434, "temperature_K": 574.758, "address": "780447", "createdAt": "06:57:07.330560"}