{"time": 25101.866679868, "bds50": {"value": {"rol": -0.4, "tan": 227.637, "gsp": 388, "tanR": null, "tas": 456}, "time": 25101.120535475, "msg": "02188d0696d44f5f7bb3919a00a8001d25ffda1f30bffce4781457"}, "bds60": {"value": {"mhd": 235.371, "ias": 275, "mach": 0.76, "bar": -64, "ivv": 0}, "time": 25101.866679868, "msg": "02188d0696d47bd8be3c819e00a000149cd3ba272fbff400781457"}, "df17": {"time": 25101.75, "Lat": 24.2638636, "Lon": 117.5706625, "geometric_height": 33850, "TId": "HBH3309", "gsp": 388.7, "tan": 227.6092529}, "windSpd_kt": 88.56, "windDir_deg": 91.5, "temperature_K": 473.98, "address": "781457", "createdAt": "06:58:21.911571"}