{"time": 25057.632602222, "bds50": {"value": {"rol": 0.2, "tan": 1.406, "gsp": 458, "tanR": 0.0, "tas": 438}, "time": 25057.632602222, "msg": "02188d0696ca2f4a486e82a300a800100e803011396004db8a02e8"}, "bds60": {"value": {"mhd": 355.605, "ias": 290, "mach": 0.716, "bar": 256, "ivv": -32}, "time": 25057.625235569, "msg": "02188d0696ca2ed9e07181a300a0001131fe7a452ce047ff8a02e8"}, "df17": {"time": 25053.8125, "Lat": 24.9164343, "Lon": 113.4354472, "geometric_height": 28000, "TId": "LNI2619", "gsp": 456.2, "tan": 1.505127}, "windSpd_kt": 49.544, "windDir_deg": 64.729, "temperature_K": 492.698, "address": "8a02e8", "createdAt": "06:57:37.672230"}