{"time": 24629.243367498, "bds50": {"value": {"rol": 0.7, "tan": 204.785, "gsp": 406, "tanR": 0.0, "tas": 440}, "time": 24629.243367498, "msg": "02188d069666714d504a829500a800033b80991b32e004dc780264"}, "bds60": {"value": {"mhd": 213.047, "ias": 315, "mach": 0.704, "bar": -96, "ivv": -32}, "time": 24629.219692089, "msg": "02188d0696666fe40e39819300a0000e1ccbca772c3fefff780264"}, "df17": {"time": 24627.59375, "Lat": 24.7929454, "Lon": 114.2916942, "geometric_height": 22825, "TId": "CSN3792", "gsp": 406.7, "tan": 204.8620605}, "windSpd_kt": 69.743, "windDir_deg": 89.822, "temperature_K": 514.302, "address": "780264", "createdAt": 