{"time": 24622.590815042, "bds50": {"value": {"rol": 0.7, "tan": 217.266, "gsp": 400, "tanR": 0.031, "tas": 448}, "time": 24622.590815042, "msg": "02188d069664e4c76b42829400a80013bc8099a932200ce078061f"}, "bds60": {"value": {"mhd": 224.297, "ias": 289, "mach": 0.736, "bar": -64, "ivv": 0}, "time": 24622.270460804, "msg": "02188d069664d1af3384829500a0001218cfca432e3ff40078061f"}, "df17": {"time": 24622.34375, "Lat": 23.3844852, "Lon": 116.7213035, "geometric_height": 29600, "TId": "CQH8615", "gsp": 400.1, "tan": 217.3864746}, "windSpd_kt": 70.705, "windDir_deg": 88.125, "temperature_K": 487.818, "address": "78061f", "createdAt": 