{"time": 25049.345131011, "bds50": {"value": {"rol": 0.5, "tan": 62.93, "gsp": 160, "tanR": 0.281, "tas": 166}, "time": 25049.345131011, "msg": "02188d0696c841518203808100a80018278072cd14204c53781319"}, "bds60": {"value": {"mhd": 68.906, "ias": 160, "mach": 0.252, "bar": -192, "ivv": -608}, "time": 25049.334249797, "msg": "02188d0696c840ab7945807f00a00002199889410fffd7ed781319"}, "df17": {"time": 25049.2890625, "Lat": 22.4695945, "Lon": 113.8410401, "geometric_height": 2700, "TId": "TBA9847", "gsp": 159.7, "tan": 62.7923584}, "windSpd_kt": 18.019, "windDir_deg": -43.505, "temperature_K": 571.312, "address": "781319", "createdAt": "06:57:29.381401"}