{"time": 25301.757338202, "bds50": {"value": {"rol": 0.4, "tan": 181.758, "gsp": 448, "tanR": 0.0, "tas": 492}, "time": 25301.757338202, "msg": "02188d0697030642225a919800a8001b10805815382004f6780abd"}, "bds60": {"value": {"mhd": 193.359, "ias": 301, "mach": 0.828, "bar": -96, "ivv": 0}, "time": 25301.577241085, "msg": "02188d069702fb8611fd919900a000149cc4ca5b33ffec00780abd"}, "df17": {"time": 25299.5390625, "Lat": 25.260551, "Lon": 113.9122581, "geometric_height": 33625, "TId": "CPA278", "gsp": 448.2, "tan": 181.6644287}, "windSpd_kt": 104.601, "windDir_deg": 72.819, "temperature_K": 464.866, "address": "780abd", "createdAt": "07:01:41.800795"}