{"time": 24685.402770478, "bds50": {"value": {"rol": 0.4, "tan": 150.293, "gsp": 428, "tanR": 0.031, "tas": 432}, "time": 24685.39350738, "msg": "02188d069673841c7434818c00a000103b8056af35a00cd87809df"}, "bds60": {"value": {"mhd": 158.73, "ias": 290, "mach": 0.7, "bar": 928, "ivv": 992}, "time": 24685.402770478, "msg": "02188d06967384a9cc2e808b00a000103bb87a452be0ec1f7809df"}, "df17": {"time": 24684.96875, "Lat": 21.9078755, "Lon": 113.6012292, "geometric_height": 26700, "TId": "CSN319", "gsp": 427.4, "tan": 150.2545166}, "windSpd_kt": 63.387, "windDir_deg": 60.903, "temperature_K": 501.452, "address": "7809df", "createdAt": 