{"time": 25227.336346806, "bds50": {"value": {"rol": 20.7, "tan": 204.609, "gsp": 404, "tanR": 1.0, "tas": 438}, "time": 25227.336346806, "msg": "02188d0696f1b26becb6908e00a8001a368ed91932a104db880456"}, "bds60": {"value": {"mhd": 210.938, "ias": 304, "mach": 0.704, "bar": 1120, "ivv": 1120}, "time": 25227.305708626, "msg": "02188d0696f1b0986c52809100a0000f36cb0a612c211c23880456"}, "df17": {"time": 25227.1953125, "Lat": 21.4289618, "Lon": 114.0255976, "geometric_height": 24975, "TId": "AIQ763", "gsp": 403.4, "tan": 203.5162354}, "windSpd_kt": 57.558, "windDir_deg": 81.63, "temperature_K": 509.636, "address": "880456", "createdAt": "07:00:27.383619"}