{"time": 24614.331203589, "bds50": {"value": {"rol": 0.2, "tan": 281.25, "gsp": 238, "tanR": null, "tas": 226}, "time": 24614.331203589, "msg": "02188d069662f877c005907f00a800180a803c811dfffc717801c2"}, "bds60": {"value": {"mhd": 280.371, "ias": 210, "mach": 0.344, "bar": -544, "ivv": -544}, "time": 24613.716462811, "msg": "02188d069662d3d38cdb817b00a800180ae3b9a515bf7fef7801c2"}, "df17": {"time": 24613.1953125, "Lat": 22.062242, "Lon": 113.8829255, "geometric_height": 4700, "TId": "HDA207", "gsp": 237.5, "tan": 281.1676025}, "windSpd_kt": 12.516, "windDir_deg": -62.669, "temperature_K": 568.274, "address": "7801c2", "createdAt": 