{"time": 25113.724261522, "bds50": {"value": {"rol": -4.2, "tan": 316.934, "gsp": 380, "tanR": -0.25, "tas": 382}, "time": 25113.724261522, "msg": "02188d0696d73e9d1492819000a8000d03fd1e172fbfc4bf7c4926"}, "bds60": {"value": {"mhd": 312.891, "ias": 252, "mach": 0.62, "bar": 0, "ivv": -32}, "time": 25113.498194175, "msg": "02188d0696d7312390ff819000a00010b8ef49f926e007ff7c4926"}, "df17": {"time": 25113.671875, "Lat": 21.0853171, "Lon": 114.9835539, "geometric_height": 27500, "TId": "QFA127", "gsp": 380.8, "tan": 317.1313477}, "windSpd_kt": 26.953, "windDir_deg": 49.165, "temperature_K": 499.806, "address": "7c4926", "createdAt": "06:58:33.761974"}