{"time": 24641.966117398, "bds50": {"value": {"rol": -2.1, "tan": 220.254, "gsp": 240, "tanR": null, "tas": 246}, "time": 24641.966117398, "msg": "02188d06966967a31216808400a8001f2efe99cb1e00047b780170"}, "bds60": {"value": {"mhd": 220.957, "ias": 214, "mach": 0.38, "bar": -640, "ivv": -672}, "time": 24641.375375027, "msg": "02188d069669446d0eb3827a00a0000614ce99ad17ff67eb780170"}, "df17": {"time": 24641.7734375, "Lat": 22.1011448, "Lon": 114.004612, "geometric_height": 9125, "TId": "CPA543", "gsp": 241.0, "tan": 220.6274414}, "windSpd_kt": 6.7, "windDir_deg": 67.03, "temperature_K": 551.774, "address": "780170", "createdAt": 