{"time": 25051.270891169, "bds50": {"value": {"rol": -0.5, "tan": 64.688, "gsp": 492, "tanR": 0.0, "tas": 442}, "time": 25050.777846524, "msg": "02188d0696c896b702fc808b00a800153dffb2e13da004dd7810b1"}, "bds60": {"value": {"mhd": 66.27, "ias": 290, "mach": 0.716, "bar": -352, "ivv": -512}, "time": 25051.270891169, "msg": "02188d0696c8b41a46a1828600a0001130979a452cffaff07810b1"}, "df17": {"time": 25050.8125, "Lat": 22.9587221, "Lon": 114.9299097, "geometric_height": 28125, "TId": "GCR7441", "gsp": 493.3, "tan": 64.6820068}, "windSpd_kt": 51.631, "windDir_deg": 51.017, "temperature_K": 501.738, "address": "7810b1", "createdAt": "06:57:31.311275"}