{"time": 25200.649187074, "bds50": {"value": {"rol": 0.0, "tan": 265.957, "gsp": 350, "tanR": -0.094, "tas": 380}, "time": 25200.221274488, "msg": "02188d0696eb623cc178908800a800178d801bd32bffecbe899029"}, "bds60": {"value": {"mhd": 268.242, "ias": 290, "mach": 0.592, "bar": -2240, "ivv": -2048}, "time": 25200.649187074, "msg": "02188d0696eb7bbe2f02908e00a0000b14df6a45253dd7c0899029"}, "df17": {"time": 25200.5, "Lat": 22.3544741, "Lon": 114.2226648, "geometric_height": 17775, "TId": "TTW371", "gsp": 349.8, "tan": 265.9020996}, "windSpd_kt": 33.339, "windDir_deg": 112.986, "temperature_K": 542.478, "address": "899029", "createdAt": "07:00:00.675570"}