{"time": 24736.870273698, "bds50": {"value": {"rol": 0.0, "tan": 267.715, "gsp": 264, "tanR": null, "tas": 278}, "time": 24736.870273698, "msg": "02188d06967f805d92a2807c00a8001798801be7213ffc8b8990f5"}, "bds60": {"value": {"mhd": 268.242, "ias": 230, "mach": 0.424, "bar": 0, "ivv": 0}, "time": 24736.863051292, "msg": "02188d06967f7fef5e1c807d00a0000790df69cd1aa004008990f5"}, "df17": {"time": 24736.7890625, "Lat": 22.2509837, "Lon": 114.3814087, "geometric_height": 11575, "TId": "CAL7863", "gsp": 264.1, "tan": 267.8302002}, "windSpd_kt": 14.22, "windDir_deg": 98.074, "temperature_K": 565.998, "address": "8990f5", "createdAt": 