{"time": 25069.605019443, "bds50": {"value": {"rol": -24.4, "tan": 70.137, "gsp": 354, "tanR": -1.438, "tas": 338}, "time": 25069.596570637, "msg": "02188d0696ccf865f40d807d00a000073beeb31f2c7e94a9780239"}, "bds60": {"value": {"mhd": 69.785, "ias": 282, "mach": 0.516, "bar": 2464, "ivv": 2528}, "time": 25069.605019443, "msg": "02188d0696ccf8e6df33807b00a000073b98da3520626c4f780239"}, "df17": {"time": 25069.09375, "Lat": 22.3320937, "Lon": 114.3374634, "geometric_height": 11400, "TId": "HDA704", "gsp": 353.1, "tan": 70.1257324}, "windSpd_kt": 16.141, "windDir_deg": 77.529, "temperature_K": 564.926, "address": "780239", "createdAt": "06:57:49.642440"}