{"time": 24658.791507648, "bds50": {"value": {"rol": -0.4, "tan": 251.016, "gsp": 450, "tanR": null, "tas": 482}, "time": 24658.791507648, "msg": "02188d06966d528226c0809800a80018acffdb29387ffcf14bb474"}, "bds60": {"value": {"mhd": 251.895, "ias": 342, "mach": 0.768, "bar": 1408, "ivv": 1472}, "time": 24657.531457577, "msg": "02188d06966d07675029819000a0000e3fd99aad3021642e4bb474"}, "df17": {"time": 24658.6328125, "Lat": 21.0008597, "Lon": 113.5208058, "geometric_height": 23400, "TId": "SVA987", "gsp": 450.2, "tan": 251.081543}, "windSpd_kt": 32.788, "windDir_deg": 84.049, "temperature_K": 518.596, "address": "4bb474", "createdAt": 