{"time": 25018.682072993, "bds50": {"value": {"rol": -0.2, "tan": 268.418, "gsp": 386, "tanR": 0.031, "tas": 436}, "time": 25018.185657273, "msg": "02188d0696c10011abb9829100a8001ab0fffbef30600cda789207"}, "bds60": {"value": {"mhd": 269.648, "ias": 270, "mach": 0.72, "bar": -832, "ivv": -896}, "time": 25018.682072993, "msg": "02188d0696c11da85fa1809700a000133cdfea1d2d3f37e4789207"}, "df17": {"time": 25018.4453125, "Lat": 22.3059154, "Lon": 116.19205, "geometric_height": 31875, "TId": "HKE619", "gsp": 385.2, "tan": 268.5113525}, "windSpd_kt": 50.77, "windDir_deg": 99.041, "temperature_K": 482.798, "address": "789207", "createdAt": "06:56:58.713319"}