{"time": 25030.540013495, "bds50": {"value": {"rol": 0.9, "tan": 70.84, "gsp": 136, "tanR": 0.031, "tas": 142}, "time": 25030.531212996, "msg": "02188d0696c3dfebe6c4808100a000013180b32711200c477801c2"}, "bds60": {"value": {"mhd": 70.137, "ias": 139, "mach": 0.216, "bar": -672, "ivv": -704}, "time": 25030.540013495, "msg": "02188d0696c3e0722fb7808200a000013198f9170dbf5fea7801c2"}, "df17": {"time": 25030.4921875, "Lat": 22.2908092, "Lon": 113.835547, "geometric_height": 1250, "TId": "HDA207", "gsp": 135.4, "tan": 71.0321045}, "windSpd_kt": 6.238, "windDir_deg": -125.379, "temperature_K": 569.02, "address": "7801c2", "createdAt": "06:57:10.565614"}