{"time": 25078.159554927, "bds50": {"value": {"rol": -0.2, "tan": 195.293, "gsp": 404, "tanR": null, "tas": 448}, "time": 25076.815267748, "msg": "02188d0696cea6aa87a4809500a8000f04fff8af32bffce07801a3"}, "bds60": {"value": {"mhd": 205.84, "ias": 270, "mach": 0.748, "bar": 0, "ivv": 0}, "time": 25078.159554927, "msg": "02188d0696cef6cab96f818c00a000149cc93a1d2ee004007801a3"}, "df17": {"time": 25078.1796875, "Lat": 24.0277433, "Lon": 114.0152335, "geometric_height": 33800, "TId": "HDA901", "gsp": 403.2, "tan": 195.2435303}, "windSpd_kt": 89.731, "windDir_deg": 81.339, "temperature_K": 472.292, "address": "7801a3", "createdAt": "06:57:58.199585"}