{"time": 25010.456980845, "bds50": {"value": {"rol": 0.0, "tan": 132.012, "gsp": 412, "tanR": 0.0, "tas": 396}, "time": 25010.456980845, "msg": "02188d0696bf33676d6d818b00a8000dae8015df33a004c678018d"}, "bds60": {"value": {"mhd": 137.812, "ias": 298, "mach": 0.62, "bar": 1888, "ivv": 1824}, "time": 25010.446680032, "msg": "02188d0696bf32ca3fe0818b00a0000b9fb10a5526e1dc3978018d"}, "df17": {"time": 25008.859375, "Lat": 21.8489742, "Lon": 114.7692776, "geometric_height": 18700, "TId": "CPA919", "gsp": 411.3, "tan": 131.9458008}, "windSpd_kt": 43.891, "windDir_deg": 66.262, "temperature_K": 537.112, "address": "78018d", "createdAt": "06:56:50.487861"}