{"time": 24571.669215059, "bds50": {"value": {"rol": -0.4, "tan": 40.078, "gsp": 404, "tanR": null, "tas": 384}, "time": 24571.669215059, "msg": "02188d069659099d7753819b00a8000098ffd1c932bffcc078050e"}, "bds60": {"value": {"mhd": 39.727, "ias": 300, "mach": 0.596, "bar": 2432, "ivv": 2272}, "time": 24571.6611255, "msg": "02188d0696590922077c829b00a0000a1a8e2a592562644778050e"}, "df17": {"time": 24570.8515625, "Lat": 23.0351543, "Lon": 114.3287086, "geometric_height": 15975, "TId": "CSZ9805", "gsp": 402.3, "tan": 40.0616455}, "windSpd_kt": 20.145, "windDir_deg": 46.784, "temperature_K": 546.548, "address": "78050e", "createdAt": 