{"time": 25235.202159822, "bds50": {"value": {"rol": -0.2, "tan": 195.645, "gsp": 416, "tanR": 0.0, "tas": 454}, "time": 25234.435477146, "msg": "02188d0696f359900e9a909000a8000004fff8b3342004e3789226"}, "bds60": {"value": {"mhd": 205.137, "ias": 294, "mach": 0.74, "bar": -96, "ivv": 0}, "time": 25235.202159822, "msg": "02188d0696f38742b4ce818a00a00011b8c8fa4d2e7fec00789226"}, "df17": {"time": 25235.1875, "Lat": 23.6315918, "Lon": 113.8940406, "geometric_height": 29075, "TId": "CRK337", "gsp": 416.4, "tan": 195.6060791}, "windSpd_kt": 81.336, "windDir_deg": 82.642, "temperature_K": 495.572, "address": "789226", "createdAt": "07:00:35.242728"}