{"time": 25009.215904193, "bds50": {"value": {"rol": 0.2, "tan": 224.121, "gsp": 406, "tanR": 0.0, "tas": 464}, "time": 25008.261595467, "msg": "02188d0696beb08c814b818b00a000149c8039f732e004e87809ab"}, "bds60": {"value": {"mhd": 230.449, "ias": 281, "mach": 0.776, "bar": -96, "ivv": -32}, "time": 25009.215904193, "msg": "02188d0696bee96e19c1808e00a000149cd1fa3330bfefff7809ab"}, "df17": {"time": 25009.234375, "Lat": 23.1694365, "Lon": 113.3938837, "geometric_height": 33925, "TId": "CQH8579", "gsp": 407.4, "tan": 224.0057373}, "windSpd_kt": 75.23, "windDir_deg": 86.95, "temperature_K": 470.728, "address": "7809ab", "createdAt": "06:56:49.239558"}