{"time": 24661.544378403, "bds50": {"value": {"rol": 0.5, "tan": 339.961, "gsp": 206, "tanR": 0.062, "tas": 190}, "time": 24661.517615379, "msg": "02188d06966df4ff4113808600a0000294807f1d19e0145f780a0e"}, "bds60": {"value": {"mhd": 344.707, "ias": 181, "mach": 0.288, "bar": -448, "ivv": -416}, "time": 24661.544378403, "msg": "02188d06966df697a023808600a0000294fa996b123f97f3780a0e"}, "df17": {"time": 24661.4921875, "Lat": 22.1700454, "Lon": 113.7428927, "geometric_height": 3400, "TId": "CPA110", "gsp": 205.0, "tan": 339.4445801}, "windSpd_kt": 22.9, "windDir_deg": -63.391, "temperature_K": 573.034, "address": "780a0e", "createdAt": 