{"time": 24594.484828262, "bds50": {"value": {"rol": -20.7, "tan": 76.992, "gsp": 402, "tanR": -0.938, "tas": 374}, "time": 24593.682587798, "msg": "02188d06965e29b6e096828900a80014b2f1536d327f14bb780fc7"}, "bds60": {"value": {"mhd": 76.465, "ias": 288, "mach": 0.588, "bar": 1536, "ivv": 1472}, "time": 24594.484828262, "msg": "02188d06965e59881866819200a0000ab99b3a4124e1842e780fc7"}, "df17": {"time": 24594.125, "Lat": 23.6440802, "Lon": 114.2931104, "geometric_height": 17250, "TId": "CSN3501", "gsp": 401.0, "tan": 77.7667236}, "windSpd_kt": 28.226, "windDir_deg": 83.992, "temperature_K": 532.656, "address": "780fc7", "createdAt": 