{"time": 25136.275703747, "bds50": {"value": {"rol": -0.2, "tan": 229.395, "gsp": 316, "tanR": null, "tas": 336}, "time": 25136.275703747, "msg": "02188d0696dc7ec8c7c3809400a800100afffa3327bffca8780305"}, "bds60": {"value": {"mhd": 235.723, "ias": 270, "mach": 0.516, "bar": -992, "ivv": -992}, "time": 25135.854652313, "msg": "02188d0696dc65b00b99818d00a00008bad3da1d207f0fe1780305"}, "df17": {"time": 25136.1484375, "Lat": 24.0854216, "Lon": 114.2159057, "geometric_height": 14000, "TId": "CQH8855", "gsp": 315.5, "tan": 229.4989014}, "windSpd_kt": 41.156, "windDir_deg": 113.532, "temperature_K": 558.26, "address": "780305", "createdAt": "06:58:56.312485"}