{"time": 24674.799628333, "bds50": {"value": {"rol": 0.2, "tan": 207.246, "gsp": 226, "tanR": 0.031, "tas": 232}, "time": 24674.792576098, "msg": "02188d0696710c3f1462828900a00003938039371c600c74780ed0"}, "bds60": {"value": {"mhd": 209.883, "ias": 215, "mach": 0.352, "bar": 64, "ivv": 64}, "time": 24674.799628333, "msg": "02188d0696710caab02d828b00a0000393caa9af16201402780ed0"}, "df17": {"time": 24674.1796875, "Lat": 23.057878, "Lon": 113.4214568, "geometric_height": 4975, "TId": "CSN602", "gsp": 225.0, "tan": 207.2460938}, "windSpd_kt": 12.126, "windDir_deg": 88.917, "temperature_K": 571.938, "address": "780ed0", "createdAt": 