{"time": 25019.793718222, "bds50": {"value": {"rol": 0.5, "tan": 225.703, "gsp": 424, "tanR": 0.0, "tas": 472}, "time": 25019.793718222, "msg": "02188d0696c15feabbce908c00a00011b8807a09352004ec7805f8"}, "bds60": {"value": {"mhd": 230.801, "ias": 308, "mach": 0.772, "bar": 32, "ivv": 0}, "time": 25019.435754669, "msg": "02188d0696c14a94a4ad908a00a00011b8d21a6930600c007805f8"}, "df17": {"time": 25019.40625, "Lat": 22.849524, "Lon": 113.1434083, "geometric_height": 29100, "TId": "CSN6483", "gsp": 423.6, "tan": 225.670166}, "windSpd_kt": 62.349, "windDir_deg": 87.979, "temperature_K": 492.16, "address": "7805f8", "createdAt": "06:56:59.818996"}