{"time": 25282.533031265, "bds50": {"value": {"rol": 0.4, "tan": 168.047, "gsp": 254, "tanR": -0.062, "tas": 258}, "time": 25282.533031265, "msg": "02188d0696fe8c667d61828a00a8001d908057791ffff481780f53"}, "bds60": {"value": {"mhd": 172.266, "ias": 230, "mach": 0.396, "bar": -1184, "ivv": -1344}, "time": 25282.52579764, "msg": "02188d0696fe8bf81d08908f00a0000516bd49cd18fedfd6780f53"}, "df17": {"time": 25282.296875, "Lat": 22.745626, "Lon": 113.5138321, "geometric_height": 7550, "TId": "CUA5867", "gsp": 253.6, "tan": 167.9370117}, "windSpd_kt": 19.266, "windDir_deg": 68.182, "temperature_K": 558.864, "address": "780f53", "createdAt": "07:01:22.583288"}