{"time": 24629.243707823, "bds50": {"value": {"rol": -0.2, "tan": 338.379, "gsp": 342, "tanR": null, "tas": 348}, "time": 24629.243707823, "msg": "02188d069666715281af808c00a8000b24ffff0b2afffcae781549"}, "bds60": {"value": {"mhd": 336.445, "ias": 273, "mach": 0.54, "bar": 576, "ivv": 448}, "time": 24629.22521995, "msg": "02188d0696667038676e808b00a00009b8f7aa2321e0940e781549"}, "df17": {"time": 24628.921875, "Lat": 22.8347611, "Lon": 113.7791133, "geometric_height": 15550, "TId": "CNM1434", "gsp": 341.0, "tan": 338.3239746}, "windSpd_kt": 13.099, "windDir_deg": 94.669, "temperature_K": 546.8, "address": "781549", "createdAt": 