{"time": 24635.649701871, "bds50": {"value": {"rol": -0.2, "tan": 334.336, "gsp": 382, "tanR": 0.0, "tas": 386}, "time": 24635.000931448, "msg": "02188d069667c87ac478818a00a80013a7fffedd2fe004c17813f7"}, "bds60": {"value": {"mhd": 334.512, "ias": 310, "mach": 0.596, "bar": -1056, "ivv": -1056}, "time": 24635.649701871, "msg": "02188d069667ef2637ef818a00a00008bef6fa6d257effdf7813f7"}, "df17": {"time": 24635.125, "Lat": 23.0252838, "Lon": 113.8847709, "geometric_height": 14050, "TId": "CSN3092", "gsp": 381.4, "tan": 334.3743896}, "windSpd_kt": 4.17, "windDir_deg": 170.854, "temperature_K": 552.256, "address": "7813f7", "createdAt": 