{"time": 25036.709567077, "bds50": {"value": {"rol": 0.2, "tan": 225.703, "gsp": 424, "tanR": null, "tas": 472}, "time": 25035.630086127, "msg": "02188d0696c50fd687ef819700a800193c803a09353ffcec7805f8"}, "bds60": {"value": {"mhd": 230.801, "ias": 307, "mach": 0.772, "bar": 0, "ivv": -32}, "time": 25036.709567077, "msg": "02188d0696c5502e1a65908e00a00011b8d21a67306007ff7805f8"}, "df17": {"time": 25035.90625, "Lat": 22.8268433, "Lon": 113.1183243, "geometric_height": 29100, "TId": "CSN6483", "gsp": 423.6, "tan": 225.670166}, "windSpd_kt": 62.349, "windDir_deg": 87.979, "temperature_K": 492.16, "address": "7805f8", "createdAt": "06:57:16.776050"}