{"time": 24588.096320897, "bds50": {"value": {"rol": 0.4, "tan": 275.801, "gsp": 382, "tanR": -0.094, "tas": 456}, "time": 24588.096320897, "msg": "02188d06965cdcbf3581809c00a8000a81805c432fffece4780725"}, "bds60": {"value": {"mhd": 274.922, "ias": 266, "mach": 0.772, "bar": -160, "ivv": 0}, "time": 24588.088228077, "msg": "02188d06965cdc43b8ed919400a00015bde1ca15307fdc00780725"}, "df17": {"time": 24583.921875, "Lat": 24.4149256, "Lon": 114.4950914, "geometric_height": 35950, "TId": "CHB6441", "gsp": 381.9, "tan": 275.7128906}, "windSpd_kt": 74.276, "windDir_deg": 90.397, "temperature_K": 459.36, "address": "780725", "createdAt": 