{"time": 24566.366048271, "bds50": {"value": {"rol": 1.2, "tan": 78.047, "gsp": 284, "tanR": 0.094, "tas": 280}, "time": 24566.054763073, "msg": "02188d069657baf7ba41818900a8001a3680f37923a01c8c880456"}, "bds60": {"value": {"mhd": 82.266, "ias": 250, "mach": 0.428, "bar": 3392, "ivv": 3296}, "time": 24566.366048271, "msg": "02188d069657cd85900f808000a00005109d49f51ae35467880456"}, "df17": {"time": 24565.65625, "Lat": 22.3469853, "Lon": 113.7207055, "geometric_height": 7300, "TId": "AIQ763", "gsp": 283.2, "tan": 77.9754639}, "windSpd_kt": 21.142, "windDir_deg": 1.055, "temperature_K": 563.49, "address": "880456", "createdAt": 