{"time": 24567.454660372, "bds50": {"value": {"rol": -0.4, "tan": 83.672, "gsp": 452, "tanR": null, "tas": 416}, "time": 24567.454660372, "msg": "02188d0696580e687714819b00a8001a25ffd3b938bffcd078046f"}, "bds60": {"value": {"mhd": 87.363, "ias": 308, "mach": 0.656, "bar": 2240, "ivv": 2368}, "time": 24566.418146201, "msg": "02188d069657d0a08399819600a0000c919f1a692922344a78046f"}, "df17": {"time": 24566.8984375, "Lat": 22.785151, "Lon": 115.2534699, "geometric_height": 20100, "TId": "CSZ9073", "gsp": 450.9, "tan": 83.6334229}, "windSpd_kt": 45.564, "windDir_deg": 47.674, "temperature_K": 529.464, "address": "78046f", "createdAt": 