{"time": 25263.290548894, "bds50": {"value": {"rol": -0.2, "tan": 195.469, "gsp": 422, "tanR": null, "tas": 460}, "time": 25262.5995228, "msg": "02188d0696f9e84549f0818f00a000149cfff8b134fffce6780508"}, "bds60": {"value": {"mhd": 204.785, "ias": 278, "mach": 0.768, "bar": 0, "ivv": 0}, "time": 25263.290548894, "msg": "02188d0696fa1175829e818f00a000149cc8da2d30200400780508"}, "df17": {"time": 25263.0859375, "Lat": 23.1292033, "Lon": 113.7422276, "geometric_height": 33875, "TId": "CSN3516", "gsp": 421.2, "tan": 195.4248047}, "windSpd_kt": 81.023, "windDir_deg": 82.258, "temperature_K": 472.336, "address": "780508", "createdAt": "07:01:03.335403"}