{"time": 24669.688085387, "bds50": {"value": {"rol": -0.7, "tan": 333.281, "gsp": 126, "tanR": -0.156, "tas": 132}, "time": 24669.680829174, "msg": "02188d06966fdb9002f6808300a00000b6ff9ed10fffdc427804aa"}, "bds60": {"value": {"mhd": 338.027, "ias": 131, "mach": 0.2, "bar": -608, "ivv": -704}, "time": 24669.688085387, "msg": "02188d06966fdbfebb8b908400a00000b6f839070cbf6fea7804aa"}, "df17": {"time": 24669.09375, "Lat": 22.6002717, "Lon": 113.8145399, "geometric_height": 575, "TId": "CSN6238", "gsp": 125.2, "tan": 333.4350586}, "windSpd_kt": 12.25, "windDir_deg": -143.647, "temperature_K": 573.516, "address": "7804aa", "createdAt": 