{"time": 24585.543392999, "bds50": {"value": {"rol": -0.5, "tan": 112.676, "gsp": 310, "tanR": -0.062, "tas": 312}, "time": 24585.536334843, "msg": "02188d06965c4428ebfb807100a8000daeffb50326fff49c78018d"}, "bds60": {"value": {"mhd": 116.543, "ias": 281, "mach": 0.476, "bar": 896, "ivv": 928}, "time": 24585.543392999, "msg": "02188d06965c44949ee7807000a000049ba97a331de0e41d78018d"}, "df17": {"time": 24585.53125, "Lat": 22.3013234, "Lon": 114.1517043, "geometric_height": 6825, "TId": "CPA919", "gsp": 308.9, "tan": 112.6647949}, "windSpd_kt": 21.081, "windDir_deg": 19.169, "temperature_K": 565.656, "address": "78018d", "createdAt": 