{"time": 25051.325934613, "bds50": {"value": {"rol": -0.2, "tan": 112.148, "gsp": 212, "tanR": null, "tas": 212}, "time": 25051.325934613, "msg": "02188d0696c8b7622c15808200a8000926fff4fd1abffc6a7811e2"}, "bds60": {"value": {"mhd": 117.246, "ias": 195, "mach": 0.324, "bar": -1216, "ivv": -1248}, "time": 25051.030649573, "msg": "02188d0696c8a5c87ae5808300a00003b6a9b987147ed7d97811e2"}, "df17": {"time": 25050.8203125, "Lat": 22.5130033, "Lon": 113.61022, "geometric_height": 5500, "TId": "CSC8783", "gsp": 211.6, "tan": 112.2033691}, "windSpd_kt": 18.857, "windDir_deg": 24.697, "temperature_K": 563.688, "address": "7811e2", "createdAt": "06:57:31.362770"}