{"time": 24713.088493549, "bds50": {"value": {"rol": 0.5, "tan": 70.488, "gsp": 158, "tanR": 0.062, "tas": 166}, "time": 24712.835920613, "msg": "02188d069679e7ce72e5808a00a80002b080732313e01453780ac2"}, "bds60": {"value": {"mhd": 73.828, "ias": 160, "mach": 0.252, "bar": -832, "ivv": -864}, "time": 24713.088493549, "msg": "02188d069679f6dc67ed828900a00001bb9a49410fff37e5780ac2"}, "df17": {"time": 24712.7734375, "Lat": 22.2728062, "Lon": 113.779757, "geometric_height": 2300, "TId": "CRK772", "gsp": 158.2, "tan": 70.4168701}, "windSpd_kt": 12.373, "windDir_deg": -58.103, "temperature_K": 571.312, "address": "780ac2", "createdAt": 