{"time": 24651.144890812, "bds50": {"value": {"rol": 0.0, "tan": 111.973, "gsp": 362, "tanR": null, "tas": 360}, "time": 24651.144890812, "msg": "02188d06966b8abc09bc807300a8000dae8014fb2d7ffcb478018d"}, "bds60": {"value": {"mhd": 115.312, "ias": 320, "mach": 0.552, "bar": 1024, "ivv": 992}, "time": 24651.134236394, "msg": "02188d06966b8a1976ea807300a0000538a90a8122a1041f78018d"}, "df17": {"time": 24650.65625, "Lat": 22.2622275, "Lon": 114.2548084, "geometric_height": 7975, "TId": "CPA919", "gsp": 361.5, "tan": 112.0935059}, "windSpd_kt": 21.13, "windDir_deg": 29.072, "temperature_K": 559.996, "address": "78018d", "createdAt": 