{"time": 24567.083350981, "bds50": {"value": {"rol": 0.0, "tan": 37.266, "gsp": 276, "tanR": 0.031, "tas": 262}, "time": 24567.083350981, "msg": "02188d069657f846bbc5808d00a80018b78011a922a00c83780a71"}, "bds60": {"value": {"mhd": 39.902, "ias": 229, "mach": 0.404, "bar": -480, "ivv": -512}, "time": 24566.080701965, "msg": "02188d069657bc83860d808e00a00005be8e39cb197f8ff0780a71"}, "df17": {"time": 24566.1796875, "Lat": 21.8741012, "Lon": 113.9146829, "geometric_height": 9025, "TId": "HKE553", "gsp": 277.5, "tan": 37.2436523}, "windSpd_kt": 18.682, "windDir_deg": -2.897, "temperature_K": 553.73, "address": "780a71", "createdAt": 