{"time": 25017.949915073, "bds50": {"value": {"rol": 0.2, "tan": 336.27, "gsp": 206, "tanR": null, "tas": 194}, "time": 25017.949915073, "msg": "02188d0696c0f20487c1808500a8001f2e803ef319c00461780170"}, "bds60": {"value": {"mhd": 339.961, "ias": 184, "mach": 0.292, "bar": -928, "ivv": -896}, "time": 25017.932215416, "msg": "02188d0696c0f0f67478808500a0000293f8e971127f1fe4780170"}, "df17": {"time": 25017.625, "Lat": 22.2008157, "Lon": 113.7380004, "geometric_height": 3350, "TId": "CPA543", "gsp": 205.4, "tan": 336.1816406}, "windSpd_kt": 17.601, "windDir_deg": -68.929, "temperature_K": 581.16, "address": "780170", "createdAt": "06:56:57.973395"}