{"time": 24683.620042611, "bds50": {"value": {"rol": -23.0, "tan": 119.004, "gsp": 204, "tanR": -2.281, "tas": 204}, "time": 24683.620042611, "msg": "02188d0696731a678773919d00a8000687efb54b19bdbc6678069e"}, "bds60": {"value": {"mhd": 123.926, "ias": 193, "mach": 0.312, "bar": -320, "ivv": -512}, "time": 24682.505573152, "msg": "02188d069672d7fa1320819a00a00002baac198313bfb7f078069e"}, "df17": {"time": 24682.1953125, "Lat": 22.9434872, "Lon": 113.1506824, "geometric_height": 3950, "TId": "CES9729", "gsp": 203.0, "tan": 124.1619873}, "windSpd_kt": 17.519, "windDir_deg": 31.465, "temperature_K": 562.872, "address": "78069e", "createdAt": 