{"time": 24712.994933607, "bds50": {"value": {"rol": -5.1, "tan": 75.234, "gsp": 468, "tanR": -0.219, "tas": 426}, "time": 24711.924799996, "msg": "02188d069679b17fd9fc819800a0000f13fc73593abfccd578046f"}, "bds60": {"value": {"mhd": 78.398, "ias": 298, "mach": 0.688, "bar": 1920, "ivv": 1920}, "time": 24712.994933607, "msg": "02188d069679f148cb67819a00a0000f159bea552b21e43c78046f"}, "df17": {"time": 24712.3515625, "Lat": 22.8233027, "Lon": 115.5787253, "geometric_height": 24400, "TId": "CSZ9073", "gsp": 468.5, "tan": 75.2838135}, "windSpd_kt": 48.701, "windDir_deg": 46.366, "temperature_K": 504.778, "address": "78046f", "createdAt": 