{"time": 24663.459211609, "bds50": {"value": {"rol": -0.2, "tan": 162.246, "gsp": 418, "tanR": 0.0, "tas": 432}, "time": 24663.459211609, "msg": "02188d06966e68b9a959808c00a8001db0fff737346004d878074b"}, "bds60": {"value": {"mhd": 169.629, "ias": 301, "mach": 0.692, "bar": -32, "ivv": 64}, "time": 24663.451857818, "msg": "02188d06966e6849739a808c00a0000f10bc5a5b2b7ffc0278074b"}, "df17": {"time": 24663.09375, "Lat": 22.3488522, "Lon": 113.4225512, "geometric_height": 24300, "TId": "CSN6049", "gsp": 416.6, "tan": 162.388916}, "windSpd_kt": 56.482, "windDir_deg": 61.617, "temperature_K": 513.114, "address": "78074b", "createdAt": 