{"time": 24595.309524193, "bds50": {"value": {"rol": -0.4, "tan": 77.871, "gsp": 290, "tanR": null, "tas": 284}, "time": 24594.090998289, "msg": "02188d06965e420eba11807e00a00005b1ffd377247ffc8e880456"}, "bds60": {"value": {"mhd": 81.914, "ias": 250, "mach": 0.44, "bar": 2720, "ivv": 2912}, "time": 24595.309524193, "msg": "02188d06965e8aaff4e1807f00a00005b39d29f51ba2ac5b880456"}, "df17": {"time": 24594.8125, "Lat": 22.3549891, "Lon": 113.7613249, "geometric_height": 8650, "TId": "AIQ763", "gsp": 289.4, "tan": 78.0303955}, "windSpd_kt": 21.117, "windDir_deg": 6.389, "temperature_K": 548.516, "address": "880456", "createdAt": 