{"time": 25063.960295127, "bds50": {"value": {"rol": 1.4, "tan": 193.359, "gsp": 274, "tanR": 0.094, "tas": 282}, "time": 25062.97331289, "msg": "02188d0696cb6d9f0f7a808c00a8000a8381189922601c8d780ccb"}, "bds60": {"value": {"mhd": 198.984, "ias": 251, "mach": 0.436, "bar": -768, "ivv": -928}, "time": 25063.960295127, "msg": "02188d0696cba87336d7818400a0000592c6c9f71b7f47e3780ccb"}, "df17": {"time": 25063.203125, "Lat": 23.396759, "Lon": 113.4160066, "geometric_height": 8275, "TId": "CSN3086", "gsp": 273.3, "tan": 193.326416}, "windSpd_kt": 28.428, "windDir_deg": 89.847, "temperature_K": 550.786, "address": "780ccb", "createdAt": "06:57:44.006680"}