{"time": 24687.906963243, "bds50": {"value": {"rol": 0.2, "tan": 250.84, "gsp": 418, "tanR": 0.0, "tas": 468}, "time": 24687.906963243, "msg": "02188d06967419ecbf2b918d00a00015b7803b27346004ea8880ae"}, "bds60": {"value": {"mhd": 252.598, "ias": 274, "mach": 0.788, "bar": 64, "ivv": 32}, "time": 24686.544014928, "msg": "02188d069673c8afce50809600a00015b7d9da25316014018880ae"}, "df17": {"time": 24687.109375, "Lat": 20.9783506, "Lon": 113.4534073, "geometric_height": 35975, "TId": "HVN577", "gsp": 419.0, "tan": 250.916748}, "windSpd_kt": 51.809, "windDir_deg": 86.928, "temperature_K": 464.406, "address": "8880ae", "createdAt": 