{"time": 25085.811921202, "bds50": {"value": {"rol": 9.7, "tan": 178.242, "gsp": 348, "tanR": 0.5, "tas": 354}, "time": 25085.530767958, "msg": "02188d0696d0ae268256807600a8000cb986f7ed2ba084b17801c1"}, "bds60": {"value": {"mhd": 181.758, "ias": 319, "mach": 0.54, "bar": 992, "ivv": 960}, "time": 25085.811921202, "msg": "02188d0696d0bee89132806f00a00004b0c0aa7f21e0fc1e7801c1"}, "df17": {"time": 25085.625, "Lat": 22.1635437, "Lon": 114.085722, "geometric_height": 7000, "TId": "HDA254", "gsp": 348.0, "tan": 178.3520508}, "windSpd_kt": 22.355, "windDir_deg": 74.439, "temperature_K": 565.818, "address": "7801c1", "createdAt": "06:58:05.854939"}