{"time": 24602.243140534, "bds50": {"value": {"rol": -0.2, "tan": 268.066, "gsp": 366, "tanR": -0.062, "tas": 390}, "time": 24601.081442869, "msg": "02188d06965fe2b87235808b00a0000998fffbeb2dfff4c3780a49"}, "bds60": {"value": {"mhd": 270.703, "ias": 307, "mach": 0.6, "bar": -992, "ivv": -992}, "time": 24602.243140534, "msg": "02188d06966027f68bb6829700a0000998e04a6725bf0fe1780a49"}, "df17": {"time": 24600.515625, "Lat": 22.2705317, "Lon": 114.9456596, "geometric_height": 15250, "TId": "CPA495", "gsp": 366.3, "tan": 267.9675293}, "windSpd_kt": 29.636, "windDir_deg": 125.327, "temperature_K": 556.268, "address": "780a49", "createdAt": 