{"time": 24667.651062944, "bds50": {"value": {"rol": -0.2, "tan": 247.324, "gsp": 406, "tanR": null, "tas": 464}, "time": 24667.601663866, "msg": "02188d06966f5fa2777a818b00a800063efffaff32fffce8780ead"}, "bds60": {"value": {"mhd": 251.016, "ias": 281, "mach": 0.776, "bar": -1056, "ivv": -1056}, "time": 24667.651062944, "msg": "02188d06966f62943ca0828d00a0001494d94a3330beffdf780ead"}, "df17": {"time": 24666.671875, "Lat": 22.0363855, "Lon": 112.8562832, "geometric_height": 33750, "TId": "CXA837", "gsp": 406.1, "tan": 247.4121094}, "windSpd_kt": 64.389, "windDir_deg": 94.971, "temperature_K": 470.728, "address": "780ead", "createdAt": 