{"time": 25044.499120681, "bds50": {"value": {"rol": -0.9, "tan": 59.238, "gsp": 466, "tanR": -0.094, "tas": 424}, "time": 25043.261092755, "msg": "02188d0696c6d6ae7393818a00a80001a6ff72a33a7fecd4780a9e"}, "bds60": {"value": {"mhd": 60.996, "ias": 299, "mach": 0.68, "bar": -2752, "ivv": -2528}, "time": 25044.499120681, "msg": "02188d0696c720794229818a00a0000e9a95ba572abd57b1780a9e"}, "df17": {"time": 25044.2421875, "Lat": 21.4244986, "Lon": 113.2250977, "geometric_height": 23950, "TId": "CRK170", "gsp": 466.0, "tan": 59.1394043}, "windSpd_kt": 44.159, "windDir_deg": 42.107, "temperature_K": 511.884, "address": "780a9e", "createdAt": "06:57:24.541936"}