{"time": 24703.120862098, "bds50": {"value": {"rol": 0.2, "tan": 183.516, "gsp": 398, "tanR": 0.0, "tas": 406}, "time": 24703.112992071, "msg": "02188d069677a4465547809700a8000c1580382931e004cb78070b"}, "bds60": {"value": {"mhd": 192.48, "ias": 299, "mach": 0.644, "bar": -960, "ivv": -896}, "time": 24703.120862098, "msg": "02188d069677a4be6b92819000a0000cbcc47a57287f17e478070b"}, "df17": {"time": 24702.8671875, "Lat": 24.5114207, "Lon": 113.9747643, "geometric_height": 20750, "TId": "CSZ9140", "gsp": 397.7, "tan": 183.6035156}, "windSpd_kt": 63.333, "windDir_deg": 90.764, "temperature_K": 523.284, "address": "78070b", "createdAt": 