{"time": 25067.65683099, "bds50": {"value": {"rol": 0.7, "tan": 225.527, "gsp": 424, "tanR": 0.031, "tas": 472}, "time": 25067.65683099, "msg": "02188d0696cc84c7e00e809d00a800193c809a0735200cec7805f8"}, "bds60": {"value": {"mhd": 230.801, "ias": 308, "mach": 0.772, "bar": -32, "ivv": 0}, "time": 25067.350390147, "msg": "02188d0696cc7283f583808d00a00011b8d21a69307ffc007805f8"}, "df17": {"time": 25066.5390625, "Lat": 22.7846146, "Lon": 113.071847, "geometric_height": 29100, "TId": "CSN6483", "gsp": 424.3, "tan": 225.5712891}, "windSpd_kt": 63.234, "windDir_deg": 88.851, "temperature_K": 492.16, "address": "7805f8", "createdAt": "06:57:47.696228"}