{"time": 24679.710859412, "bds50": {"value": {"rol": 0.4, "tan": 339.785, "gsp": 452, "tanR": 0.0, "tas": 454}, "time": 24679.21172583, "msg": "02188d06967213a5f406819000a0001130805f1b38a004e37809e4"}, "bds60": {"value": {"mhd": 335.039, "ias": 301, "mach": 0.74, "bar": 160, "ivv": -32}, "time": 24679.710859412, "msg": "02188d06967231662094809600a0001130f72a5b2e602fff7809e4"}, "df17": {"time": 24678.0234375, "Lat": 23.372426, "Lon": 113.7975025, "geometric_height": 28075, "TId": "CSN8549", "gsp": 451.5, "tan": 339.9169922}, "windSpd_kt": 37.566, "windDir_deg": 70.461, "temperature_K": 495.572, "address": "7809e4", "createdAt": 