{"time": 25018.213713563, "bds50": {"value": {"rol": 0.0, "tan": 237.129, "gsp": 420, "tanR": null, "tas": 488}, "time": 25018.20204302, "msg": "02188d0696c1010bb28c81a600a0001838801a8b34bffcf4abb325"}, "bds60": {"value": {"mhd": 241.172, "ias": 267, "mach": 0.836, "bar": -32, "ivv": 0}, "time": 25018.213713563, "msg": "02188d0696c101bdc69b81a600a0001838d5ca17347ffc00abb325"}, "df17": {"time": 25015.6015625, "Lat": 22.7038908, "Lon": 118.1206656, "geometric_height": 40200, "TId": "PAC237", "gsp": 421.0, "tan": 237.2167969}, "windSpd_kt": 75.127, "windDir_deg": 84.386, "temperature_K": 448.626, "address": "abb325", "createdAt": "06:56:58.241936"}