{"time": 25199.177673168, "bds50": {"value": {"rol": 0.0, "tan": 248.027, "gsp": 262, "tanR": -0.094, "tas": 274}, "time": 25199.177673168, "msg": "02188d0696eb2408a9d0807100a800160f801b0720ffec89780a49"}, "bds60": {"value": {"mhd": 249.609, "ias": 231, "mach": 0.416, "bar": -928, "ivv": -992}, "time": 25199.166638172, "msg": "02188d0696eb2360485c807100a00006b2d8c9cf1a3f1fe1780a49"}, "df17": {"time": 25199.1484375, "Lat": 22.1889925, "Lon": 114.13692, "geometric_height": 10375, "TId": "CPA495", "gsp": 262.4, "tan": 247.835083}, "windSpd_kt": 14.097, "windDir_deg": 100.48, "temperature_K": 571.178, "address": "780a49", "createdAt": "06:59:59.224551"}