{"time": 24631.090035452, "bds50": {"value": {"rol": 0.2, "tan": 83.496, "gsp": 494, "tanR": 0.0, "tas": 424}, "time": 24631.081880452, "msg": "02188d069666dee2cb84928b00a00016948033b73de004d478143e"}, "bds60": {"value": {"mhd": 87.363, "ias": 242, "mach": 0.724, "bar": -32, "ivv": 0}, "time": 24631.090035452, "msg": "02188d069666df5f3afc809100a00016949f19e52d7ffc0078143e"}, "df17": {"time": 24630.21875, "Lat": 22.9947066, "Lon": 113.4100199, "geometric_height": 37050, "TId": "CXA8406", "gsp": 495.3, "tan": 83.5070801}, "windSpd_kt": 76.51, "windDir_deg": 61.549, "temperature_K": 451.556, "address": "78143e", "createdAt": 