{"time": 25243.567411958, "bds50": {"value": {"rol": -0.5, "tan": 69.609, "gsp": 156, "tanR": 0.031, "tas": 166}, "time": 25243.290684843, "msg": "02188d0696f5695fcdab808d00a800111dffb31913a00c53780a9b"}, "bds60": {"value": {"mhd": 72.598, "ias": 160, "mach": 0.252, "bar": -160, "ivv": -128}, "time": 25243.567411958, "msg": "02188d0696f579de52f6808d00a00001ba99d9410fffdffc780a9b"}, "df17": {"time": 25243.4609375, "Lat": 22.2709823, "Lon": 113.7748218, "geometric_height": 2275, "TId": "CPA188", "gsp": 155.6, "tan": 69.7027588}, "windSpd_kt": 13.056, "windDir_deg": -68.863, "temperature_K": 571.312, "address": "780a9b", "createdAt": "07:00:43.602980"}