{"time": 25287.853179745, "bds50": {"value": {"rol": 0.0, "tan": 267.891, "gsp": 266, "tanR": null, "tas": 280}, "time": 25287.445574858, "msg": "02188d0696ffb135f4ca808600a8001981801be9217ffc8c780124"}, "bds60": {"value": {"mhd": 268.594, "ias": 232, "mach": 0.428, "bar": -992, "ivv": -864}, "time": 25287.853179745, "msg": "02188d0696ffc9818361908d00a0000794df89d11aff0fe5780124"}, "df17": {"time": 25287.609375, "Lat": 22.2586656, "Lon": 114.5891833, "geometric_height": 11700, "TId": "HDA865", "gsp": 266.1, "tan": 267.8466797}, "windSpd_kt": 14.395, "windDir_deg": 101.698, "temperature_K": 563.49, "address": "780124", "createdAt": "07:01:27.893264"}