{"time": 25229.924401702, "bds50": {"value": {"rol": 0.4, "tan": 46.23, "gsp": 458, "tanR": 0.0, "tas": 404}, "time": 25229.924401702, "msg": "02188d0696f24cae8226809900a00013be80520f396004ca780f05"}, "bds60": {"value": {"mhd": 46.055, "ias": 246, "mach": 0.672, "bar": 1312, "ivv": 1056}, "time": 25228.525236772, "msg": "02188d0696f1f948f224819100a00013bd9069ed2a214c21780f05"}, "df17": {"time": 25228.4296875, "Lat": 22.5110722, "Lon": 111.9826341, "geometric_height": 32675, "TId": "CDC6004", "gsp": 459.0, "tan": 46.3238525}, "windSpd_kt": 54.016, "windDir_deg": 47.539, "temperature_K": 475.862, "address": "780f05", "createdAt": "07:00:29.960274"}