{"time": 25168.57110549, "bds50": {"value": {"rol": -0.5, "tan": 268.242, "gsp": 354, "tanR": 0.031, "tas": 400}, "time": 25168.562364188, "msg": "02188d0696e403381f1c828d00a8001ab0ffbbed2c600cc8789207"}, "bds60": {"value": {"mhd": 267.891, "ias": 260, "mach": 0.652, "bar": -1248, "ivv": -1312}, "time": 25168.57110549, "msg": "02188d0696e403bd80d2918d00a000113cdf4a0928fecfd7789207"}, "df17": {"time": 25165.0859375, "Lat": 22.2989845, "Lon": 115.925138, "geometric_height": 28575, "TId": "HKE619", "gsp": 354.2, "tan": 268.3795166}, "windSpd_kt": 46.058, "windDir_deg": 85.192, "temperature_K": 495.544, "address": "789207", "createdAt": "06:59:28.609448"}