{"time": 25053.605130049, "bds50": {"value": {"rol": 29.2, "tan": 105.996, "gsp": 234, "tanR": 2.5, "tas": 242}, "time": 25053.605130049, "msg": "02188d0696c93f3bef41808600a8001ca594d4b71d6284798880ca"}, "bds60": {"value": {"mhd": 118.125, "ias": 225, "mach": 0.368, "bar": 1952, "ivv": 1952}, "time": 25053.594827613, "msg": "02188d0696c93e9ebb5d908500a0000336aa09c31721ec3d8880ca"}, "df17": {"time": 25053.625, "Lat": 22.3379946, "Lon": 114.0475273, "geometric_height": 4550, "TId": "HVN593", "gsp": 232.5, "tan": 103.4362793}, "windSpd_kt": 50.914, "windDir_deg": 13.071, "temperature_K": 569.368, "address": "8880ca", "createdAt": "06:57:33.643477"}