{"time": 25190.276124699, "bds50": {"value": {"rol": -0.2, "tan": 229.395, "gsp": 398, "tanR": 0.0, "tas": 434}, "time": 25190.276124699, "msg": "02188d0696e91175d01b829c00a800132bfffa3331e004d9780471"}, "bds60": {"value": {"mhd": 231.68, "ias": 300, "mach": 0.696, "bar": -32, "ivv": 0}, "time": 25189.92746504, "msg": "02188d0696e8fcadb050829a00a0000f38d26a592bbffc00780471"}, "df17": {"time": 25189.828125, "Lat": 20.9936285, "Lon": 111.1050797, "geometric_height": 24900, "TId": "CSZ9751", "gsp": 397.3, "tan": 229.4934082}, "windSpd_kt": 39.632, "windDir_deg": 75.283, "temperature_K": 511.94, "address": "780471", "createdAt": "06:59:50.312212"}