{"time": 24583.229678182, "bds50": {"value": {"rol": -0.7, "tan": 184.219, "gsp": 340, "tanR": null, "tas": 350}, "time": 24582.540938664, "msg": "02188d06965b919ecda8807e00a8000cbcff98312abffcaf76cdb0"}, "bds60": {"value": {"mhd": 186.328, "ias": 324, "mach": 0.532, "bar": -32, "ivv": 0}, "time": 24583.229678182, "msg": "02188d06965bbaac2266807e00a0000398c24a89217ffc0076cdb0"}, "df17": {"time": 24582.875, "Lat": 22.1064878, "Lon": 114.081881, "geometric_height": 5075, "TId": "SIA863", "gsp": 338.8, "tan": 184.2297363}, "windSpd_kt": 16.162, "windDir_deg": 57.058, "temperature_K": 569.864, "address": "76cdb0", "createdAt": 