{"time": 24641.896743269, "bds50": {"value": {"rol": 0.4, "tan": 188.789, "gsp": 328, "tanR": null, "tas": 334}, "time": 24641.896743269, "msg": "02188d0696696380816581a300a8000d8a805865290004a7780bf6"}, "bds60": {"value": {"mhd": 196.875, "ias": 263, "mach": 0.516, "bar": -1536, "ivv": 480}, "time": 24640.988139627, "msg": "02188d0696692d58506b819400a000099bc60a0f207e840f780bf6"}, "df17": {"time": 24641.609375, "Lat": 24.2828107, "Lon": 113.7039256, "geometric_height": 15150, "TId": "CCA1339", "gsp": 328.1, "tan": 188.9428711}, "windSpd_kt": 47.057, "windDir_deg": 95.525, "temperature_K": 551.634, "address": "780bf6", "createdAt": 