{"time": 25176.943143709, "bds50": {"value": {"rol": 0.7, "tan": 245.742, "gsp": 446, "tanR": 0.0, "tas": 486}, "time": 25176.943143709, "msg": "02188d0696e5f6c0ab1d819700a800030a809aed37e004f38880dc"}, "bds60": {"value": {"mhd": 249.258, "ias": 305, "mach": 0.804, "bar": 128, "ivv": null}, "time": 25176.763542347, "msg": "02188d0696e5ec0c2b4b819700a0001338d8aa63326020008880dc"}, "df17": {"time": 25170.2109375, "Lat": 20.8464289, "Lon": 116.7302728, "geometric_height": 31925, "TId": "VJC859", "gsp": 445.8, "tan": 245.9069824}, "windSpd_kt": 49.153, "windDir_deg": 103.07, "temperature_K": 481.08, "address": "8880dc", "createdAt": "06:59:36.981738"}