{"time": 25262.796669813, "bds50": {"value": {"rol": 0.0, "tan": 193.184, "gsp": 390, "tanR": null, "tas": 412}, "time": 25262.788367005, "msg": "02188d0696f9f386d29d919e00a800002980189730fffcce7800a1"}, "bds60": {"value": {"mhd": 203.555, "ias": 290, "mach": 0.66, "bar": -1024, "ivv": -992}, "time": 25262.796669813, "msg": "02188d0696f9f4058375819d00a0000e98c86a45297f07e17800a1"}, "df17": {"time": 25262.7109375, "Lat": 24.6398664, "Lon": 114.0835118, "geometric_height": 23650, "TId": "CCA8261", "gsp": 389.4, "tan": 193.2165527}, "windSpd_kt": 75.724, "windDir_deg": 91.551, "temperature_K": 513.056, "address": "7800a1", "createdAt": "07:01:02.840717"}