{"time": 25014.991860626, "bds50": {"value": {"rol": 0.2, "tan": 192.656, "gsp": 418, "tanR": 0.0, "tas": 462}, "time": 25013.939911024, "msg": "02188d0696c00300b97080a000a80014a1803891346004e778114c"}, "bds60": {"value": {"mhd": 204.258, "ias": 290, "mach": 0.768, "bar": -224, "ivv": 32}, "time": 25014.991860626, "msg": "02188d0696c041b4339290a100a000133cc8aa45303fcc0178114c"}, "df17": {"time": 25014.2734375, "Lat": 25.5509806, "Lon": 114.7545362, "geometric_height": 31625, "TId": "CSN3510", "gsp": 418.1, "tan": 192.7056885}, "windSpd_kt": 99.133, "windDir_deg": 82.253, "temperature_K": 476.452, "address": "78114c", "createdAt": "06:56:55.022561"}