{"time": 24568.161340113, "bds50": {"value": {"rol": 23.2, "tan": 3.34, "gsp": 460, "tanR": 1.0, "tas": 446}, "time": 24568.153457555, "msg": "02188d069658380f4393909300a0000eb890902739a104df780a6a"}, "bds60": {"value": {"mhd": 4.57, "ias": 314, "mach": 0.716, "bar": 704, "ivv": 832}, "time": 24568.161340113, "msg": "02188d06965838878ad1828c00a0000eb881aa752ce0b41a780a6a"}, "df17": {"time": 24567.078125, "Lat": 23.0875754, "Lon": 113.8752437, "geometric_height": 24100, "TId": "CRK270", "gsp": 459.9, "tan": 3.3673096}, "windSpd_kt": 17.045, "windDir_deg": -30.831, "temperature_K": 510.86, "address": "780a6a", "createdAt": 