{"time": 25075.453523913, "bds50": {"value": {"rol": 0.2, "tan": 212.168, "gsp": 404, "tanR": 0.0, "tas": 458}, "time": 25075.453523913, "msg": "02188d0696ce557ff7c9829200a80007bc80396f32a004e578122c"}, "bds60": {"value": {"mhd": 220.781, "ias": 258, "mach": 0.78, "bar": 160, "ivv": 0}, "time": 25075.434695113, "msg": "02188d0696ce5460a9c9829800a000171cce8a0530e02c0078122c"}, "df17": {"time": 25074.703125, "Lat": 23.2182527, "Lon": 113.5960364, "geometric_height": 38125, "TId": "CES5602", "gsp": 403.9, "tan": 212.1569824}, "windSpd_kt": 84.199, "windDir_deg": 86.718, "temperature_K": 453.942, "address": "78122c", "createdAt": "06:57:55.484213"}