{"time": 24703.58758324, "bds50": {"value": {"rol": 0.2, "tan": 262.969, "gsp": 398, "tanR": null, "tas": 466}, "time": 24703.58758324, "msg": "02188d069677c090050880a500a800073b803bb131fffce970801b"}, "bds60": {"value": {"mhd": 262.793, "ias": 272, "mach": 0.784, "bar": 0, "ivv": 0}, "time": 24703.570579252, "msg": "02188d069677bf8c8f34829d00a00015bcdd7a213120040070801b"}, "df17": {"time": 24701.9453125, "Lat": 23.0218506, "Lon": 111.1248207, "geometric_height": 35875, "TId": "LAO922", "gsp": 397.9, "tan": 263.0731201}, "windSpd_kt": 68.013, "windDir_deg": 81.763, "temperature_K": 465.154, "address": "70801b", "createdAt": 