{"time": 24644.980364349, "bds50": {"value": {"rol": 0.4, "tan": 195.469, "gsp": 438, "tanR": null, "tas": 472}, "time": 24644.980364349, "msg": "02188d06966a1b4cd43d808f00a800193c8058b136fffcec7805f8"}, "bds60": {"value": {"mhd": 203.73, "ias": 307, "mach": 0.772, "bar": -32, "ivv": 0}, "time": 24644.972632789, "msg": "02188d06966a1ad6dad5809100a00011b8c87a67307ffc007805f8"}, "df17": {"time": 24644.609375, "Lat": 23.3406472, "Lon": 113.7122083, "geometric_height": 29075, "TId": "CSN6483", "gsp": 436.6, "tan": 195.402832}, "windSpd_kt": 73.799, "windDir_deg": 82.244, "temperature_K": 492.16, "address": "7805f8", "createdAt": 