{"time": 24627.507645701, "bds50": {"value": {"rol": 23.4, "tan": 276.855, "gsp": 190, "tanR": 2.344, "tas": 184}, "time": 24627.507645701, "msg": "02188d06966609d84d05809000a800030f90bc4f17e25c5c780dc0"}, "bds60": {"value": {"mhd": 285.293, "ias": 176, "mach": 0.28, "bar": -96, "ivv": 32}, "time": 24627.047704254, "msg": "02188d069665ee6e26be809900a0000236e5796111bfec01780dc0"}, "df17": {"time": 24627.2890625, "Lat": 23.0134821, "Lon": 113.2616615, "geometric_height": 3000, "TId": "CHH7982", "gsp": 189.6, "tan": 274.8394775}, "windSpd_kt": 28.158, "windDir_deg": -156.657, "temperature_K": 568.562, "address": "780dc0", "createdAt": 