{"time": 24672.547208438, "bds50": {"value": {"rol": 0.4, "tan": 103.008, "gsp": 488, "tanR": null, "tas": 428}, "time": 24671.991063107, "msg": "02188d06967065436243819c00a80016838054953d3ffcd6780650"}, "bds60": {"value": {"mhd": 109.863, "ias": 251, "mach": 0.72, "bar": -1632, "ivv": -1504}, "time": 24672.547208438, "msg": "02188d06967086697cf680a200a0001592a719f72d3e6fd1780650"}, "df17": {"time": 24670.9296875, "Lat": 23.1985974, "Lon": 111.6296768, "geometric_height": 35325, "TId": "CES733", "gsp": 487.4, "tan": 102.925415}, "windSpd_kt": 81.155, "windDir_deg": 63.997, "temperature_K": 465.244, "address": "780650", "createdAt": 