{"time": 24695.187884553, "bds50": {"value": {"rol": 0.5, "tan": 114.609, "gsp": 266, "tanR": 0.062, "tas": 274}, "time": 24695.187884553, "msg": "02188d069675cbe6ca09906f00a82809bb8075192160148978115c"}, "bds60": {"value": {"mhd": 119.883, "ias": 252, "mach": 0.416, "bar": 3456, "ivv": 3456}, "time": 24695.180299911, "msg": "02188d069675cb730e87906f00a028039aaaa9f91a23646c78115c"}, "df17": {"time": 24695, "Lat": 22.3359776, "Lon": 114.0687919, "geometric_height": 5150, "TId": "CCA112", "gsp": 265.9, "tan": 114.4445801}, "windSpd_kt": 26.098, "windDir_deg": 9.415, "temperature_K": 571.178, "address": "78115c", "createdAt": 