{"time": 25197.339262979, "bds50": {"value": {"rol": -0.4, "tan": 336.797, "gsp": 200, "tanR": 0.062, "tas": 190}, "time": 25197.332168272, "msg": "02188d0696eab6087e50828200a8000e19ffdef91920145f780aab"}, "bds60": {"value": {"mhd": 340.137, "ias": 179, "mach": 0.288, "bar": -512, "ivv": -480}, "time": 25197.339262979, "msg": "02188d0696eab674c003808800a00002b3f8f967123f87f1780aab"}, "df17": {"time": 25197.078125, "Lat": 22.1626639, "Lon": 113.7583423, "geometric_height": 3725, "TId": "CPA859", "gsp": 200.2, "tan": 336.763916}, "windSpd_kt": 15.136, "windDir_deg": -70.203, "temperature_K": 573.034, "address": "780aab", "createdAt": "06:59:57.371755"}