{"time": 24593.500944909, "bds50": {"value": {"rol": -0.4, "tan": 237.129, "gsp": 392, "tanR": 0.0, "tas": 452}, "time": 24593.495140522, "msg": "02188d06965e1e8aa8aa819900a8001a1effda8b312004e2789205"}, "bds60": {"value": {"mhd": 243.105, "ias": 264, "mach": 0.764, "bar": 96, "ivv": 0}, "time": 24593.500944909, "msg": "02188d06965e1ee33a0d819a00a00015b8d67a112fe01c00789205"}, "df17": {"time": 24588.625, "Lat": 22.6912308, "Lon": 118.0993152, "geometric_height": 36000, "TId": "HKE601", "gsp": 392.9, "tan": 237.1618652}, "windSpd_kt": 74.336, "windDir_deg": 96.405, "temperature_K": 460.838, "address": "789205", "createdAt": 