{"time": 25019.791697189, "bds50": {"value": {"rol": 0.2, "tan": 44.121, "gsp": 136, "tanR": 0.062, "tas": 148}, "time": 25019.004443876, "msg": "02188d0696c130df5ce4818a00a000019d8031f71120144a780e5a"}, "bds60": {"value": {"mhd": 47.988, "ias": 144, "mach": 0.224, "bar": -864, "ivv": -800}, "time": 25019.791697189, "msg": "02188d0696c15fcbe525918a00a000019d9119210e3f2fe7780e5a"}, "df17": {"time": 25019.2578125, "Lat": 21.923368, "Lon": 113.2882261, "geometric_height": 1950, "TId": "CDG4705", "gsp": 135.1, "tan": 44.0991211}, "windSpd_kt": 15.351, "windDir_deg": -95.322, "temperature_K": 574.758, "address": "780e5a", "createdAt": "06:56:59.813675"}