{"time": 25232.461677021, "bds50": {"value": {"rol": -3.2, "tan": 246.797, "gsp": 264, "tanR": -0.219, "tas": 278}, "time": 25231.116852773, "msg": "02188d0696f293c1de25907f00a8000e2efddaf9213fcc8b789211"}, "bds60": {"value": {"mhd": 248.203, "ias": 230, "mach": 0.424, "bar": 32, "ivv": -32}, "time": 25232.461677021, "msg": "02188d0696f2e3ea41dd807700a0000790d849cd1aa00fff789211"}, "df17": {"time": 25232.28125, "Lat": 22.2420573, "Lon": 114.2770815, "geometric_height": 11550, "TId": "CRK611", "gsp": 263.5, "tan": 246.7419434}, "windSpd_kt": 15.498, "windDir_deg": 92.909, "temperature_K": 565.998, "address": "789211", "createdAt": "07:00:32.504688"}