{"time": 25133.290680991, "bds50": {"value": {"rol": 0.0, "tan": 248.027, "gsp": 262, "tanR": -0.094, "tas": 278}, "time": 25133.283617627, "msg": "02188d0696dbcc712b5b907500a000073e801b0720ffec8b780a49"}, "bds60": {"value": {"mhd": 249.961, "ias": 230, "mach": 0.424, "bar": -736, "ivv": -768}, "time": 25133.290680991, "msg": "02188d0696dbccdcf29f807500a000073ed8e9cd1abf4fe8780a49"}, "df17": {"time": 25133.265625, "Lat": 22.218883, "Lon": 114.2166138, "geometric_height": 11525, "TId": "CPA495", "gsp": 263.0, "tan": 248.1152344}, "windSpd_kt": 18.411, "windDir_deg": 98.663, "temperature_K": 565.998, "address": "780a49", "createdAt": "06:58:53.324040"}