{"time": 24631.45298233, "bds50": {"value": {"rol": -0.5, "tan": 221.836, "gsp": 326, "tanR": null, "tas": 352}, "time": 24630.237868453, "msg": "02188d069666ac9431a5918c00a8001029ffb9dd28fffcb078135d"}, "bds60": {"value": {"mhd": 228.516, "ias": 270, "mach": 0.548, "bar": -992, "ivv": -992}, "time": 24631.45298233, "msg": "02188d069666f5015c3a809400a0000ab5d14a1d227f0fe178135d"}, "df17": {"time": 24631.046875, "Lat": 23.6977458, "Lon": 113.543551, "geometric_height": 17150, "TId": "CSN3759", "gsp": 326.5, "tan": 221.8963623}, "windSpd_kt": 47.266, "windDir_deg": 101.867, "temperature_K": 543.228, "address": "78135d", "createdAt": 