{"time": 24681.668981048, "bds50": {"value": {"rol": 0.5, "tan": 333.281, "gsp": 126, "tanR": -0.062, "tas": 132}, "time": 24680.840478421, "msg": "02188d06967274babed5808300a8000095807ed10ffff4427804aa"}, "bds60": {"value": {"mhd": 338.555, "ias": 132, "mach": 0.2, "bar": -704, "ivv": -704}, "time": 24681.668981048, "msg": "02188d069672a61cb138807f00a8000095f869090cbf57ea7804aa"}, "df17": {"time": 24681.390625, "Lat": 22.6067519, "Lon": 113.8110852, "geometric_height": 425, "TId": "CSN6238", "gsp": 125.2, "tan": 333.4350586}, "windSpd_kt": 13.297, "windDir_deg": -140.873, "temperature_K": 573.516, "address": "7804aa", "createdAt": 