{"time": 24619.217917689, "bds50": {"value": {"rol": -0.4, "tan": 338.027, "gsp": 244, "tanR": 0.094, "tas": 238}, "time": 24619.217917689, "msg": "02188d0696641bbd16f9807800a800111dffdf071ea01c77780a9b"}, "bds60": {"value": {"mhd": 339.785, "ias": 210, "mach": 0.368, "bar": -768, "ivv": -480}, "time": 24619.200670542, "msg": "02188d0696641ab5eb4e907b00a0000597f8d9a5173f47f1780a9b"}, "df17": {"time": 24619.078125, "Lat": 22.1105433, "Lon": 114.1551805, "geometric_height": 8350, "TId": "CPA188", "gsp": 245.0, "tan": 337.9394531}, "windSpd_kt": 9.522, "windDir_deg": -72.04, "temperature_K": 550.702, "address": "780a9b", "createdAt": 