{"time": 25240.655756747, "bds50": {"value": {"rol": 1.1, "tan": 70.488, "gsp": 224, "tanR": 0.0, "tas": 236}, "time": 25239.730662907, "msg": "02188d0696f4952e2dfb808300a80018ad80d3231c200476880858"}, "bds60": {"value": {"mhd": 73.301, "ias": 228, "mach": 0.36, "bar": 3296, "ivv": 3328}, "time": 25240.655756747, "msg": "02188d0696f4cc51fdcb807300a00002189a19c916a33c68880858"}, "df17": {"time": 25240.5859375, "Lat": 22.3248196, "Lon": 113.9856005, "geometric_height": 2625, "TId": "AIQ521", "gsp": 224.8, "tan": 70.5157471}, "windSpd_kt": 16.474, "windDir_deg": -64.841, "temperature_K": 565.818, "address": "880858", "createdAt": "07:00:40.687533"}