{"time": 24634.633703586, "bds50": {"value": {"rol": 0.0, "tan": 145.195, "gsp": 260, "tanR": 0.0, "tas": 268}, "time": 24634.626672772, "msg": "02188d069667b22c0884827e00a000039280167520a00486780296"}, "bds60": {"value": {"mhd": 149.59, "ias": 248, "mach": 0.408, "bar": -32, "ivv": 0}, "time": 24634.633703586, "msg": "02188d069667b29750a2908400a0000392b539f119bffc00780296"}, "df17": {"time": 24634.078125, "Lat": 22.6586151, "Lon": 113.6303473, "geometric_height": 4925, "TId": "CSN6889", "gsp": 259.3, "tan": 145.2062988}, "windSpd_kt": 21.767, "windDir_deg": 35.846, "temperature_K": 568.076, "address": "780296", "createdAt": 