{"time": 25047.241919161, "bds50": {"value": {"rol": -3.9, "tan": 261.035, "gsp": 350, "tanR": -0.25, "tas": 376}, "time": 25046.815099738, "msg": "02188d0696c7aa844b5a808700a8281e91fd5b9b2bffc4bc780e17"}, "bds60": {"value": {"mhd": 263.145, "ias": 289, "mach": 0.584, "bar": -1120, "ivv": -1056}, "time": 25047.241919161, "msg": "02188d0696c7c3f50ab9808400a0280a9add9a4324beefdf780e17"}, "df17": {"time": 25047.203125, "Lat": 22.8496099, "Lon": 114.9076796, "geometric_height": 17025, "TId": "CDC8835", "gsp": 350.2, "tan": 261.12854}, "windSpd_kt": 29.231, "windDir_deg": 109.303, "temperature_K": 545.768, "address": "780e17", "createdAt": "06:57:27.281595"}