{"time": 24596.999396414, "bds50": {"value": {"rol": 0.4, "tan": 227.812, "gsp": 394, "tanR": null, "tas": 462}, "time": 24596.994297049, "msg": "02188d06965eef1b8cd980a700a000149c805a21317ffce7780d67"}, "bds60": {"value": {"mhd": 235.195, "ias": 278, "mach": 0.768, "bar": 64, "ivv": 0}, "time": 24596.999396414, "msg": "02188d06965eef695c3e819c00a000149cd3aa2d30201400780d67"}, "df17": {"time": 24596.0078125, "Lat": 24.2193174, "Lon": 117.5174475, "geometric_height": 33850, "TId": "CSZ9912", "gsp": 394.4, "tan": 227.7740479}, "windSpd_kt": 87.42, "windDir_deg": 90.586, "temperature_K": 476.452, "address": "780d67", "createdAt": 