{"time": 24640.66051075, "bds50": {"value": {"rol": 0.0, "tan": 262.969, "gsp": 390, "tanR": 0.094, "tas": 450}, "time": 24640.397788406, "msg": "02188d0696690a2844f682a200a8000a31801bb130e01ce1888143"}, "bds60": {"value": {"mhd": 262.793, "ias": 272, "mach": 0.756, "bar": 224, "ivv": 0}, "time": 24640.66051075, "msg": "02188d06966919d1181e81a400a000149cdd7a212f603c00888143"}, "df17": {"time": 24640.21875, "Lat": 22.992239, "Lon": 111.0113096, "geometric_height": 33850, "TId": "VJC933", "gsp": 388.9, "tan": 262.9138184}, "windSpd_kt": 60.014, "windDir_deg": 81.649, "temperature_K": 466.486, "address": "888143", "createdAt": 