{"time": 24657.63959346, "bds50": {"value": {"rol": -0.2, "tan": 1.582, "gsp": 476, "tanR": 0.0, "tas": 464}, "time": 24656.767641825, "msg": "02188d06966cd9e068e180a000a8000f38fff0133ba004e8780340"}, "bds60": {"value": {"mhd": 355.957, "ias": 304, "mach": 0.76, "bar": 1728, "ivv": 1728}, "time": 24657.63959346, "msg": "02188d06966d0dd955f480a100a00011b0fe9a612fa1b436780340"}, "df17": {"time": 24657.65625, "Lat": 24.9348879, "Lon": 113.4364343, "geometric_height": 28725, "TId": "AMU016", "gsp": 477.2, "tan": 1.5600586}, "windSpd_kt": 47.655, "windDir_deg": 74.203, "temperature_K": 490.758, "address": "780340", "createdAt": 