{"time": 24613.454044005, "bds50": {"value": {"rol": 0.2, "tan": 146.602, "gsp": 204, "tanR": 0.0, "tas": 208}, "time": 24613.454044005, "msg": "02188d069662c42f5b65908500a80010b480368519a004687812a0"}, "bds60": {"value": {"mhd": 149.766, "ias": 196, "mach": 0.316, "bar": 32, "ivv": 0}, "time": 24613.446821599, "msg": "02188d069662c3c126df908500a00002bab5498913e00c007812a0"}, "df17": {"time": 24613.15625, "Lat": 22.527895, "Lon": 113.7313914, "geometric_height": 3900, "TId": "CHH7709", "gsp": 203.7, "tan": 146.6235352}, "windSpd_kt": 12.057, "windDir_deg": 38.816, "temperature_K": 570.44, "address": "7812a0", "createdAt": 