{"time": 25290.583634323, "bds50": {"value": {"rol": 0.2, "tan": 80.156, "gsp": 292, "tanR": null, "tas": 280}, "time": 25290.583634323, "msg": "02188d0697006c40f193828a00a80004a780339124bffc8c780c37"}, "bds60": {"value": {"mhd": 84.375, "ias": 251, "mach": 0.428, "bar": 928, "ivv": 1024}, "time": 25290.506456982, "msg": "02188d06970067a74f96918d00a00004b89e09f71ae0ec20780c37"}, "df17": {"time": 25289.8671875, "Lat": 23.5570049, "Lon": 113.7507892, "geometric_height": 7125, "TId": "CSN3775", "gsp": 291.1, "tan": 80.3100586}, "windSpd_kt": 24.23, "windDir_deg": 21.929, "temperature_K": 563.49, "address": "780c37", "createdAt": "07:01:30.616521"}