{"time": 25049.74484006, "bds50": {"value": {"rol": 0.0, "tan": 265.957, "gsp": 372, "tanR": 0.094, "tas": 400}, "time": 25049.74484006, "msg": "02188d0696c85924957c808b00a800178d801bd32ea01cc8899029"}, "bds60": {"value": {"mhd": 268.066, "ias": 290, "mach": 0.632, "bar": -2304, "ivv": -2016}, "time": 25049.645099688, "msg": "02188d0696c85332aaa8818f00a0000d34df5a4527bdc7c1899029"}, "df17": {"time": 25049.140625, "Lat": 22.3733783, "Lon": 114.4941688, "geometric_height": 21650, "TId": "TTW371", "gsp": 372.0, "tan": 265.9899902}, "windSpd_kt": 31.394, "windDir_deg": 113.919, "temperature_K": 527.404, "address": "899029", "createdAt": "06:57:29.783078"}