{"time": 24693.936126139, "bds50": {"value": {"rol": -0.9, "tan": 225.527, "gsp": 392, "tanR": null, "tas": 430}, "time": 24693.928382601, "msg": "02188d06967580d4508980a600a0000f38ff7a07313ffcd77811ef"}, "bds60": {"value": {"mhd": 228.691, "ias": 298, "mach": 0.696, "bar": -480, "ivv": -448}, "time": 24693.936126139, "msg": "02188d069675814a78bb80a300a0000f38d15a552bbf8ff27811ef"}, "df17": {"time": 24693.4921875, "Lat": 22.1751738, "Lon": 112.401123, "geometric_height": 24925, "TId": "CHH7072", "gsp": 391.8, "tan": 225.6207275}, "windSpd_kt": 44.248, "windDir_deg": 77.964, "temperature_K": 502.546, "address": "7811ef", "createdAt": 