{"time": 25057.954474509, "bds50": {"value": {"rol": 29.9, "tan": 116.016, "gsp": 234, "tanR": 2.375, "tas": 244}, "time": 25057.947071313, "msg": "02188d0696ca4208b351806b00a000033b9555291d62647a8880ca"}, "bds60": {"value": {"mhd": 127.969, "ias": 227, "mach": 0.372, "bar": 1568, "ivv": 1600}, "time": 25057.954474509, "msg": "02188d0696ca4279aa0d806b00a000033bad89c717618c328880ca"}, "df17": {"time": 25057.953125, "Lat": 22.3359561, "Lon": 114.0523338, "geometric_height": 4700, "TId": "HVN593", "gsp": 234.9, "tan": 116.0211182}, "windSpd_kt": 50.754, "windDir_deg": 20.692, "temperature_K": 566.436, "address": "8880ca", "createdAt": "06:57:37.992132"}