{"time": 24661.320755434, "bds50": {"value": {"rol": 0.5, "tan": 70.488, "gsp": 484, "tanR": null, "tas": 434}, "time": 24661.315828101, "msg": "02188d06966de8f83985819700a00012b48073233cbffcd9780a9e"}, "bds60": {"value": {"mhd": 72.598, "ias": 273, "mach": 0.712, "bar": 32, "ivv": 0}, "time": 24661.320755434, "msg": "02188d06966de94368ea819700a00012b499da232ca00c00780a9e"}, "df17": {"time": 24659.8671875, "Lat": 21.1342406, "Lon": 112.3657179, "geometric_height": 30850, "TId": "CRK170", "gsp": 482.7, "tan": 70.5157471}, "windSpd_kt": 52.772, "windDir_deg": 52.862, "temperature_K": 489.19, "address": "780a9e", "createdAt": 