{"time": 24631.461159794, "bds50": {"value": {"rol": 0.4, "tan": 70.84, "gsp": 282, "tanR": 0.031, "tas": 274}, "time": 24631.461159794, "msg": "02188d069666f57e2372808c00a800182780532723600c89781319"}, "bds60": {"value": {"mhd": 75.059, "ias": 248, "mach": 0.416, "bar": -1344, "ivv": -1184}, "time": 24630.386356628, "msg": "02188d069666b56df194828900a00004389ab9f11a3eb7db781319"}, "df17": {"time": 24631.40625, "Lat": 22.4765468, "Lon": 113.3903003, "geometric_height": 6400, "TId": "TBA9847", "gsp": 282.8, "tan": 70.7958984}, "windSpd_kt": 21.972, "windDir_deg": 4.286, "temperature_K": 571.178, "address": "781319", "createdAt": 