{"time": 24704.168774409, "bds50": {"value": {"rol": 0.0, "tan": 268.418, "gsp": 370, "tanR": null, "tas": 420}, "time": 24702.813280719, "msg": "02188d069677926919cf818d00a8000b1f801bef2e4004d2780172"}, "bds60": {"value": {"mhd": 268.242, "ias": 270, "mach": 0.684, "bar": -544, "ivv": -576}, "time": 24704.168774409, "msg": "02188d069677e3344b09909400a00011bbdf6a1d2aff7fee780172"}, "df17": {"time": 24702.609375, "Lat": 22.306087, "Lon": 116.2025857, "geometric_height": 29275, "TId": "CPA501", "gsp": 370.2, "tan": 268.4509277}, "windSpd_kt": 50.015, "windDir_deg": 86.94, "temperature_K": 496.414, "address": "780172", "createdAt": 