{"time": 24631.521073306, "bds50": {"value": {"rol": -0.2, "tan": 259.805, "gsp": 356, "tanR": null, "tas": 380}, "time": 24630.882481421, "msg": "02188d069666d300350d828a00a8001d80fffb8d2cbffcbe780265"}, "bds60": {"value": {"mhd": 261.211, "ias": 301, "mach": 0.588, "bar": -1056, "ivv": -1024}, "time": 24631.521073306, "msg": "02188d069666f910589a908a00a0000997dcea5b24feffe0780265"}, "df17": {"time": 24631.1171875, "Lat": 22.8096557, "Lon": 114.6409607, "geometric_height": 15125, "TId": "CSN3690", "gsp": 355.5, "tan": 259.9530029}, "windSpd_kt": 25.641, "windDir_deg": 101.129, "temperature_K": 549.882, "address": "780265", "createdAt": 