{"time": 24598.43143763, "bds50": {"value": {"rol": 0.0, "tan": 87.891, "gsp": 496, "tanR": null, "tas": 450}, "time": 24598.43143763, "msg": "02188d06965f44c4933e809d00a8000b328013e93e3ffce171bf80"}, "bds60": {"value": {"mhd": 91.055, "ias": 279, "mach": 0.744, "bar": 1120, "ivv": 1056}, "time": 24598.420660558, "msg": "02188d06965f4420214e909b00a0001393a06a2f2ea11c2171bf80"}, "df17": {"time": 24598.359375, "Lat": 21.934247, "Lon": 115.460515, "geometric_height": 31950, "TId": "JJA2102", "gsp": 496.4, "tan": 87.923584}, "windSpd_kt": 52.882, "windDir_deg": 59.878, "temperature_K": 481.656, "address": "71bf80", "createdAt": 