{"time": 24689.645423871, "bds50": {"value": {"rol": -0.2, "tan": 1.582, "gsp": 474, "tanR": null, "tas": 462}, "time": 24689.645423871, "msg": "02188d069674818b8cff91a400a8000f38fff0133b7ffce7780340"}, "bds60": {"value": {"mhd": 355.957, "ias": 298, "mach": 0.76, "bar": 1472, "ivv": 1376}, "time": 24689.63455053, "msg": "02188d06967480e5a30280a900a0001233fe9a552fa1742b780340"}, "df17": {"time": 24689.296875, "Lat": 25.0046468, "Lon": 113.4384513, "geometric_height": 29650, "TId": "AMU016", "gsp": 474.2, "tan": 1.5710449}, "windSpd_kt": 47.466, "windDir_deg": 74.143, "temperature_K": 486.536, "address": "780340", "createdAt": 