{"time": 25059.238696829, "bds50": {"value": {"rol": 0.9, "tan": 249.434, "gsp": 252, "tanR": null, "tas": 256}, "time": 25057.902719343, "msg": "02188d0696ca3f63f16f807c00a800179880bb171fbffc808990f5"}, "bds60": {"value": {"mhd": 250.137, "ias": 226, "mach": 0.392, "bar": -704, "ivv": -768}, "time": 25059.238696829, "msg": "02188d0696ca8f05577d907c00a0000593d8f9c518bf57e88990f5"}, "df17": {"time": 25058.9140625, "Lat": 22.0815539, "Lon": 114.0198684, "geometric_height": 8300, "TId": "CAL7863", "gsp": 252.2, "tan": 249.34021}, "windSpd_kt": 5.071, "windDir_deg": 107.709, "temperature_K": 561.52, "address": "8990f5", "createdAt": "06:57:39.279229"}