{"time": 25032.873545259, "bds50": {"value": {"rol": 8.8, "tan": 179.121, "gsp": 356, "tanR": 0.5, "tas": 364}, "time": 25032.873545259, "msg": "02188d0696c46b890e2b819100a8000a218657f72ca084b6780d02"}, "bds60": {"value": {"mhd": 187.383, "ias": 280, "mach": 0.568, "bar": 2720, "ivv": 2688}, "time": 25032.013489499, "msg": "02188d0696c43845a55b819300a0000ab1c2aa3123a2ac54780d02"}, "df17": {"time": 25032.4453125, "Lat": 23.374486, "Lon": 113.0624485, "geometric_height": 17050, "TId": "JYH1001", "gsp": 355.1, "tan": 178.3850098}, "windSpd_kt": 52.477, "windDir_deg": 84.506, "temperature_K": 540.71, "address": "780d02", "createdAt": "06:57:12.909120"}