{"time": 24625.653679544, "bds50": {"value": {"rol": 17.6, "tan": 18.281, "gsp": 196, "tanR": 1.75, "tas": 190}, "time": 24625.653679544, "msg": "02188d0696659b5705b8809100a80002b08c90d118a1c45f780ac2"}, "bds60": {"value": {"mhd": 29.18, "ias": 182, "mach": 0.288, "bar": -672, "ivv": -608}, "time": 24625.639631453, "msg": "02188d0696659a80aa5d828a00a00002398a696d123f5fed780ac2"}, "df17": {"time": 24625.5703125, "Lat": 22.2410917, "Lon": 113.7158775, "geometric_height": 3050, "TId": "CRK772", "gsp": 196.0, "tan": 18.4350586}, "windSpd_kt": 37.141, "windDir_deg": -57.015, "temperature_K": 573.034, "address": "780ac2", "createdAt": 