{"time": 24692.704776052, "bds50": {"value": {"rol": 0.2, "tan": 71.016, "gsp": 292, "tanR": 0.031, "tas": 284}, "time": 24692.704776052, "msg": "02188d06967537e58f74808900a8000f3080332924a00c8e780f95"}, "bds60": {"value": {"mhd": 74.004, "ias": 251, "mach": 0.436, "bar": 2912, "ivv": 2720}, "time": 24691.353182202, "msg": "02188d069674e755dffa808500a00005989a59f71b62dc55780f95"}, "df17": {"time": 24692.0859375, "Lat": 22.8138399, "Lon": 113.9002633, "geometric_height": 8375, "TId": "CSH9332", "gsp": 291.8, "tan": 71.0046387}, "windSpd_kt": 17.014, "windDir_deg": 10.546, "temperature_K": 558.626, "address": "780f95", "createdAt": 