{"time": 25123.225875782, "bds50": {"value": {"rol": 1.2, "tan": 64.688, "gsp": 472, "tanR": 0.125, "tas": 424}, "time": 25122.724443359, "msg": "02188d0696d95710f4df908c00a800153d80f2e13b2024d47810b1"}, "bds60": {"value": {"mhd": 67.324, "ias": 289, "mach": 0.684, "bar": -1728, "ivv": -1664}, "time": 25123.225875782, "msg": "02188d0696d974f43546808b00a0000fb697fa432afe57cc7810b1"}, "df17": {"time": 25122.1328125, "Lat": 23.0279446, "Lon": 115.0875378, "geometric_height": 25775, "TId": "GCR7441", "gsp": 473.7, "tan": 64.6270752}, "windSpd_kt": 52.226, "windDir_deg": 42.764, "temperature_K": 505.914, "address": "7810b1", "createdAt": "06:58:43.269178"}