{"time": 25059.333423025, "bds50": {"value": {"rol": 0.5, "tan": 213.398, "gsp": 404, "tanR": 0.031, "tas": 436}, "time": 25059.333423025, "msg": "02188d0696ca94aabfb1808d00a8000f3c80797d32a00cda70e050"}, "bds60": {"value": {"mhd": 218.145, "ias": 295, "mach": 0.708, "bar": 1504, "ivv": 1696}, "time": 25058.237146895, "msg": "02188d0696ca5352e70f808f00a0001031cd9a4f2c617c3570e050"}, "df17": {"time": 25053.9140625, "Lat": 21.3972259, "Lon": 114.0053201, "geometric_height": 26400, "TId": "JCC625", "gsp": 403.0, "tan": 213.2556152}, "windSpd_kt": 47.248, "windDir_deg": 83.186, "temperature_K": 499.304, "address": "70e050", "createdAt": "06:57:39.370190"}