{"time": 24589.157000799, "bds50": {"value": {"rol": -4.7, "tan": 221.309, "gsp": 398, "tanR": -0.281, "tas": 450}, "time": 24589.151288184, "msg": "02188d06965d1ba0bb78909800a80013bcfcb9d731ffbce178061f"}, "bds60": {"value": {"mhd": 227.461, "ias": 290, "mach": 0.736, "bar": -64, "ivv": 0}, "time": 24589.157000799, "msg": "02188d06965d1bf7e65f829200a0001218d0ea452e3ff40078061f"}, "df17": {"time": 24589.0625, "Lat": 23.433516, "Lon": 116.763103, "geometric_height": 29600, "TId": "CQH8615", "gsp": 398.8, "tan": 221.8469238}, "windSpd_kt": 69.042, "windDir_deg": 85.614, "temperature_K": 492.184, "address": "78061f", "createdAt": 