{"time": 24682.455896058, "bds50": {"value": {"rol": 0.2, "tan": 166.465, "gsp": 444, "tanR": null, "tas": 460}, "time": 24682.450152967, "msg": "02188d069672d4ac6e0781a800a00013b880376737bffce678041c"}, "bds60": {"value": {"mhd": 180.527, "ias": 285, "mach": 0.764, "bar": -864, "ivv": -800}, "time": 24682.455896058, "msg": "02188d069672d5040ffa82a800a00013b8c03a3b2fff2fe778041c"}, "df17": {"time": 24680.1484375, "Lat": 26.1063051, "Lon": 113.977983, "geometric_height": 32350, "TId": "AMU005", "gsp": 443.6, "tan": 166.3110352}, "windSpd_kt": 111.789, "windDir_deg": 75.329, "temperature_K": 477.294, "address": "78041c", "createdAt": 