{"time": 25010.432157522, "bds50": {"value": {"rol": 0.4, "tan": 246.094, "gsp": 446, "tanR": -0.062, "tas": 486}, "time": 25010.432157522, "msg": "02188d0696bf31eca752819e00a800030a805af137fff4f38880dc"}, "bds60": {"value": {"mhd": 249.434, "ias": 305, "mach": 0.804, "bar": -352, "ivv": null}, "time": 25010.424061487, "msg": "02188d0696bf31711e2f829d00a0001338d8ba63327fa8008880dc"}, "df17": {"time": 25008.3671875, "Lat": 20.9826422, "Lon": 117.0566225, "geometric_height": 31925, "TId": "VJC859", "gsp": 445.4, "tan": 246.0223389}, "windSpd_kt": 48.336, "windDir_deg": 101.953, "temperature_K": 481.08, "address": "8880dc", "createdAt": "06:56:50.462209"}