{"time": 24562.70529633, "bds50": {"value": {"rol": 1.2, "tan": 184.746, "gsp": 340, "tanR": 0.062, "tas": 352}, "time": 24562.70529633, "msg": "02188d069656f352ebca807d00a8000cbc80f8372aa014b076cdb0"}, "bds60": {"value": {"mhd": 186.68, "ias": 325, "mach": 0.532, "bar": -32, "ivv": 0}, "time": 24561.897724018, "msg": "02188d069656c3305872827b00a8000cbcc26a8b217ffc0076cdb0"}, "df17": {"time": 24562.5859375, "Lat": 22.1383309, "Lon": 114.0846276, "geometric_height": 5050, "TId": "SIA863", "gsp": 340.1, "tan": 184.553833}, "windSpd_kt": 16.744, "windDir_deg": 49.939, "temperature_K": 576.394, "address": "76cdb0", "createdAt": 