{"time": 25138.710400647, "bds50": {"value": {"rol": 0.7, "tan": 64.863, "gsp": 466, "tanR": 0.062, "tas": 418}, "time": 25138.710400647, "msg": "02188d0696dd0fe74e87908f00a800153d8092e33a6014d17810b1"}, "bds60": {"value": {"mhd": 67.324, "ias": 287, "mach": 0.676, "bar": -1856, "ivv": -1568}, "time": 25138.703179836, "msg": "02188d0696dd0f79203c808d00a0000f9597fa3f2a7e37cf7810b1"}, "df17": {"time": 25138.15625, "Lat": 23.0427718, "Lon": 115.121634, "geometric_height": 25350, "TId": "GCR7441", "gsp": 467.1, "tan": 64.9182129}, "windSpd_kt": 51.607, "windDir_deg": 44.511, "temperature_K": 503.404, "address": "7810b1", "createdAt": "06:58:58.755558"}