{"time": 24591.808743249, "bds50": {"value": {"rol": -0.4, "tan": 189.141, "gsp": 402, "tanR": 0.0, "tas": 418}, "time": 24591.808743249, "msg": "02188d06965dba064751919300a8001098ffd869326004d1780add"}, "bds60": {"value": {"mhd": 195.645, "ias": 307, "mach": 0.66, "bar": 2144, "ivv": 1888}, "time": 24591.238602012, "msg": "02188d06965d980a9d1c828f00a0000cb3c59a6729621c3b780add"}, "df17": {"time": 24591.453125, "Lat": 23.0292106, "Lon": 112.9876685, "geometric_height": 20525, "TId": "CES5736", "gsp": 402.1, "tan": 189.1571045}, "windSpd_kt": 49.183, "windDir_deg": 83.44, "temperature_K": 528.108, "address": "780add", "createdAt": 