{"time": 24609.899493266, "bds50": {"value": {"rol": 0.0, "tan": 339.961, "gsp": 460, "tanR": null, "tas": 468}, "time": 24609.899493266, "msg": "02188d069661f051379282a200a800100e801f1d39bffcea8a02e8"}, "bds60": {"value": {"mhd": 332.93, "ias": 279, "mach": 0.788, "bar": 32, "ivv": 0}, "time": 24609.892036374, "msg": "02188d069661efdf6f16819f00a0001534f66a2f31600c008a02e8"}, "df17": {"time": 24609.7265625, "Lat": 23.9699364, "Lon": 113.5028028, "geometric_height": 34900, "TId": "LNI2619", "gsp": 459.9, "tan": 339.911499}, "windSpd_kt": 57.461, "windDir_deg": 74.433, "temperature_K": 464.406, "address": "8a02e8", "createdAt": 