{"time": 24651.267640536, "bds50": {"value": {"rol": 0.2, "tan": 338.027, "gsp": 340, "tanR": null, "tas": 348}, "time": 24651.267640536, "msg": "02188d06966b920d0cd8908d00a00009b9803f072abffcae781549"}, "bds60": {"value": {"mhd": 336.094, "ias": 272, "mach": 0.536, "bar": -128, "ivv": -128}, "time": 24651.143852882, "msg": "02188d06966b8aac3352829000a00009b8f78a2121bfe7fc781549"}, "df17": {"time": 24651.140625, "Lat": 22.867527, "Lon": 113.7641358, "geometric_height": null, "TId": "CNM1434", "gsp": 340.6, "tan": 338.104248}, "windSpd_kt": 14.095, "windDir_deg": 101.637, "temperature_K": 554.992, "address": "781549", "createdAt": 