{"time": 24629.932131341, "bds50": {"value": {"rol": 0.4, "tan": 33.398, "gsp": 486, "tanR": 0.0, "tas": 438}, "time": 24628.673515501, "msg": "02188d0696664f560fed819300a000169080517d3ce004db7809a1"}, "bds60": {"value": {"mhd": 30.938, "ias": 251, "mach": 0.744, "bar": 224, "ivv": -32}, "time": 24629.932131341, "msg": "02188d0696669a5b040d919000a00016908b09f72ea03fff7809a1"}, "df17": {"time": 24628.5703125, "Lat": 22.5308561, "Lon": 116.0347438, "geometric_height": 37025, "TId": "CDG8446", "gsp": 484.5, "tan": 33.2940674}, "windSpd_kt": 51.926, "windDir_deg": 54.624, "temperature_K": 456.31, "address": "7809a1", "createdAt": 