{"time": 24674.522194265, "bds50": {"value": {"rol": 0.5, "tan": 149.941, "gsp": 426, "tanR": null, "tas": 430}, "time": 24674.522194265, "msg": "02188d069670fc216159808a00a8000e218076ab357ffcd77809df"}, "bds60": {"value": {"mhd": 158.379, "ias": 290, "mach": 0.696, "bar": 864, "ivv": 800}, "time": 24673.50195284, "msg": "02188d069670bf51bb48808900a0001034b85a452ba0dc197809df"}, "df17": {"time": 24673.6953125, "Lat": 21.9264364, "Lon": 113.5898352, "geometric_height": 26525, "TId": "CSN319", "gsp": 426.5, "tan": 149.8864746}, "windSpd_kt": 63.101, "windDir_deg": 60.535, "temperature_K": 502.546, "address": "7809df", "createdAt": 