{"time": 24657.950100176, "bds50": {"value": {"rol": -0.2, "tan": 183.867, "gsp": 332, "tanR": 0.0, "tas": 344}, "time": 24657.950100176, "msg": "02188d06966d205b4ad0808800a8000cbcfff82d29a004ac76cdb0"}, "bds60": {"value": {"mhd": 186.328, "ias": 316, "mach": 0.524, "bar": 3488, "ivv": 3296}, "time": 24657.936074542, "msg": "02188d06966d1f85472e808a00a00003bec24a7920e36c6776cdb0"}, "df17": {"time": 24657.7421875, "Lat": 21.9890928, "Lon": 114.0731478, "geometric_height": 5625, "TId": "SIA863", "gsp": 331.8, "tan": 183.9770508}, "windSpd_kt": 18.833, "windDir_deg": 55.526, "temperature_K": 567.43, "address": "76cdb0", "createdAt": 