{"time": 25007.312213933, "bds50": {"value": {"rol": 2.5, "tan": 327.305, "gsp": 240, "tanR": 0.219, "tas": 226}, "time": 25006.414352588, "msg": "02188d0696be4271d0cc808500a800111d81de8d1e203c71780a9b"}, "bds60": {"value": {"mhd": 329.941, "ias": 211, "mach": 0.344, "bar": -1312, "ivv": -1408}, "time": 25007.312213933, "msg": "02188d0696be77f617ad827e00a0000333f559a715bebfd4780a9b"}, "df17": {"time": 25006.6796875, "Lat": 22.0961666, "Lon": 113.7951636, "geometric_height": 4525, "TId": "CPA188", "gsp": 240.2, "tan": 327.2387695}, "windSpd_kt": 17.629, "windDir_deg": -68.823, "temperature_K": 568.274, "address": "780a9b", "createdAt": "06:56:47.340646"}