{"time": 24652.324777951, "bds50": {"value": {"rol": 0.2, "tan": 263.672, "gsp": 336, "tanR": 0.031, "tas": 366}, "time": 24651.500372566, "msg": "02188d06966b9fec4256919800a8000e94803bb92a200cb779a054"}, "bds60": {"value": {"mhd": 267.012, "ias": 280, "mach": 0.572, "bar": -2112, "ivv": -2080}, "time": 24652.324777951, "msg": "02188d06966bd10fafdf808c00a0000b13defa3123fdf7bf79a054"}, "df17": {"time": 24651.640625, "Lat": 22.849052, "Lon": 114.8935819, "geometric_height": 17625, "TId": "CSN6325", "gsp": 335.1, "tan": 263.6608887}, "windSpd_kt": 36.301, "windDir_deg": 119.645, "temperature_K": 539.048, "address": "79a054", "createdAt": 