{"time": 24648.823029262, "bds50": {"value": {"rol": 0.4, "tan": 135.176, "gsp": 486, "tanR": 0.0, "tas": 464}, "time": 24648.823029262, "msg": "02188d06966b00573e0e82a200a80018268056033ce004e8781129"}, "bds60": {"value": {"mhd": 145.898, "ias": 296, "mach": 0.768, "bar": -64, "ivv": 0}, "time": 24648.815806843, "msg": "02188d06966affe9097b80a900a00012b4b3ea51303ff400781129"}, "df17": {"time": 24646.8984375, "Lat": 24.5142961, "Lon": 110.8158946, "geometric_height": 30500, "TId": "CSN8545", "gsp": 486.5, "tan": 135.1647949}, "windSpd_kt": 91.422, "windDir_deg": 64.399, "temperature_K": 480.586, "address": "781129", "createdAt": 