{"time": 24615.42875781, "bds50": {"value": {"rol": -2.1, "tan": 161.016, "gsp": 420, "tanR": -0.094, "tas": 430}, "time": 24615.343953499, "msg": "02188d06966334d5165b828200a8000e21fe972934bfecd77809df"}, "bds60": {"value": {"mhd": 169.277, "ias": 291, "mach": 0.696, "bar": 0, "ivv": 32}, "time": 24615.42875781, "msg": "02188d06966339e31932808a00a0001030bc3a472ba004017809df"}, "df17": {"time": 24615.2734375, "Lat": 22.0304847, "Lon": 113.5370278, "geometric_height": 26425, "TId": "CSN319", "gsp": 419.7, "tan": 161.0925293}, "windSpd_kt": 62.031, "windDir_deg": 65.894, "temperature_K": 502.546, "address": "7809df", "createdAt": 