{"time": 25060.02815164, "bds50": {"value": {"rol": -19.9, "tan": 1.582, "gsp": 390, "tanR": -1.094, "tas": 380}, "time": 25058.885430488, "msg": "02188d0696ca79f6ecd8919c00a8000b24f1f01330feecbe781549"}, "bds60": {"value": {"mhd": 354.727, "ias": 281, "mach": 0.596, "bar": 960, "ivv": 1120}, "time": 25060.02815164, "msg": "02188d0696cabe137758809500a0000c39fe2a332560f423781549"}, "df17": {"time": 25059.046875, "Lat": 23.3857512, "Lon": 113.4987473, "geometric_height": 19750, "TId": "CNM1434", "gsp": 390.2, "tan": 1.6149902}, "windSpd_kt": 47.105, "windDir_deg": 75.92, "temperature_K": 535.22, "address": "781549", "createdAt": "06:57:40.065354"}