{"time": 25208.053969737, "bds50": {"value": {"rol": 0.7, "tan": 289.336, "gsp": 370, "tanR": 0.0, "tas": 396}, "time": 25208.053969737, "msg": "02188d0696ed351a3349808200a8000caf809cdd2e6004c6780239"}, "bds60": {"value": {"mhd": 290.391, "ias": 310, "mach": 0.616, "bar": 3072, "ivv": 2976}, "time": 25207.049946746, "msg": "02188d0696ecf942067a808100a0000a1de74a6d26a3045d780239"}, "df17": {"time": 25207.65625, "Lat": 22.4909878, "Lon": 114.2787766, "geometric_height": 16150, "TId": "HDA704", "gsp": 370.9, "tan": 289.3634033}, "windSpd_kt": 26.938, "windDir_deg": 125.04, "temperature_K": 544.11, "address": "780239", "createdAt": "07:00:08.094224"}