{"time": 24703.994425123, "bds50": {"value": {"rol": -7.6, "tan": 78.223, "gsp": 468, "tanR": -0.312, "tas": 426}, "time": 24702.758818819, "msg": "02188d0696778f2a1403829700a8001a25fab37b3abfb4d578046f"}, "bds60": {"value": {"mhd": 80.859, "ias": 299, "mach": 0.688, "bar": 1312, "ivv": 1536}, "time": 24703.994425123, "msg": "02188d069677d8cfef23829600a0000ebb9cca572b214c3078046f"}, "df17": {"time": 24703.046875, "Lat": 22.8185177, "Lon": 115.5575037, "geometric_height": 24150, "TId": "CSZ9073", "gsp": 467.4, "tan": 77.8985596}, "windSpd_kt": 46.754, "windDir_deg": 53.449, "temperature_K": 504.778, "address": "78046f", "createdAt": 