{"time": 25010.915632965, "bds50": {"value": {"rol": 0.4, "tan": 268.242, "gsp": 398, "tanR": null, "tas": 436}, "time": 25010.252133444, "msg": "02188d0696bf2731b444829000a8000b1f805bed31c004da780172"}, "bds60": {"value": {"mhd": 268.066, "ias": 303, "mach": 0.7, "bar": -1536, "ivv": -1472}, "time": 25010.915632965, "msg": "02188d0696bf4ebde745829100a0000f1adf5a5f2bfe87d2780172"}, "df17": {"time": 25010.1953125, "Lat": 22.2903371, "Lon": 115.6065774, "geometric_height": 24625, "TId": "CPA501", "gsp": 397.3, "tan": 268.2696533}, "windSpd_kt": 38.022, "windDir_deg": 86.223, "temperature_K": 510.78, "address": "780172", "createdAt": "06:56:50.938406"}