{"time": 24614.153254934, "bds50": {"value": {"rol": -0.4, "tan": 237.129, "gsp": 394, "tanR": 0.062, "tas": 452}, "time": 24613.347284474, "msg": "02188d069662bdd255fa81ab00a00015b8ffda8b316014e2789205"}, "bds60": {"value": {"mhd": 243.105, "ias": 264, "mach": 0.76, "bar": -32, "ivv": 0}, "time": 24614.153254934, "msg": "02188d069662eddc781691ad00a00015b8d67a112fbffc00789205"}, "df17": {"time": 24611.3046875, "Lat": 22.668829, "Lon": 118.0619788, "geometric_height": 36000, "TId": "HKE601", "gsp": 392.9, "tan": 237.1618652}, "windSpd_kt": 72.798, "windDir_deg": 97.401, "temperature_K": 465.702, "address": "789205", "createdAt": 