{"time": 25081.487897633, "bds50": {"value": {"rol": -24.8, "tan": 53.438, "gsp": 356, "tanR": -1.375, "tas": 338}, "time": 25081.452076641, "msg": "02188d0696cfbb0a9e61807600a8000cafee72612cbea4a9780239"}, "bds60": {"value": {"mhd": 52.734, "ias": 279, "mach": 0.516, "bar": 2368, "ivv": 2272}, "time": 25081.487897633, "msg": "02188d0696cfbd2d3421807600a8000caf92ca2f20625447780239"}, "df17": {"time": 25081.1640625, "Lat": 22.341578, "Lon": 114.355917, "geometric_height": 11950, "TId": "HDA704", "gsp": 356.0, "tan": 53.4539795}, "windSpd_kt": 18.498, "windDir_deg": 66.412, "temperature_K": 564.926, "address": "780239", "createdAt": "06:58:01.527921"}