{"time": 24591.166909211, "bds50": {"value": {"rol": -0.7, "tan": 112.5, "gsp": 316, "tanR": -0.094, "tas": 316}, "time": 24591.166909211, "msg": "02188d06965d93c4ab1b806f00a8000daeff950127bfec9e78018d"}, "bds60": {"value": {"mhd": 116.367, "ias": 285, "mach": 0.484, "bar": 1056, "ivv": 1056}, "time": 24590.244997949, "msg": "02188d06965d5cd16b3d806d00a000049ea96a3b1e610c2178018d"}, "df17": {"time": 24591.1640625, "Lat": 22.2981906, "Lon": 114.1597939, "geometric_height": 6925, "TId": "CPA919", "gsp": 316.2, "tan": 112.5109863}, "windSpd_kt": 21.323, "windDir_deg": 24.433, "temperature_K": 561.23, "address": "78018d", "createdAt": 