{"time": 24681.459295331, "bds50": {"value": {"rol": 0.0, "tan": 267.891, "gsp": 294, "tanR": null, "tas": 306}, "time": 24681.459295331, "msg": "02188d069672999d2463808700a800160f801be924fffc99780a49"}, "bds60": {"value": {"mhd": 269.648, "ias": 246, "mach": 0.472, "bar": -384, "ivv": -448}, "time": 24680.497063225, "msg": "02188d0696726042a539818100a00008badfe9ed1dbfa7f2780a49"}, "df17": {"time": 24680.625, "Lat": 22.2662616, "Lon": 114.8152614, "geometric_height": 13950, "TId": "CPA495", "gsp": 295.3, "tan": 267.8631592}, "windSpd_kt": 15.119, "windDir_deg": 126.247, "temperature_K": 553.372, "address": "780a49", "createdAt": 