{"time": 25136.463090811, "bds50": {"value": {"rol": -0.5, "tan": 76.641, "gsp": 176, "tanR": null, "tas": 180}, "time": 25136.463090811, "msg": "02188d0696dc89f4147b808000a8000435ffb369163ffc5a780447"}, "bds60": {"value": {"mhd": 81.211, "ias": 171, "mach": 0.272, "bar": -864, "ivv": -800}, "time": 25135.250054783, "msg": "02188d0696dc41a69e7f807f00a00002999ce957113f2fe7780447"}, "df17": {"time": 25135.625, "Lat": 22.4506474, "Lon": 113.8003135, "geometric_height": 3500, "TId": "CSZ9902", "gsp": 176.7, "tan": 76.90979}, "windSpd_kt": 14.746, "windDir_deg": -26.801, "temperature_K": 576.588, "address": "780447", "createdAt": "06:58:56.504466"}