{"time": 25028.902032355, "bds50": {"value": {"rol": 1.2, "tan": 13.887, "gsp": 204, "tanR": 0.125, "tas": 196}, "time": 25028.902032355, "msg": "02188d0696c37ed093e3808d00a8001c3280f09f19a02462780b12"}, "bds60": {"value": {"mhd": 16.348, "ias": 181, "mach": 0.296, "bar": 0, "ivv": 0}, "time": 25027.905772256, "msg": "02188d0696c3436edae0809700a000039285d96b12a00400780b12"}, "df17": {"time": 25028.4921875, "Lat": 23.0389738, "Lon": 113.192482, "geometric_height": 4925, "TId": "CSN3438", "gsp": 203.7, "tan": 13.62854}, "windSpd_kt": 11.737, "windDir_deg": -31.925, "temperature_K": 577.28, "address": "780b12", "createdAt": "06:57:08.934911"}