{"time": 24581.141736849, "bds50": {"value": {"rol": -0.4, "tan": 262.969, "gsp": 390, "tanR": null, "tas": 450}, "time": 24580.784123591, "msg": "02188d06965b28e7eec7819f00a8000a31ffdbb130fffce1888143"}, "bds60": {"value": {"mhd": 262.969, "ias": 272, "mach": 0.756, "bar": -160, "ivv": 0}, "time": 24581.141736849, "msg": "02188d06965b3e38ad9191a300a000149cdd8a212f7fdc00888143"}, "df17": {"time": 24581.1328125, "Lat": 23.0053282, "Lon": 111.1256361, "geometric_height": 33850, "TId": "VJC933", "gsp": 388.9, "tan": 262.9138184}, "windSpd_kt": 60.0, "windDir_deg": 82.969, "temperature_K": 466.486, "address": "888143", "createdAt": 