{"time": 24712.599696208, "bds50": {"value": {"rol": -1.1, "tan": 113.379, "gsp": 268, "tanR": -0.094, "tas": 270}, "time": 24712.59173411, "msg": "02188d069679d940755e807300a80009bbff550b21bfec8778115c"}, "bds60": {"value": {"mhd": 118.125, "ias": 245, "mach": 0.412, "bar": 2976, "ivv": 2976}, "time": 24712.599696208, "msg": "02188d069679d9b9f350807200a0000432aa09eb19e2ec5d78115c"}, "df17": {"time": 24712.140625, "Lat": 22.3273301, "Lon": 114.08952, "geometric_height": 6125, "TId": "CCA112", "gsp": 267.0, "tan": 113.3953857}, "windSpd_kt": 22.365, "windDir_deg": 20.626, "temperature_K": 565.446, "address": "78115c", "createdAt": 