{"time": 25002.397589688, "bds50": {"value": {"rol": 4.0, "tan": 177.012, "gsp": 288, "tanR": 0.25, "tas": 298}, "time": 25002.170689266, "msg": "02188d0696bd4580a6f2806e00a8000cb982f7df242044957801c1"}, "bds60": {"value": {"mhd": 179.648, "ias": 273, "mach": 0.452, "bar": 1152, "ivv": 1152}, "time": 25002.397589688, "msg": "02188d0696bd5306e0b8806a00a00003b9bfea231c6124247801c1"}, "df17": {"time": 25002.2109375, "Lat": 22.2911739, "Lon": 114.0799499, "geometric_height": 5550, "TId": "HDA254", "gsp": 286.5, "tan": 176.7974854}, "windSpd_kt": 16.782, "windDir_deg": 51.765, "temperature_K": 572.286, "address": "7801c1", "createdAt": "06:56:42.429426"}