{"time": 24637.761867333, "bds50": {"value": {"rol": 0.5, "tan": 177.012, "gsp": 312, "tanR": 0.031, "tas": 324}, "time": 24637.240500855, "msg": "02188d0696684df7e277806a00a00003978077df27200ca2780126"}, "bds60": {"value": {"mhd": 179.824, "ias": 300, "mach": 0.492, "bar": -32, "ivv": 32}, "time": 24637.761867333, "msg": "02188d0696686d0b4e45806f00a0000397bffa591efffc01780126"}, "df17": {"time": 24637.5859375, "Lat": 22.277205, "Lon": 114.0775466, "geometric_height": 5075, "TId": "HDA694", "gsp": 312.5, "tan": 177.0666504}, "windSpd_kt": 19.684, "windDir_deg": 50.867, "temperature_K": 570.976, "address": "780126", "createdAt": 