{"time": 25215.203145972, "bds50": {"value": {"rol": 0.7, "tan": 322.207, "gsp": 330, "tanR": 0.062, "tas": 338}, "time": 25215.203145972, "msg": "02188d0696eedf39f8f4808900a8001912809e53296014a9780abc"}, "bds60": {"value": {"mhd": 322.207, "ias": 274, "mach": 0.52, "bar": -992, "ivv": -896}, "time": 25215.179534672, "msg": "02188d0696eeddd1b150808900a0000892f29a2520bf0fe4780abc"}, "df17": {"time": 25215.1953125, "Lat": 21.6442466, "Lon": 114.4886327, "geometric_height": 13275, "TId": "CPA134", "gsp": 330.7, "tan": 322.1246338}, "windSpd_kt": 8.0, "windDir_deg": 142.207, "temperature_K": 556.268, "address": "780abc", "createdAt": "07:00:15.234294"}