{"time": 24581.896177631, "bds50": {"value": {"rol": -0.4, "tan": 227.109, "gsp": 374, "tanR": 0.0, "tas": 392}, "time": 24581.896177631, "msg": "02188d06965b6b3087df808100a800101fffda192ee004c4780476"}, "bds60": {"value": {"mhd": 230.098, "ias": 319, "mach": 0.604, "bar": 96, "ivv": -64}, "time": 24581.882765215, "msg": "02188d06965b6a63df9f808200a0000898d1da7f25e01ffe780476"}, "df17": {"time": 24581.890625, "Lat": 22.5741577, "Lon": 113.8765526, "geometric_height": 13425, "TId": "CSZ8909", "gsp": 374.4, "tan": 227.2741699}, "windSpd_kt": 26.887, "windDir_deg": 96.595, "temperature_K": 554.57, "address": "780476", "createdAt": 