{"time": 24699.212299717, "bds50": {"value": {"rol": 0.0, "tan": 76.641, "gsp": 490, "tanR": null, "tas": 444}, "time": 24699.033924103, "msg": "02188d069676b124b207809500a8001f3c8013693d7ffcde781374"}, "bds60": {"value": {"mhd": 79.98, "ias": 279, "mach": 0.728, "bar": 1984, "ivv": 1984}, "time": 24699.212299717, "msg": "02188d069676bbc67dc5829100a00012bf9c7a2f2da1f43e781374"}, "df17": {"time": 24698.46875, "Lat": 21.9924402, "Lon": 115.019989, "geometric_height": 31025, "TId": "CSH818", "gsp": 491.1, "tan": 76.7010498}, "windSpd_kt": 53.429, "windDir_deg": 47.693, "temperature_K": 489.734, "address": "781374", "createdAt": 