{"time": 25064.847542906, "bds50": {"value": {"rol": 0.0, "tan": 222.188, "gsp": 370, "tanR": null, "tas": 394}, "time": 25064.847542906, "msg": "02188d0696cbdd558a7a818c00a8000c158019e12e7ffcc578070b"}, "bds60": {"value": {"mhd": 228.164, "ias": 301, "mach": 0.616, "bar": -960, "ivv": -896}, "time": 25064.231639034, "msg": "02188d0696cbb89f97fa909600a0000b30d12a5b26bf17e478070b"}, "df17": {"time": 25064.5703125, "Lat": 23.9224076, "Lon": 113.7640071, "geometric_height": 17925, "TId": "CSZ9140", "gsp": 368.3, "tan": 222.1380615}, "windSpd_kt": 46.481, "windDir_deg": 104.136, "temperature_K": 538.628, "address": "78070b", "createdAt": "06:57:44.892438"}