{"time": 24699.968080081, "bds50": {"value": {"rol": 0.0, "tan": 90.527, "gsp": 308, "tanR": 0.0, "tas": 296}, "time": 24699.941110567, "msg": "02188d069676e7374327828d00a8001c3280140726a00494780b12"}, "bds60": {"value": {"mhd": 94.395, "ias": 251, "mach": 0.448, "bar": -1216, "ivv": -1216}, "time": 24699.968080081, "msg": "02188d069676e8d2c8d1828f00a0000694a199f71c3ed7da780b12"}, "df17": {"time": 24699.9296875, "Lat": 23.0686283, "Lon": 112.8615403, "geometric_height": 9925, "TId": "CSN3438", "gsp": 308.1, "tan": 90.5603027}, "windSpd_kt": 23.65, "windDir_deg": 32.932, "temperature_K": 574.758, "address": "780b12", "createdAt": 