{"time": 24696.391516118, "bds50": {"value": {"rol": 0.0, "tan": 1.582, "gsp": 448, "tanR": 0.0, "tas": 424}, "time": 24696.391516118, "msg": "02188d06967613a4bfd6819b00a8000b35801013382004d4781225"}, "bds60": {"value": {"mhd": 356.66, "ias": 281, "mach": 0.692, "bar": 992, "ivv": 1024}, "time": 24696.367972691, "msg": "02188d069676123d8153819b00a0001112feda332b60fc20781225"}, "df17": {"time": 24696.328125, "Lat": 24.7143888, "Lon": 113.4299755, "geometric_height": 27600, "TId": "CSZ9605", "gsp": 447.1, "tan": 1.5380859}, "windSpd_kt": 44.463, "windDir_deg": 56.486, "temperature_K": 494.284, "address": "781225", "createdAt": 