{"time": 25258.926223812, "bds50": {"value": {"rol": 0.2, "tan": 268.066, "gsp": 368, "tanR": null, "tas": 400}, "time": 25258.926223812, "msg": "02188d0696f90d5331c4809300a8000b1f803beb2e0004c8780172"}, "bds60": {"value": {"mhd": 270.0, "ias": 302, "mach": 0.624, "bar": -1248, "ivv": -1248}, "time": 25258.915825445, "msg": "02188d0696f90cb48725809100a0000b3be00a5d273ecfd9780172"}, "df17": {"time": 25258.015625, "Lat": 22.2762179, "Lon": 115.1279211, "geometric_height": 18275, "TId": "CPA501", "gsp": 367.2, "tan": 268.1268311}, "windSpd_kt": 34.521, "windDir_deg": 111.086, "temperature_K": 541.014, "address": "780172", "createdAt": "07:00:58.959992"}