{"time": 25018.902187562, "bds50": {"value": {"rol": 4.4, "tan": 209.707, "gsp": 130, "tanR": 2.875, "tas": 180}, "time": 25018.902187562, "msg": "02188d0696c12ac70e2a808c00a8001f398339531062e45a7805d1"}, "bds60": {"value": {"mhd": 5.625, "ias": 169, "mach": 0.26, "bar": 3040, "ivv": 2880}, "time": 25017.571991391, "msg": "02188d0696c0db7ddf5f808600a00001138209531062fc5a7805d1"}, "df17": {"time": 25018.2734375, "Lat": 22.1622133, "Lon": 113.5888481, "geometric_height": 925, "TId": "CQH8616", "gsp": 154.9, "tan": 0}, "windSpd_kt": 303.359, "windDir_deg": -164.304, "temperature_K": 631.038, "address": "7805d1", "createdAt": "06:56:58.929545"}