{"time": 24703.170012593, "bds50": {"value": {"rol": -0.2, "tan": 92.988, "gsp": 468, "tanR": null, "tas": 430}, "time": 24703.071776182, "msg": "02188d069677a1d16db6829700a8000b27fff4233abffcd778921a"}, "bds60": {"value": {"mhd": 99.141, "ias": 294, "mach": 0.692, "bar": 2304, "ivv": 2016}, "time": 24703.170012593, "msg": "02188d069677a7ac65b1819600a0000fb1a34a4d2b62443f78921a"}, "df17": {"time": 24701.9765625, "Lat": 21.8061447, "Lon": 114.9882102, "geometric_height": 25625, "TId": "CPA418", "gsp": 466.7, "tan": 93.0706787}, "windSpd_kt": 61.34, "windDir_deg": 44.279, "temperature_K": 508.372, "address": "78921a", "createdAt": 