{"time": 24636.976700495, "bds50": {"value": {"rol": -0.5, "tan": 221.836, "gsp": 326, "tanR": 0.0, "tas": 352}, "time": 24636.976700495, "msg": "02188d0696683e3e9c4f828900a8001029ffb9dd28e004b078135d"}, "bds60": {"value": {"mhd": 228.34, "ias": 270, "mach": 0.548, "bar": -992, "ivv": -928}, "time": 24636.969466897, "msg": "02188d0696683dd03c11828700a0000ab1d13a1d227f0fe378135d"}, "df17": {"time": 24636.859375, "Lat": 23.6911798, "Lon": 113.537178, "geometric_height": 17075, "TId": "CSN3759", "gsp": 325.9, "tan": 221.7645264}, "windSpd_kt": 46.401, "windDir_deg": 101.072, "temperature_K": 543.228, "address": "78135d", "createdAt": 