{"time": 25208.713397556, "bds50": {"value": {"rol": 1.6, "tan": 298.652, "gsp": 240, "tanR": 0.375, "tas": 236}, "time": 25208.713397556, "msg": "02188d0696ed5c684534808400a80010b2813d471e206476780a22"}, "bds60": {"value": {"mhd": 300.586, "ias": 211, "mach": 0.364, "bar": -640, "ivv": -608}, "time": 25208.696183091, "msg": "02188d0696ed5b619933808400a000051aeae9a716ff67ed780a22"}, "df17": {"time": 25208.5390625, "Lat": 21.9541812, "Lon": 113.859365, "geometric_height": 7675, "TId": "CRK108", "gsp": 240.4, "tan": 298.5919189}, "windSpd_kt": 8.974, "windDir_deg": -123.914, "temperature_K": 553.45, "address": "780a22", "createdAt": "07:00:08.752430"}