{"time": 24586.844660117, "bds50": {"value": {"rol": 5.3, "tan": 255.762, "gsp": 404, "tanR": 0.25, "tas": 450}, "time": 24586.439975958, "msg": "02188d06965c7a056416819900a800198183db5f32a044e1780124"}, "bds60": {"value": {"mhd": 257.168, "ias": 300, "mach": 0.732, "bar": -32, "ivv": -32}, "time": 24586.844660117, "msg": "02188d06965c92246195819700a00010b8db7a592dffffff780124"}, "df17": {"time": 24585.8046875, "Lat": 22.3066878, "Lon": 115.8407879, "geometric_height": 27525, "TId": "HDA865", "gsp": 403.4, "tan": 255.2069092}, "windSpd_kt": 47.175, "windDir_deg": 89.298, "temperature_K": 497.578, "address": "780124", "createdAt": 