{"time": 25070.770852113, "bds50": {"value": {"rol": -0.5, "tan": 245.918, "gsp": 378, "tanR": null, "tas": 400}, "time": 25070.763778235, "msg": "02188d0696cd3df820bb808d00a0000930ffbaef2f7ffcc8780476"}, "bds60": {"value": {"mhd": 249.082, "ias": 319, "mach": 0.616, "bar": 64, "ivv": 32}, "time": 25070.770852113, "msg": "02188d0696cd3e641111808e00a0000930d89a7f26a01401780476"}, "df17": {"time": 25070.6328125, "Lat": 22.0928192, "Lon": 113.1315207, "geometric_height": 14500, "TId": "CSZ8909", "gsp": 377.5, "tan": 246.0827637}, "windSpd_kt": 30.74, "windDir_deg": 111.824, "temperature_K": 555.158, "address": "780476", "createdAt": "06:57:50.825231"}