{"time": 24611.233365357, "bds50": {"value": {"rol": -0.2, "tan": 183.867, "gsp": 338, "tanR": 0.0, "tas": 350}, "time": 24610.323502952, "msg": "02188d06966209971768808200a8000cbcfff82d2a6004af76cdb0"}, "bds60": {"value": {"mhd": 185.977, "ias": 325, "mach": 0.532, "bar": 32, "ivv": 0}, "time": 24611.233365357, "msg": "02188d0696623fd27d6d808300a0000398c22a8b21600c0076cdb0"}, "df17": {"time": 24611.25, "Lat": 22.0618343, "Lon": 114.0784907, "geometric_height": 5075, "TId": "SIA863", "gsp": 338.8, "tan": 183.8946533}, "windSpd_kt": 17.448, "windDir_deg": 51.477, "temperature_K": 569.864, "address": "76cdb0", "createdAt": 