{"time": 24567.227543876, "bds50": {"value": {"rol": -0.7, "tan": 8.613, "gsp": 364, "tanR": null, "tas": 358}, "time": 24566.165166582, "msg": "02188d069657c18c59f6808b00a8001812ff90632dbffcb3780c75"}, "bds60": {"value": {"mhd": 6.328, "ias": 280, "mach": 0.552, "bar": -160, "ivv": -32}, "time": 24567.227543876, "msg": "02188d06965800def144808e00a00009b8824a3122bfdfff780c75"}, "df17": {"time": 24567.203125, "Lat": 22.4357986, "Lon": 113.8787842, "geometric_height": 15600, "TId": "CSN644", "gsp": 363.2, "tan": 8.7121582}, "windSpd_kt": 15.596, "windDir_deg": 74.849, "temperature_K": 553.79, "address": "780c75", "createdAt": 