{"time": 25228.220419938, "bds50": {"value": {"rol": 1.6, "tan": 290.039, "gsp": 374, "tanR": 0.031, "tas": 400}, "time": 25227.062961249, "msg": "02188d0696f1a2206461808200a8000caf813ce52ee00cc8780239"}, "bds60": {"value": {"mhd": 290.918, "ias": 309, "mach": 0.624, "bar": 1312, "ivv": 1152}, "time": 25228.220419938, "msg": "02188d0696f1e71dcf62808000a0000a9be77a6b27214c24780239"}, "df17": {"time": 25227.6015625, "Lat": 22.5024247, "Lon": 114.2442298, "geometric_height": 16975, "TId": "HDA704", "gsp": 373.5, "tan": 290.0335693}, "windSpd_kt": 26.669, "windDir_deg": 123.342, "temperature_K": 541.014, "address": "780239", "createdAt": "07:00:28.256174"}