{"time": 25211.32015438, "bds50": {"value": {"rol": 17.6, "tan": 296.191, "gsp": 232, "tanR": 1.344, "tas": 230}, "time": 25211.32015438, "msg": "02188d0696edf7c8390c808400a80017988c9d2b1d215c738990f5"}, "bds60": {"value": {"mhd": 297.07, "ias": 209, "mach": 0.348, "bar": -1024, "ivv": -1024}, "time": 25211.286002032, "msg": "02188d0696edf5bf1970908300a0000415e9a9a315ff07e08990f5"}, "df17": {"time": 25210.140625, "Lat": 22.0786142, "Lon": 113.8472414, "geometric_height": 5875, "TId": "CAL7863", "gsp": 232.7, "tan": 294.3621826}, "windSpd_kt": 4.069, "windDir_deg": -123.932, "temperature_K": 575.116, "address": "8990f5", "createdAt": "07:00:11.359739"}