{"time": 25133.157929326, "bds50": {"value": {"rol": 0.2, "tan": 184.043, "gsp": 354, "tanR": null, "tas": 358}, "time": 25133.157929326, "msg": "02188d0696dbc4f3516e808100a8000cb980382f2c7ffcb37801c1"}, "bds60": {"value": {"mhd": 186.504, "ias": 320, "mach": 0.548, "bar": 896, "ivv": 960}, "time": 25133.150706928, "msg": "02188d0696dbc4851cf0808100a00004bec25a812260e41e7801c1"}, "df17": {"time": 25132.890625, "Lat": 22.0867682, "Lon": 114.0809369, "geometric_height": 7350, "TId": "HDA254", "gsp": 352.9, "tan": 184.0649414}, "windSpd_kt": 15.804, "windDir_deg": 80.616, "temperature_K": 561.904, "address": "7801c1", "createdAt": "06:58:53.202414"}