{"time": 24636.882302955, "bds50": {"value": {"rol": -16.2, "tan": 320.801, "gsp": 250, "tanR": -1.156, "tas": 254}, "time": 24636.882302955, "msg": "02188d069668389e37eb808900a8000a21f49e431f7edc7f780d02"}, "bds60": {"value": {"mhd": 317.109, "ias": 229, "mach": 0.388, "bar": 352, "ivv": 96}, "time": 24636.875075709, "msg": "02188d069668382ff07d808a00a00004b2f0c9cb18605c03780d02"}, "df17": {"time": 24636.7421875, "Lat": 23.543272, "Lon": 113.3107996, "geometric_height": 7000, "TId": "JYH1001", "gsp": 249.4, "tan": 320.6964111}, "windSpd_kt": 16.72, "windDir_deg": 62.789, "temperature_K": 564.238, "address": "780d02", "createdAt": 