{"time": 24675.420790032, "bds50": {"value": {"rol": 0.5, "tan": 149.941, "gsp": 426, "tanR": 0.031, "tas": 430}, "time": 24675.420790032, "msg": "02188d06967131b0dd10818b00a8000e218076ab35600cd77809df"}, "bds60": {"value": {"mhd": 158.555, "ias": 290, "mach": 0.696, "bar": 832, "ivv": 832}, "time": 24675.413449025, "msg": "02188d0696713140d941809200a0001035b86a452ba0d41a7809df"}, "df17": {"time": 24675.0234375, "Lat": 21.9240332, "Lon": 113.5912943, "geometric_height": 26550, "TId": "CSN319", "gsp": 426.5, "tan": 149.8864746}, "windSpd_kt": 64.41, "windDir_deg": 60.698, "temperature_K": 502.546, "address": "7809df", "createdAt": 