{"time": 24673.597691624, "bds50": {"value": {"rol": -25.1, "tan": 252.598, "gsp": 232, "tanR": -2.156, "tas": 234}, "time": 24673.597691624, "msg": "02188d069670c50696e8807100a800111dee3b3b1d3ddc75780a9b"}, "bds60": {"value": {"mhd": 253.828, "ias": 208, "mach": 0.36, "bar": -512, "ivv": -512}, "time": 24673.005861253, "msg": "02188d069670a1bff985807000a800111dda49a116bf87f0780a9b"}, "df17": {"time": 24673.3671875, "Lat": 22.1429873, "Lon": 114.1096044, "geometric_height": 7900, "TId": "CPA188", "gsp": 232.0, "tan": 253.9874268}, "windSpd_kt": 5.387, "windDir_deg": 141.42, "temperature_K": 556.268, "address": "780a9b", "createdAt": 