{"time": 24631.370681099, "bds50": {"value": {"rol": -0.2, "tan": 2.637, "gsp": 434, "tanR": null, "tas": 426}, "time": 24630.25437913, "msg": "02188d069666ad90207a819800a8000b30fff01f367ffcd5781462"}, "bds60": {"value": {"mhd": 0.176, "ias": 304, "mach": 0.68, "bar": 1536, "ivv": 1472}, "time": 24631.370681099, "msg": "02188d069666f0198b0b90a000a0000e17801a612aa1842e781462"}, "df17": {"time": 24630.546875, "Lat": 23.6203694, "Lon": 113.3887768, "geometric_height": 22700, "TId": "CES5392", "gsp": 434.4, "tan": 2.7685547}, "windSpd_kt": 20.126, "windDir_deg": 67.99, "temperature_K": 516.724, "address": "781462", "createdAt": 