{"time": 24605.740946918, "bds50": {"value": {"rol": 0.4, "tan": 77.871, "gsp": 284, "tanR": 0.0, "tas": 280}, "time": 24605.740946918, "msg": "02188d069660f872d5e6809000a8001a3680537723a0048c880456"}, "bds60": {"value": {"mhd": 82.266, "ias": 244, "mach": 0.432, "bar": 3840, "ivv": 3840}, "time": 24605.733641979, "msg": "02188d069660f8035efb818900a000061b9d49e91b23c478880456"}, "df17": {"time": 24604.6484375, "Lat": 22.3577356, "Lon": 113.7751222, "geometric_height": 9225, "TId": "AIQ763", "gsp": 284.1, "tan": 78.0194092}, "windSpd_kt": 21.992, "windDir_deg": 0.54, "temperature_K": 553.104, "address": "880456", "createdAt": 