{"time": 24595.298810588, "bds50": {"value": {"rol": 0.4, "tan": 83.496, "gsp": 496, "tanR": 0.0, "tas": 426}, "time": 24595.289532642, "msg": "02188d06965e897ee8e2818c00a00016948053b73e2004d578143e"}, "bds60": {"value": {"mhd": 87.539, "ias": 244, "mach": 0.724, "bar": 32, "ivv": 0}, "time": 24595.298810588, "msg": "02188d06965e8a0c7adc909500a00016949f29e92d600c0078143e"}, "df17": {"time": 24594.2578125, "Lat": 22.985394, "Lon": 113.3212709, "geometric_height": 37050, "TId": "CXA8406", "gsp": 496.1, "tan": 83.5180664}, "windSpd_kt": 77.147, "windDir_deg": 60.584, "temperature_K": 455.826, "address": "78143e", "createdAt": 