{"time": 24610.895317779, "bds50": {"value": {"rol": 0.0, "tan": 145.371, "gsp": 262, "tanR": -0.062, "tas": 272}, "time": 24610.886756586, "msg": "02188d0696622b29a8ea808300a028039280167720fff488780296"}, "bds60": {"value": {"mhd": 149.766, "ias": 251, "mach": 0.412, "bar": -32, "ivv": 0}, "time": 24610.895317779, "msg": "02188d0696622bac4b13808200a0280392b549f719fffc00780296"}, "df17": {"time": 24610.140625, "Lat": 22.6823902, "Lon": 113.6126232, "geometric_height": 4925, "TId": "CSN6889", "gsp": 261.5, "tan": 145.27771}, "windSpd_kt": 22.784, "windDir_deg": 31.555, "temperature_K": 573.854, "address": "780296", "createdAt": 