{"time": 24562.583031973, "bds50": {"value": {"rol": 0.5, "tan": 226.406, "gsp": 396, "tanR": null, "tas": 450}, "time": 24562.583031973, "msg": "02188d069656ec0950a5819600a80013bc807a1131bffce178061f"}, "bds60": {"value": {"mhd": 232.383, "ias": 290, "mach": 0.736, "bar": 96, "ivv": 0}, "time": 24562.065925113, "msg": "02188d069656cd36e3f9819400a0001218d2aa452e201c0078061f"}, "df17": {"time": 24562.0546875, "Lat": 23.4693074, "Lon": 116.8009973, "geometric_height": 29600, "TId": "CQH8615", "gsp": 395.3, "tan": 226.3348389}, "windSpd_kt": 69.667, "windDir_deg": 88.674, "temperature_K": 492.184, "address": "78061f", "createdAt": 