{"time": 25053.242300657, "bds50": {"value": {"rol": -0.4, "tan": 248.203, "gsp": 352, "tanR": 0.0, "tas": 372}, "time": 25053.242300657, "msg": "02188d0696c9299b98f1807f00a8001d80ffdb092c2004ba780265"}, "bds60": {"value": {"mhd": 250.312, "ias": 301, "mach": 0.572, "bar": -32, "ivv": 0}, "time": 25053.196496705, "msg": "02188d0696c926e0af41808000a0000898d90a5b23fffc00780265"}, "df17": {"time": 25052.90625, "Lat": 22.6653099, "Lon": 113.9178371, "geometric_height": 13425, "TId": "CSN3690", "gsp": 350.9, "tan": 248.2580566}, "windSpd_kt": 24.029, "windDir_deg": 102.934, "temperature_K": 556.868, "address": "780265", "createdAt": "06:57:33.277013"}