{"time": 24627.576320952, "bds50": {"value": {"rol": 0.4, "tan": 247.5, "gsp": 404, "tanR": 0.0, "tas": 466}, "time": 24627.576320952, "msg": "02188d0696660df033b8909400a000149c805b0132a004e9780ead"}, "bds60": {"value": {"mhd": 251.016, "ias": 280, "mach": 0.776, "bar": 32, "ivv": 32}, "time": 24626.2904769, "msg": "02188d069665c14bc764828c00a000149cd94a3130a00c01780ead"}, "df17": {"time": 24626.78125, "Lat": 22.065289, "Lon": 112.9306984, "geometric_height": 33925, "TId": "CXA837", "gsp": 405.2, "tan": 247.3571777}, "windSpd_kt": 67.474, "windDir_deg": 92.559, "temperature_K": 474.796, "address": "780ead", "createdAt": 