{"time": 25070.639028857, "bds50": {"value": {"rol": -0.7, "tan": 78.75, "gsp": 408, "tanR": null, "tas": 380}, "time": 25070.639028857, "msg": "02188d0696cd36889a79828e00a8001682ff9381333ffcbe780ba5"}, "bds60": {"value": {"mhd": 80.156, "ias": 300, "mach": 0.592, "bar": -96, "ivv": -32}, "time": 25069.353427447, "msg": "02188d0696cce9e7e1f7819300a00009b89c8a59253fefff780ba5"}, "df17": {"time": 25069.875, "Lat": 23.2478213, "Lon": 115.3777099, "geometric_height": 15550, "TId": "CSN3858", "gsp": 406.7, "tan": 78.7994385}, "windSpd_kt": 29.62, "windDir_deg": 60.402, "temperature_K": 542.478, "address": "780ba5", "createdAt": "06:57:50.673970"}