{"time": 25062.445277407, "bds50": {"value": {"rol": 7.2, "tan": 29.355, "gsp": 166, "tanR": null, "tas": 168}, "time": 25062.436260149, "msg": "02188d0696cb4d9c4935928900a000023085314f14c00454780170"}, "bds60": {"value": {"mhd": 37.617, "ias": 161, "mach": 0.256, "bar": -288, "ivv": -352}, "time": 25062.445277407, "msg": "02188d0696cb4e25e0df818a00a00002308d6943103fbff5780170"}, "df17": {"time": 25062.2734375, "Lat": 22.2380447, "Lon": 113.731885, "geometric_height": 2875, "TId": "CPA543", "gsp": 167.4, "tan": 28.5534668}, "windSpd_kt": 24.143, "windDir_deg": -61.253, "temperature_K": 567.018, "address": "780170", "createdAt": "06:57:42.476624"}