{"time": 25014.08203665, "bds50": {"value": {"rol": 1.1, "tan": 178.945, "gsp": 304, "tanR": 0.062, "tas": 314}, "time": 25014.08203665, "msg": "02188d0696c00b7963aa807c00a8000cb980d7f52620149d7801c1"}, "bds60": {"value": {"mhd": 181.23, "ias": 287, "mach": 0.476, "bar": 1024, "ivv": 1024}, "time": 25014.064523478, "msg": "02188d0696c00a6e28d6807c00a0000412c07a3f1de104207801c1"}, "df17": {"time": 25014.0703125, "Lat": 22.274909, "Lon": 114.0805292, "geometric_height": 5800, "TId": "HDA254", "gsp": 304.1, "tan": 178.8684082}, "windSpd_kt": 15.868, "windDir_deg": 51.033, "temperature_K": 572.932, "address": "7801c1", "createdAt": "06:56:54.104235"}