{"time": 25214.379035244, "bds50": {"value": {"rol": -0.2, "tan": 221.66, "gsp": 360, "tanR": null, "tas": 382}, "time": 25214.379035244, "msg": "02188d0696eeae1b0a6c819000a8001c3cfff9db2d3ffcbf7807ac"}, "bds60": {"value": {"mhd": 226.055, "ias": 300, "mach": 0.592, "bar": -1152, "ivv": -1056}, "time": 25214.368746022, "msg": "02188d0696eead7e0a26829100a00009bad06a59253ee7df7807ac"}, "df17": {"time": 25213.328125, "Lat": 23.5991049, "Lon": 113.4474206, "geometric_height": 15625, "TId": "CSZ9876", "gsp": 361.2, "tan": 221.8579102}, "windSpd_kt": 35.955, "windDir_deg": 96.165, "temperature_K": 548.202, "address": "7807ac", "createdAt": "07:00:14.431944"}