{"time": 24648.686653612, "bds50": {"value": {"rol": 0.0, "tan": 199.336, "gsp": 326, "tanR": 0.0, "tas": 340}, "time": 24648.686653612, "msg": "02188d06966af83650ac818c00a80005298018dd28e004aa7815a3"}, "bds60": {"value": {"mhd": 204.609, "ias": 280, "mach": 0.52, "bar": -96, "ivv": 0}, "time": 24648.675345272, "msg": "02188d06966af789c378818b00a00007bfc8ca3120bfec007815a3"}, "df17": {"time": 24647.71875, "Lat": 23.1340098, "Lon": 113.2325864, "geometric_height": 12325, "TId": "EPA6236", "gsp": 325.4, "tan": 199.3798828}, "windSpd_kt": 33.677, "windDir_deg": 87.436, "temperature_K": 562.872, "address": "7815a3", "createdAt": 