{"time": 24623.641675279, "bds50": {"value": {"rol": -10.5, "tan": 251.367, "gsp": 420, "tanR": -0.531, "tas": 460}, "time": 24623.641675279, "msg": "02188d069665236a460f808a00a80013adf89b2d34bf7ce6780d33"}, "bds60": {"value": {"mhd": 252.07, "ias": 315, "mach": 0.744, "bar": -1984, "ivv": -1920}, "time": 24622.307515784, "msg": "02188d069664d3e49d88909000a0000fb8d9aa772ebe17c4780d33"}, "df17": {"time": 24623.1015625, "Lat": 22.1014667, "Lon": 113.0229449, "geometric_height": 25875, "TId": "GCR6536", "gsp": 419.7, "tan": 252.3834229}, "windSpd_kt": 40.362, "windDir_deg": 79.405, "temperature_K": 503.3, "address": "780d33", "createdAt": 