{"time": 24592.231211566, "bds50": {"value": {"rol": 0.0, "tan": 238.359, "gsp": 438, "tanR": null, "tas": 480}, "time": 24592.21242574, "msg": "02188d06965dd215fc0c81a400a0001838801a9936fffcf0886289"}, "bds60": {"value": {"mhd": 238.359, "ias": 264, "mach": 0.828, "bar": -32, "ivv": 0}, "time": 24592.231211566, "msg": "02188d06965dd334a22e82a500a0001838d4ca1133fffc00886289"}, "df17": {"time": 24591.609375, "Lat": 18.853848, "Lon": 112.5719047, "geometric_height": 40350, "TId": "TAX639", "gsp": 439.0, "tan": 238.4088135}, "windSpd_kt": 42.0, "windDir_deg": 58.359, "temperature_K": 442.466, "address": "886289", "createdAt": 