{"time": 24691.734369755, "bds50": {"value": {"rol": -0.5, "tan": 40.078, "gsp": 396, "tanR": 0.031, "tas": 374}, "time": 24690.904665341, "msg": "02188d069674cc9a0cfd808400a8001e31ffb1c931a00cbb7805f5"}, "bds60": {"value": {"mhd": 41.309, "ias": 308, "mach": 0.576, "bar": -32, "ivv": 32}, "time": 24691.734369755, "msg": "02188d069674fe0e55db808300a00008108eba69243ffc017805f5"}, "df17": {"time": 24690.890625, "Lat": 22.9527783, "Lon": 114.253521, "geometric_height": 12475, "TId": "DKH1034", "gsp": 395.9, "tan": 40.0836182}, "windSpd_kt": 23.502, "windDir_deg": 20.087, "temperature_K": 555.08, "address": "7805f5", "createdAt": 