{"time": 24567.321991184, "bds50": {"value": {"rol": 0.7, "tan": 78.223, "gsp": 282, "tanR": 0.031, "tas": 280}, "time": 24567.321991184, "msg": "02188d06965806801810808300a8001a3680937b23600c8c880456"}, "bds60": {"value": {"mhd": 82.441, "ias": 250, "mach": 0.428, "bar": 3360, "ivv": 3232}, "time": 24567.311448378, "msg": "02188d06965805df393a808000a00005129d59f51ae34c65880456"}, "df17": {"time": 24567.2265625, "Lat": 22.347436, "Lon": 113.7228727, "geometric_height": 7375, "TId": "AIQ763", "gsp": 282.1, "tan": 78.1347656}, "windSpd_kt": 20.778, "windDir_deg": -4.148, "temperature_K": 563.49, "address": "880456", "createdAt": 