{"time": 25066.519624492, "bds50": {"value": {"rol": 0.5, "tan": 58.535, "gsp": 454, "tanR": 0.031, "tas": 416}, "time": 25066.504920408, "msg": "02188d0696cc401f1d58928900a0000e1b80729b38e00cd0780a9e"}, "bds60": {"value": {"mhd": 60.293, "ias": 296, "mach": 0.664, "bar": -2336, "ivv": -2336}, "time": 25066.519624492, "msg": "02188d0696cc40ff7b2c828700a0000e1b957a5129bdbfb7780a9e"}, "df17": {"time": 25065.9921875, "Lat": 21.4497972, "Lon": 113.2693863, "geometric_height": 23075, "TId": "CRK170", "gsp": 453.7, "tan": 58.5186768}, "windSpd_kt": 40.271, "windDir_deg": 40.059, "temperature_K": 516.784, "address": "780a9e", "createdAt": "06:57:46.564390"}