{"time": 24663.123212832, "bds50": {"value": {"rol": -0.2, "tan": 132.012, "gsp": 408, "tanR": null, "tas": 390}, "time": 24663.123212832, "msg": "02188d06966e54b2ba20808c00a80019aefff5df333ffcc3780129"}, "bds60": {"value": {"mhd": 136.934, "ias": 308, "mach": 0.6, "bar": 2048, "ivv": 2016}, "time": 24663.112775822, "msg": "02188d06966e5413788e808b00a0000998b0ba6925a2043f780129"}, "df17": {"time": 24663.03125, "Lat": 22.0350981, "Lon": 114.5477486, "geometric_height": 15100, "TId": "CPA420", "gsp": 408.7, "tan": 131.9238281}, "windSpd_kt": 38.698, "windDir_deg": 72.165, "temperature_K": 556.268, "address": "780129", "createdAt": 