{"time": 24562.194162005, "bds50": {"value": {"rol": 1.9, "tan": 238.711, "gsp": 192, "tanR": 0.188, "tas": 184}, "time": 24562.194162005, "msg": "02188d069656d4dba155807c00a80006ac817a9d1820345c780451"}, "bds60": {"value": {"mhd": 238.887, "ias": 176, "mach": 0.28, "bar": -64, "ivv": -64}, "time": 24561.876392706, "msg": "02188d069656c1eadb02807b00a0000236d4f96111bff7fe780451"}, "df17": {"time": 24561.7109375, "Lat": 22.4885845, "Lon": 113.929038, "geometric_height": 3025, "TId": "CSN3554", "gsp": 191.8, "tan": 238.2165527}, "windSpd_kt": 8.021, "windDir_deg": -125.33, "temperature_K": 568.562, "address": "780451", "createdAt": 