{"time": 24657.826225279, "bds50": {"value": {"rol": -0.2, "tan": 218.145, "gsp": 240, "tanR": null, "tas": 246}, "time": 24657.826225279, "msg": "02188d06966d18f91c7f808100a8001f2efff9b31e00047b780170"}, "bds60": {"value": {"mhd": 220.078, "ias": 214, "mach": 0.38, "bar": -736, "ivv": -768}, "time": 24657.818467404, "msg": "02188d06966d1882bc4c817900a00005bcce49ad17ff4fe8780170"}, "df17": {"time": 24657.234375, "Lat": 22.0877767, "Lon": 113.9930463, "geometric_height": 8950, "TId": "CPA543", "gsp": 239.3, "tan": 218.2104492}, "windSpd_kt": 10.158, "windDir_deg": 92.915, "temperature_K": 551.774, "address": "780170", "createdAt": 