{"time": 24626.842255556, "bds50": {"value": {"rol": -0.2, "tan": 339.785, "gsp": 452, "tanR": null, "tas": 454}, "time": 24626.842255556, "msg": "02188d069665e22f40c4809300a80004b3ffff1b38bffce37809e4"}, "bds60": {"value": {"mhd": 334.863, "ias": 300, "mach": 0.74, "bar": -32, "ivv": -32}, "time": 24626.835169448, "msg": "02188d069665e1c320a8909500a0001130f71a592e7fffff7809e4"}, "df17": {"time": 24626.6484375, "Lat": 23.2712317, "Lon": 113.8376284, "geometric_height": 28075, "TId": "CSN8549", "gsp": 451.8, "tan": 339.8016357}, "windSpd_kt": 38.954, "windDir_deg": 70.264, "temperature_K": 495.572, "address": "7809e4", "createdAt": 