{"time": 24591.760744415, "bds50": {"value": {"rol": 0.5, "tan": 86.836, "gsp": 294, "tanR": 0.0, "tas": 278}, "time": 24590.585041635, "msg": "02188d06965d711612e3918a00a80000898073dd24e0048b781005"}, "bds60": {"value": {"mhd": 91.055, "ias": 250, "mach": 0.424, "bar": 64, "ivv": 0}, "time": 24591.760744415, "msg": "02188d06965db729dfdf828900a00004b1a069f51aa01400781005"}, "df17": {"time": 24591.59375, "Lat": 23.532865, "Lon": 113.5626698, "geometric_height": 7025, "TId": "CSZ9993", "gsp": 293.3, "tan": 86.8743896}, "windSpd_kt": 26.438, "windDir_deg": 36.159, "temperature_K": 565.998, "address": "781005", "createdAt": 