{"time": 24672.532921749, "bds50": {"value": {"rol": 0.0, "tan": 142.91, "gsp": 296, "tanR": 0.062, "tas": 292}, "time": 24672.532921749, "msg": "02188d069670858f7d95809000a800081480165b25201492781433"}, "bds60": {"value": {"mhd": 149.59, "ias": 242, "mach": 0.444, "bar": 128, "ivv": -32}, "time": 24672.521662697, "msg": "02188d06967084e3b0e9908e00a0000738b539e51be027ff781433"}, "df17": {"time": 24672.3828125, "Lat": 22.9666829, "Lon": 113.4141612, "geometric_height": 11275, "TId": "CSZ9504", "gsp": 295.5, "tan": 142.9760742}, "windSpd_kt": 34.489, "windDir_deg": 62.899, "temperature_K": 569.452, "address": "781433", "createdAt": 