{"time": 24616.955742931, "bds50": {"value": {"rol": 0.4, "tan": 103.008, "gsp": 490, "tanR": null, "tas": 434}, "time": 24616.955742931, "msg": "02188d06966394e70ad380a200a000163a8054953d7ffcd9780650"}, "bds60": {"value": {"mhd": 109.863, "ias": 249, "mach": 0.736, "bar": -1312, "ivv": -1568}, "time": 24616.424735637, "msg": "02188d06966375408395819700a000163aa719f32e3ebfcf780650"}, "df17": {"time": 24615.1953125, "Lat": 23.2271147, "Lon": 111.4956522, "geometric_height": 36800, "TId": "CES733", "gsp": 490.2, "tan": 102.8430176}, "windSpd_kt": 78.59, "windDir_deg": 61.775, "temperature_K": 457.806, "address": "780650", "createdAt": 