{"time": 24679.963096509, "bds50": {"value": {"rol": 0.0, "tan": 229.57, "gsp": 390, "tanR": 0.0, "tas": 442}, "time": 24679.963096509, "msg": "02188d069672406ef5bd81a400a80016ad801a3530e004dd78109c"}, "bds60": {"value": {"mhd": 234.316, "ias": 257, "mach": 0.748, "bar": -160, "ivv": 0}, "time": 24679.56611751, "msg": "02188d06967228c58a8682a900a00015bcd35a032effdc0078109c"}, "df17": {"time": 24679.984375, "Lat": 21.5615916, "Lon": 111.7333603, "geometric_height": 36075, "TId": "CSN6624", "gsp": 389.4, "tan": 229.4769287}, "windSpd_kt": 62.338, "windDir_deg": 85.489, "temperature_K": 459.726, "address": "78109c", "createdAt": 