{"time": 24573.722503078, "bds50": {"value": {"rol": 0.0, "tan": 80.508, "gsp": 328, "tanR": null, "tas": 308}, "time": 24573.722503078, "msg": "02188d069659840027a6818b00a80014b3801395293ffc9a780861"}, "bds60": {"value": {"mhd": 83.496, "ias": 253, "mach": 0.472, "bar": 1728, "ivv": 1312}, "time": 24573.714809089, "msg": "02188d069659838ac101818b00a00007b09db9fb1da1b429780861"}, "df17": {"time": 24573.234375, "Lat": 23.5741496, "Lon": 113.8582063, "geometric_height": 11900, "TId": "CSN3795", "gsp": 325.4, "tan": 80.4528809}, "windSpd_kt": 25.975, "windDir_deg": 42.33, "temperature_K": 560.628, "address": "780861", "createdAt": 