{"time": 25281.317085369, "bds50": {"value": {"rol": 0.0, "tan": 229.57, "gsp": 390, "tanR": 0.0, "tas": 438}, "time": 25281.317085369, "msg": "02188d0696fe43eca0b9819500a80016ad801a3530e004db78109c"}, "bds60": {"value": {"mhd": 233.262, "ias": 255, "mach": 0.74, "bar": -96, "ivv": 0}, "time": 25281.303291519, "msg": "02188d0696fe431a267f909d00a00015bcd2f9ff2e7fec0078109c"}, "df17": {"time": 25281.046875, "Lat": 20.8529305, "Lon": 110.8470082, "geometric_height": 36100, "TId": "CSN6624", "gsp": 388.7, "tan": 229.5922852}, "windSpd_kt": 54.891, "windDir_deg": 80.489, "temperature_K": 461.256, "address": "78109c", "createdAt": "07:01:21.364067"}