{"time": 24663.127403852, "bds50": {"value": {"rol": -0.4, "tan": 2.461, "gsp": 442, "tanR": -0.062, "tas": 430}, "time": 24663.127403852, "msg": "02188d06966e54f2ad4c829000a0280e97ffd01d377ff4d7781462"}, "bds60": {"value": {"mhd": 359.473, "ias": 304, "mach": 0.688, "bar": 1472, "ivv": 1472}, "time": 24662.070382365, "msg": "02188d06966e15f1cf1d829700a0280e96ffda612b21742e781462"}, "df17": {"time": 24662.296875, "Lat": 23.6849785, "Lon": 113.391974, "geometric_height": 23550, "TId": "CES5392", "gsp": 442.3, "tan": 2.4609375}, "windSpd_kt": 25.706, "windDir_deg": 63.149, "temperature_K": 514.302, "address": "781462", "createdAt": 