{"time": 25034.603592104, "bds50": {"value": {"rol": 0.4, "tan": 69.961, "gsp": 156, "tanR": 0.094, "tas": 164}, "time": 25033.672794674, "msg": "02188d0696c49b2ca232819100a80018b780531d13a01c52780a71"}, "bds60": {"value": {"mhd": 73.301, "ias": 158, "mach": 0.248, "bar": -768, "ivv": -864}, "time": 25034.603592104, "msg": "02188d0696c4d2a779a8808200a00001bc9a193d0fbf47e5780a71"}, "df17": {"time": 25032.984375, "Lat": 22.2706819, "Lon": 113.7738991, "geometric_height": 2400, "TId": "HKE553", "gsp": 156.2, "tan": 70.1751709}, "windSpd_kt": 12.285, "windDir_deg": -58.981, "temperature_K": 575.76, "address": "780a71", "createdAt": "06:57:14.648115"}