{"time": 25182.271148573, "bds50": {"value": {"rol": 0.2, "tan": 129.199, "gsp": 154, "tanR": null, "tas": 162}, "time": 25181.782230282, "msg": "02188d0696e7172f450a819e00a000023e8035bf137ffc51780192"}, "bds60": {"value": {"mhd": 129.727, "ias": 154, "mach": 0.244, "bar": -576, "ivv": -544}, "time": 25182.271148573, "msg": "02188d0696e73453921d819c00a000023eae29350f7f77ef780192"}, "df17": {"time": 25180.734375, "Lat": 21.9014382, "Lon": 113.180058, "geometric_height": 3225, "TId": "CPA9993", "gsp": 154.9, "tan": 129.2376709}, "windSpd_kt": 8.131, "windDir_deg": -40.222, "temperature_K": 580.374, "address": "780192", "createdAt": "06:59:42.306648"}