{"time": 24592.419316404, "bds50": {"value": {"rol": 0.0, "tan": 71.016, "gsp": 382, "tanR": -0.125, "tas": 360}, "time": 24592.411932019, "msg": "02188d06965dddfa3573808500a8001e318013292fffe4b47805f5"}, "bds60": {"value": {"mhd": 73.828, "ias": 297, "mach": 0.552, "bar": -192, "ivv": -128}, "time": 24592.419316404, "msg": "02188d06965dde6ae2b4808500a00008119a4a5322bfd7fc7805f5"}, "df17": {"time": 24592.3671875, "Lat": 22.8724408, "Lon": 114.081881, "geometric_height": 12475, "TId": "DKH1034", "gsp": 380.8, "tan": 70.9936523}, "windSpd_kt": 28.551, "windDir_deg": 32.804, "temperature_K": 559.996, "address": "7805f5", "createdAt": 