{"time": 24711.831046448, "bds50": {"value": {"rol": 0.7, "tan": 37.266, "gsp": 414, "tanR": 0.031, "tas": 384}, "time": 24711.831046448, "msg": "02188d069679abe94930809300a80014b28091a933e00cc0780fc7"}, "bds60": {"value": {"mhd": 35.859, "ias": 280, "mach": 0.608, "bar": 2112, "ivv": 2112}, "time": 24711.295561124, "msg": "02188d0696798bfe6da4828c00a0000d178cca3126221442780fc7"}, "df17": {"time": 24711.15625, "Lat": 23.8029528, "Lon": 114.4526052, "geometric_height": 21000, "TId": "CSN3501", "gsp": 414.0, "tan": 37.1447754}, "windSpd_kt": 31.557, "windDir_deg": 54.651, "temperature_K": 525.186, "address": "780fc7", "createdAt": 