{"time": 25081.230265193, "bds50": {"value": {"rol": 0.2, "tan": 71.016, "gsp": 134, "tanR": 0.188, "tas": 144}, "time": 25081.230265193, "msg": "02188d0696cfadd20b69828f00a80018b780332910e03448780a71"}, "bds60": {"value": {"mhd": 71.543, "ias": 141, "mach": 0.216, "bar": -576, "ivv": -512}, "time": 25081.216162064, "msg": "02188d0696cfacfad910808200a000019699791b0dbf77f0780a71"}, "df17": {"time": 25081.046875, "Lat": 22.2814322, "Lon": 113.8065577, "geometric_height": 1800, "TId": "HKE553", "gsp": 134.0, "tan": 71.2957764}, "windSpd_kt": 10.081, "windDir_deg": -101.435, "temperature_K": 585.16, "address": "780a71", "createdAt": "06:58:01.274181"}