{"time": 24606.281539559, "bds50": {"value": {"rol": -0.2, "tan": 228.164, "gsp": 256, "tanR": null, "tas": 258}, "time": 24606.281539559, "msg": "02188d06966118ab9fe7908f00a8001f2efffa2520000481780170"}, "bds60": {"value": {"mhd": 230.273, "ias": 225, "mach": 0.4, "bar": -544, "ivv": -576}, "time": 24605.619040426, "msg": "02188d069660f12eb0aa808100a000061ed1e9c3193f7fee780170"}, "df17": {"time": 24606.0546875, "Lat": 22.129705, "Lon": 114.0361977, "geometric_height": 9375, "TId": "CPA543", "gsp": 254.9, "tan": 228.180542}, "windSpd_kt": 9.668, "windDir_deg": 127.282, "temperature_K": 547.744, "address": "780170", "createdAt": 