{"time": 25040.953280896, "bds50": {"value": {"rol": 0.2, "tan": 301.641, "gsp": 478, "tanR": 0.0, "tas": 496}, "time": 25040.946742242, "msg": "02188d0696c64cbc43e282aa00a0001838803d693be004f8781361"}, "bds60": {"value": {"mhd": 299.531, "ias": 272, "mach": 0.852, "bar": -128, "ivv": -32}, "time": 25040.953280896, "msg": "02188d0696c64d20098091aa00a0001838ea8a21357fe7ff781361"}, "df17": {"time": 25040.6953125, "Lat": 19.0622878, "Lon": 115.7125139, "geometric_height": 40375, "TId": "CSN336", "gsp": 478.1, "tan": 301.6625977}, "windSpd_kt": 25.407, "windDir_deg": 75.687, "temperature_K": 446.212, "address": "781361", "createdAt": "06:57:20.991424"}