{"time": 25246.843810701, "bds50": {"value": {"rol": 0.0, "tan": 261.211, "gsp": 380, "tanR": 0.0, "tas": 418}, "time": 25246.843810701, "msg": "02188d0696f63d28338d809300a8000a92801b9d2fa004d1780a5e"}, "bds60": {"value": {"mhd": 262.266, "ias": 290, "mach": 0.672, "bar": -1056, "ivv": -1024}, "time": 25246.820127964, "msg": "02188d0696f63bbed4dc909400a0000f34dd4a452a3effe0780a5e"}, "df17": {"time": 25245.890625, "Lat": 22.42625, "Lon": 115.6463385, "geometric_height": 24900, "TId": "CRK237", "gsp": 378.4, "tan": 261.1834717}, "windSpd_kt": 38.702, "windDir_deg": 92.681, "temperature_K": 509.416, "address": "780a5e", "createdAt": "07:00:46.884915"}