{"time": 24571.329813319, "bds50": {"value": {"rol": -1.1, "tan": 37.266, "gsp": 274, "tanR": -0.219, "tas": 260}, "time": 24571.329813319, "msg": "02188d069658f5629b47828800a80018b7ff51a9227fcc82780a71"}, "bds60": {"value": {"mhd": 39.902, "ias": 227, "mach": 0.4, "bar": -512, "ivv": -512}, "time": 24571.021121269, "msg": "02188d069658e2fc56f5818500a00005bd8e39c7193f87f0780a71"}, "df17": {"time": 24571.1875, "Lat": 21.8793583, "Lon": 113.9189744, "geometric_height": 8975, "TId": "HKE553", "gsp": 274.0, "tan": 37.2875977}, "windSpd_kt": 18.622, "windDir_deg": -2.685, "temperature_K": 556.268, "address": "780a71", "createdAt": 