{"time": 24711.535501821, "bds50": {"value": {"rol": 9.3, "tan": 0.176, "gsp": 188, "tanR": 1.0, "tas": 184}, "time": 24711.535501821, "msg": "02188d0696799a4ba1fd909a00a800030f86b00317a1045c780dc0"}, "bds60": {"value": {"mhd": 7.207, "ias": 176, "mach": 0.28, "bar": -32, "ivv": -32}, "time": 24710.435847035, "msg": "02188d06967958c03b7b818e00a000023782996111bfffff780dc0"}, "df17": {"time": 24710.609375, "Lat": 23.0777693, "Lon": 113.2308912, "geometric_height": 3025, "TId": "CHH7982", "gsp": 189.0, "tan": 359.0881348}, "windSpd_kt": 23.157, "windDir_deg": -76.381, "temperature_K": 568.562, "address": "780dc0", "createdAt": 