{"time": 24569.002224688, "bds50": {"value": {"rol": 0.4, "tan": 217.266, "gsp": 414, "tanR": 0.0, "tas": 460}, "time": 24568.993823346, "msg": "02188d0696586a263a72829900a00011b88059a933e004e67805e0"}, "bds60": {"value": {"mhd": 223.594, "ias": 299, "mach": 0.752, "bar": -96, "ivv": 0}, "time": 24569.002224688, "msg": "02188d0696586aa66c30809d00a00011b8cf8a572f3fec007805e0"}, "df17": {"time": 24568.765625, "Lat": 23.068049, "Lon": 116.4576316, "geometric_height": 29150, "TId": "CXA8643", "gsp": 413.1, "tan": 217.4249268}, "windSpd_kt": 66.608, "windDir_deg": 86.835, "temperature_K": 492.65, "address": "7805e0", "createdAt": 