{"time": 24642.241624056, "bds50": {"value": {"rol": 0.0, "tan": 318.516, "gsp": 242, "tanR": 0.031, "tas": 234}, "time": 24642.241624056, "msg": "02188d069669780ef7f8809200a80018b7801e291e600c75780a71"}, "bds60": {"value": {"mhd": 319.57, "ias": 207, "mach": 0.36, "bar": -1344, "ivv": -1600}, "time": 24641.487124265, "msg": "02188d0696694b163729808400a0000538f1a99f16beb7ce780a71"}, "df17": {"time": 24642.109375, "Lat": 21.9519925, "Lon": 113.9036965, "geometric_height": 8025, "TId": "HKE553", "gsp": 242.4, "tan": 318.6804199}, "windSpd_kt": 9.119, "windDir_deg": -69.648, "temperature_K": 556.268, "address": "780a71", "createdAt": 