{"time": 24637.776037192, "bds50": {"value": {"rol": 0.5, "tan": 177.188, "gsp": 312, "tanR": 0.031, "tas": 324}, "time": 24637.776037192, "msg": "02188d0696686de38548806b00a80009ab8077e127200ca2780126"}, "bds60": {"value": {"mhd": 179.824, "ias": 300, "mach": 0.492, "bar": -32, "ivv": 32}, "time": 24637.768822748, "msg": "02188d0696686d756fdc807100a0000397bffa591efffc01780126"}, "df17": {"time": 24637.5859375, "Lat": 22.277205, "Lon": 114.0775466, "geometric_height": 5075, "TId": "HDA694", "gsp": 312.5, "tan": 177.0666504}, "windSpd_kt": 18.919, "windDir_deg": 49.152, "temperature_K": 570.976, "address": "780126", "createdAt": 