{"time": 24706.135879081, "bds50": {"value": {"rol": -1.8, "tan": 198.281, "gsp": 272, "tanR": -0.156, "tas": 278}, "time": 24706.127567201, "msg": "02188d06967857f51961808c00a0000517fed8d1223fdc8b780447"}, "bds60": {"value": {"mhd": 201.27, "ias": 248, "mach": 0.424, "bar": -896, "ivv": -1024}, "time": 24706.135879081, "msg": "02188d0696785873eda9808e00a0000517c799f11abf27e0780447"}, "df17": {"time": 24705.6953125, "Lat": 22.6995778, "Lon": 113.4347606, "geometric_height": 7600, "TId": "CSZ9902", "gsp": 271.6, "tan": 198.2373047}, "windSpd_kt": 15.548, "windDir_deg": 87.084, "temperature_K": 565.998, "address": "780447", "createdAt": 