{"time": 25232.844688129, "bds50": {"value": {"rol": -0.5, "tan": 215.684, "gsp": 398, "tanR": null, "tas": 458}, "time": 25232.834028513, "msg": "02188d0696f2fa1be3e1929c00a000149cffb99731fffce5781457"}, "bds60": {"value": {"mhd": 225.176, "ias": 275, "mach": 0.76, "bar": -128, "ivv": 0}, "time": 25232.844688129, "msg": "02188d0696f2fabe8b0180a300a000149cd01a272fbfe400781457"}, "df17": {"time": 25232.765625, "Lat": 24.092567, "Lon": 117.3916626, "geometric_height": 33850, "TId": "HBH3309", "gsp": 397.7, "tan": 215.6890869}, "windSpd_kt": 92.69, "windDir_deg": 90.257, "temperature_K": 478.148, "address": "781457", "createdAt": "07:00:32.883821"}