{"time": 24662.006995106, "bds50": {"value": {"rol": 0.4, "tan": 247.324, "gsp": 406, "tanR": 0.031, "tas": 464}, "time": 24662.006995106, "msg": "02188d06966e122a98a2828c00a0001498805aff32e00ce8780ead"}, "bds60": {"value": {"mhd": 251.016, "ias": 281, "mach": 0.776, "bar": -960, "ivv": -992}, "time": 24661.087773026, "msg": "02188d06966ddb606162809200a0001499d94a3330bf17e1780ead"}, "df17": {"time": 24661.921875, "Lat": 22.0398831, "Lon": 112.8652525, "geometric_height": 33850, "TId": "CXA837", "gsp": 405.2, "tan": 247.3571777}, "windSpd_kt": 64.389, "windDir_deg": 94.971, "temperature_K": 470.728, "address": "780ead", "createdAt": 