{"time": 24633.187387178, "bds50": {"value": {"rol": 0.0, "tan": 80.156, "gsp": 368, "tanR": null, "tas": 348}, "time": 24633.187387178, "msg": "02188d0696675c62472a818e00a80014b38013912e3ffcae780861"}, "bds60": {"value": {"mhd": 81.738, "ias": 279, "mach": 0.536, "bar": 2912, "ivv": 2880}, "time": 24633.172920719, "msg": "02188d0696675b85898f818900a00009109d1a2f21a2dc5a780861"}, "df17": {"time": 24632.9921875, "Lat": 23.590951, "Lon": 113.9628553, "geometric_height": 14025, "TId": "CSN3795", "gsp": 367.2, "tan": 80.2825928}, "windSpd_kt": 22.308, "windDir_deg": 54.645, "temperature_K": 554.992, "address": "780861", "createdAt": 