{"time": 24673.520441707, "bds50": {"value": {"rol": -12.8, "tan": 221.66, "gsp": 262, "tanR": null, "tas": 278}, "time": 24673.520441707, "msg": "02188d069670c06bd96b807800a8000e19f6f9db20fffc8b780aab"}, "bds60": {"value": {"mhd": 225.0, "ias": 230, "mach": 0.424, "bar": -128, "ivv": -64}, "time": 24672.858732113, "msg": "02188d06967098faf651808700a8000e19d009cd1abfe7fe780aab"}, "df17": {"time": 24673.484375, "Lat": 22.2158575, "Lon": 114.2235017, "geometric_height": 11525, "TId": "CPA859", "gsp": 263.5, "tan": 221.9238281}, "windSpd_kt": 22.437, "windDir_deg": 87.868, "temperature_K": 565.998, "address": "780aab", "createdAt": 