{"time": 24697.009293205, "bds50": {"value": {"rol": 0.2, "tan": 294.082, "gsp": 350, "tanR": null, "tas": 374}, "time": 24697.009293205, "msg": "02188d06967638774795819600a8001a31803d132bfffcbb7811f3"}, "bds60": {"value": {"mhd": 294.434, "ias": 299, "mach": 0.576, "bar": 2784, "ivv": 2624}, "time": 24696.171908059, "msg": "02188d069676068dcbdb819f00a0000915e8ba572422bc527811f3"}, "df17": {"time": 24695.84375, "Lat": 23.8099265, "Lon": 112.8982973, "geometric_height": 14100, "TId": "CHH7349", "gsp": 349.1, "tan": 293.9941406}, "windSpd_kt": 24.103, "windDir_deg": 119.552, "temperature_K": 555.08, "address": "7811f3", "createdAt": 