{"time": 24567.193775347, "bds50": {"value": {"rol": 14.4, "tan": 71.895, "gsp": 236, "tanR": 1.094, "tas": 236}, "time": 24566.383874627, "msg": "02188d069657ce959243807800a80009ab8a53331da11c76780126"}, "bds60": {"value": {"mhd": 80.508, "ias": 219, "mach": 0.36, "bar": 1920, "ivv": 1728}, "time": 24567.193775347, "msg": "02188d069657fedbacf3806500a00003399ca9b716a1e436780126"}, "df17": {"time": 24566.7890625, "Lat": 22.3396897, "Lon": 114.0330434, "geometric_height": 4675, "TId": "HDA694", "gsp": 237.1, "tan": 72.3284912}, "windSpd_kt": 35.443, "windDir_deg": -13.799, "temperature_K": 565.818, "address": "780126", "createdAt": 