{"time": 24679.159348836, "bds50": {"value": {"rol": 0.5, "tan": 79.98, "gsp": 294, "tanR": 0.062, "tas": 278}, "time": 24678.543110095, "msg": "02188d069671ebcbafcf908d00a800008980738f24e0148b781005"}, "bds60": {"value": {"mhd": 84.023, "ias": 250, "mach": 0.428, "bar": 32, "ivv": -32}, "time": 24679.159348836, "msg": "02188d0696721086be64918700a80000899de9f51ae00fff781005"}, "df17": {"time": 24678.765625, "Lat": 23.5475421, "Lon": 113.6896348, "geometric_height": 7025, "TId": "CSZ9993", "gsp": 294.4, "tan": 80.0244141}, "windSpd_kt": 25.745, "windDir_deg": 30.398, "temperature_K": 555.468, "address": "781005", "createdAt": 