{"time": 24707.448449138, "bds50": {"value": {"rol": -0.4, "tan": 162.246, "gsp": 416, "tanR": null, "tas": 428}, "time": 24707.448449138, "msg": "02188d069678a6b02872808c00a8001db0ffd737343ffcd678074b"}, "bds60": {"value": {"mhd": 169.805, "ias": 299, "mach": 0.688, "bar": 192, "ivv": 32}, "time": 24707.441095309, "msg": "02188d069678a63ff28d808a00a0000f10bc6a572b20340178074b"}, "df17": {"time": 24706.4921875, "Lat": 22.2688365, "Lon": 113.4503603, "geometric_height": 24300, "TId": "CSN6049", "gsp": 416.6, "tan": 162.388916}, "windSpd_kt": 56.908, "windDir_deg": 63.879, "temperature_K": 509.528, "address": "78074b", "createdAt": 