{"time": 24564.961331019, "bds50": {"value": {"rol": 0.4, "tan": 262.969, "gsp": 398, "tanR": null, "tas": 464}, "time": 24564.961331019, "msg": "02188d06965779cb474b81a600a00015bc805bb131fffce870e059"}, "bds60": {"value": {"mhd": 261.738, "ias": 271, "mach": 0.78, "bar": 0, "ivv": 32}, "time": 24564.133477761, "msg": "02188d06965748733d8181a700a00015bcdd1a1f30e0040170e059"}, "df17": {"time": 24563.46875, "Lat": 22.8322506, "Lon": 109.5857692, "geometric_height": 35975, "TId": "SWM214", "gsp": 397.9, "tan": 263.0731201}, "windSpd_kt": 66.643, "windDir_deg": 74.367, "temperature_K": 465.912, "address": "70e059", "createdAt": 