{"time": 24635.590870022, "bds50": {"value": {"rol": 0.0, "tan": 226.934, "gsp": 342, "tanR": null, "tas": 364}, "time": 24634.301880873, "msg": "02188d0696679ed01a29819000a8000a83801a172afffcb6780ccb"}, "bds60": {"value": {"mhd": 230.977, "ias": 298, "mach": 0.556, "bar": -224, "ivv": -192}, "time": 24635.590870022, "msg": "02188d069667eba48406819000a0000810d22a5522ffcffa780ccb"}, "df17": {"time": 24634.3984375, "Lat": 23.7869024, "Lon": 113.8401818, "geometric_height": 12350, "TId": "CSN3086", "gsp": 341.0, "tan": 226.9006348}, "windSpd_kt": 33.22, "windDir_deg": 97.516, "temperature_K": 564.302, "address": "780ccb", "createdAt": 