{"time": 24601.772360393, "bds50": {"value": {"rol": -0.2, "tan": 8.086, "gsp": 364, "tanR": 0.031, "tas": 358}, "time": 24601.772360393, "msg": "02188d0696600be702c9808800a8001812fff05d2da00cb3780c75"}, "bds60": {"value": {"mhd": 5.801, "ias": 281, "mach": 0.556, "bar": 128, "ivv": 0}, "time": 24601.701883741, "msg": "02188d06966007b39f5d918000a00009b8821a3322e02400780c75"}, "df17": {"time": 24601.5859375, "Lat": 22.4937987, "Lon": 113.8878822, "geometric_height": 15600, "TId": "CSN644", "gsp": 363.6, "tan": 8.2177734}, "windSpd_kt": 15.596, "windDir_deg": 74.322, "temperature_K": 545.852, "address": "780c75", "createdAt": 