{"time": 25148.020783104, "bds50": {"value": {"rol": 0.0, "tan": 112.852, "gsp": 226, "tanR": 0.062, "tas": 228}, "time": 25148.020783104, "msg": "02188d0696df3ad87800908400a80008148015051c601472781433"}, "bds60": {"value": {"mhd": 117.773, "ias": 207, "mach": 0.348, "bar": -384, "ivv": -544}, "time": 25147.323465565, "msg": "02188d0696df11483f5d808a00a000041aa9e99f15ffa7ef781433"}, "df17": {"time": 25147.109375, "Lat": 22.51899, "Lon": 113.5966802, "geometric_height": 5950, "TId": "CSZ9504", "gsp": 225.4, "tan": 112.6977539}, "windSpd_kt": 19.593, "windDir_deg": 19.459, "temperature_K": 565.156, "address": "781433", "createdAt": "06:59:08.056678"}