{"time": 24621.789240297, "bds50": {"value": {"rol": 0.4, "tan": 70.84, "gsp": 156, "tanR": null, "tas": 166}, "time": 24621.780576708, "msg": "02188d069664b47c29c4808200a000019a805327138004537801cc"}, "bds60": {"value": {"mhd": 71.895, "ias": 161, "mach": 0.252, "bar": -256, "ivv": -192}, "time": 24621.789240297, "msg": "02188d069664b5005be9808800a000019a9999430fffc7fa7801cc"}, "df17": {"time": 24621.3359375, "Lat": 22.2760677, "Lon": 113.7901425, "geometric_height": 1875, "TId": "CPA766", "gsp": 156.4, "tan": 70.9881592}, "windSpd_kt": 10.43, "windDir_deg": -92.119, "temperature_K": 571.312, "address": "7801cc", "createdAt": 