{"time": 24707.936529338, "bds50": {"value": {"rol": 0.5, "tan": 263.672, "gsp": 400, "tanR": 0.0, "tas": 448}, "time": 24707.343272852, "msg": "02188d069678a06b4b94819d00a8201e91807bb9322004e0780e17"}, "bds60": {"value": {"mhd": 263.848, "ias": 300, "mach": 0.724, "bar": 96, "ivv": 0}, "time": 24707.936529338, "msg": "02188d069678c3c7abba828b00a0201098ddda592d601c00780e17"}, "df17": {"time": 24707.65625, "Lat": 22.9147768, "Lon": 115.5326772, "geometric_height": 27150, "TId": "CDC8835", "gsp": 399.5, "tan": 263.6773682}, "windSpd_kt": 48.018, "windDir_deg": 85.314, "temperature_K": 504.124, "address": "780e17", "createdAt": 