{"time": 24629.196626661, "bds50": {"value": {"rol": 0.2, "tan": 197.578, "gsp": 420, "tanR": 0.031, "tas": 462}, "time": 24629.196626661, "msg": "02188d0696666e841ae5928a00a80019918038c934a00ce77809ab"}, "bds60": {"value": {"mhd": 207.246, "ias": 280, "mach": 0.776, "bar": -128, "ivv": 0}, "time": 24627.829091098, "msg": "02188d0696661d012b1a808f00a000149cc9ba3130bfe4007809ab"}, "df17": {"time": 24628.90625, "Lat": 23.6776829, "Lon": 113.9146399, "geometric_height": 33900, "TId": "CQH8579", "gsp": 420.6, "tan": 197.5726318}, "windSpd_kt": 85.298, "windDir_deg": 83.029, "temperature_K": 466.678, "address": "7809ab", "createdAt": 