{"time": 24645.756029411, "bds50": {"value": {"rol": 0.2, "tan": 111.973, "gsp": 362, "tanR": null, "tas": 360}, "time": 24645.756029411, "msg": "02188d06966a498889e3807600a8000dae8034fb2d7ffcb478018d"}, "bds60": {"value": {"mhd": 115.488, "ias": 321, "mach": 0.552, "bar": 992, "ivv": 1024}, "time": 24645.025674499, "msg": "02188d06966a1e003503807800a0000533a91a8322a0fc2078018d"}, "df17": {"time": 24645.6640625, "Lat": 22.2653818, "Lon": 114.2464614, "geometric_height": 7900, "TId": "CPA919", "gsp": 361.5, "tan": 112.0935059}, "windSpd_kt": 22.233, "windDir_deg": 28.889, "temperature_K": 559.996, "address": "78018d", "createdAt": 