{"time": 24711.91925198, "bds50": {"value": {"rol": -0.2, "tan": 200.215, "gsp": 410, "tanR": 0.0, "tas": 460}, "time": 24711.91925198, "msg": "02188d069679b12b320c809a00a8001994fff8e7336004e6780508"}, "bds60": {"value": {"mhd": 210.234, "ias": 278, "mach": 0.768, "bar": 0, "ivv": 0}, "time": 24711.910409995, "msg": "02188d069679b0a4470b809900a000149ccaca2d30200400780508"}, "df17": {"time": 24710.3125, "Lat": 24.1374779, "Lon": 114.10851, "geometric_height": 33825, "TId": "CSN3516", "gsp": 409.1, "tan": 200.1599121}, "windSpd_kt": 90.842, "windDir_deg": 81.974, "temperature_K": 472.336, "address": "780508", "createdAt": 