{"time": 25088.075426799, "bds50": {"value": {"rol": 0.0, "tan": 195.293, "gsp": 418, "tanR": 0.031, "tas": 460}, "time": 25088.068431732, "msg": "02188d0696d145682f74918900a000149c8018af34600ce6780508"}, "bds60": {"value": {"mhd": 205.137, "ias": 279, "mach": 0.772, "bar": 32, "ivv": 0}, "time": 25088.075426799, "msg": "02188d0696d145d2ebef828a00a000149cc8fa2f30600c00780508"}, "df17": {"time": 25087.0859375, "Lat": 23.459394, "Lon": 113.841598, "geometric_height": 33875, "TId": "CSN3516", "gsp": 417.9, "tan": 195.3973389}, "windSpd_kt": 86.174, "windDir_deg": 81.164, "temperature_K": 467.454, "address": "780508", "createdAt": "06:58:08.114129"}