{"time": 24681.476242398, "bds50": {"value": {"rol": -0.2, "tan": 268.066, "gsp": 364, "tanR": 0.0, "tas": 396}, "time": 24681.476242398, "msg": "02188d0696729a9fbbde809100a8000e2efffbeb2da004c6789211"}, "bds60": {"value": {"mhd": 269.824, "ias": 300, "mach": 0.616, "bar": -2016, "ivv": -1888}, "time": 24680.428182799, "msg": "02188d0696725c279d0f928a00a0200b3adffa5926be0fc5789211"}, "df17": {"time": 24681.078125, "Lat": 22.2758102, "Lon": 115.1119566, "geometric_height": 18225, "TId": "CRK611", "gsp": 365.2, "tan": 268.1158447}, "windSpd_kt": 34.054, "windDir_deg": 108.966, "temperature_K": 544.11, "address": "789211", "createdAt": 