{"time": 25063.268045858, "bds50": {"value": {"rol": -0.4, "tan": 64.688, "gsp": 494, "tanR": 0.0, "tas": 440}, "time": 25063.268045858, "msg": "02188d0696cb7f305422808700a800153dffd2e13de004dc7810b1"}, "bds60": {"value": {"mhd": 66.27, "ias": 292, "mach": 0.716, "bar": -1920, "ivv": -2016}, "time": 25063.259965879, "msg": "02188d0696cb7eb509b7808900a0001114979a492cfe27c17810b1"}, "df17": {"time": 25062.8984375, "Lat": 22.9706311, "Lon": 114.9569893, "geometric_height": 27825, "TId": "GCR7441", "gsp": 494.8, "tan": 64.6270752}, "windSpd_kt": 55.513, "windDir_deg": 52.048, "temperature_K": 497.206, "address": "7810b1", "createdAt": "06:57:43.312688"}