{"time": 24616.466200607, "bds50": {"value": {"rol": 0.7, "tan": 107.578, "gsp": 482, "tanR": null, "tas": 446}, "time": 24616.466200607, "msg": "02188d06966377b9381f819a00a8000e878094c93c7ffcdf7812d8"}, "bds60": {"value": {"mhd": 114.609, "ias": 294, "mach": 0.728, "bar": -1824, "ivv": -1536}, "time": 24616.458678306, "msg": "02188d06966377467022809f00a0001130a8ca4d2dbe3fd07812d8"}, "df17": {"time": 24615.6875, "Lat": 23.1907868, "Lon": 110.7215881, "geometric_height": 28025, "TId": "CSN6979", "gsp": 482.3, "tan": 107.4957275}, "windSpd_kt": 67.299, "windDir_deg": 53.364, "temperature_K": 494.156, "address": "7812d8", "createdAt": 