{"time": 24659.254039836, "bds50": {"value": {"rol": -0.2, "tan": 183.867, "gsp": 332, "tanR": 0.031, "tas": 344}, "time": 24659.254039836, "msg": "02188d06966d6e13d51c908b00a8000cbcfff82d29a00cac76cdb0"}, "bds60": {"value": {"mhd": 186.328, "ias": 316, "mach": 0.524, "bar": 3488, "ivv": 3296}, "time": 24657.942888952, "msg": "02188d06966d1fed41f8808b00a00003bec24a7920e36c6776cdb0"}, "df17": {"time": 24658.703125, "Lat": 21.9875908, "Lon": 114.0730834, "geometric_height": 5675, "TId": "SIA863", "gsp": 331.8, "tan": 183.9770508}, "windSpd_kt": 18.833, "windDir_deg": 55.526, "temperature_K": 567.43, "address": "76cdb0", "createdAt": 