{"time": 24569.790868246, "bds50": {"value": {"rol": 0.2, "tan": 357.363, "gsp": 286, "tanR": 0.0, "tas": 280}, "time": 24569.790868246, "msg": "02188d06965899a82b16808600a8001b34803fe323e0048c7811ae"}, "bds60": {"value": {"mhd": 358.066, "ias": 249, "mach": 0.432, "bar": -32, "ivv": 0}, "time": 24569.783839063, "msg": "02188d069658993ce957808800a000053bff59f31b3ffc007811ae"}, "df17": {"time": 24569.7734375, "Lat": 22.872355, "Lon": 113.7440944, "geometric_height": 8050, "TId": "CSZ8849", "gsp": 285.2, "tan": 357.3907471}, "windSpd_kt": 6.932, "windDir_deg": -32.345, "temperature_K": 553.104, "address": "7811ae", "createdAt": 