{"time": 25058.714441237, "bds50": {"value": {"rol": -7.2, "tan": 265.078, "gsp": 384, "tanR": -0.406, "tas": 426}, "time": 25057.590702755, "msg": "02188d0696ca2ccaf2a3819300a8001125fafbc9303f9cd57805e0"}, "bds60": {"value": {"mhd": 265.078, "ias": 297, "mach": 0.684, "bar": -2752, "ivv": -2688}, "time": 25058.714441237, "msg": "02188d0696ca6fc5d615829300a0000f10de4a532afd57ac7805e0"}, "df17": {"time": 25058.40625, "Lat": 22.9140472, "Lon": 115.5221844, "geometric_height": 24350, "TId": "CXA8643", "gsp": 384.1, "tan": 265.5230713}, "windSpd_kt": 42.0, "windDir_deg": 85.078, "temperature_K": 510.698, "address": "7805e0", "createdAt": "06:57:38.752976"}