{"time": 25051.747174454, "bds50": {"value": {"rol": 0.2, "tan": 14.062, "gsp": 202, "tanR": 0.0, "tas": 196}, "time": 25051.740222154, "msg": "02188d0696c8d013b2ca809500a8001c328030a119600462780b12"}, "bds60": {"value": {"mhd": 16.699, "ias": 180, "mach": 0.296, "bar": 96, "ivv": 0}, "time": 25051.747174454, "msg": "02188d0696c8d07dc836808e00a000039285f96912a01c00780b12"}, "df17": {"time": 25051.2890625, "Lat": 23.0598092, "Lon": 113.1980824, "geometric_height": 4925, "TId": "CSN3438", "gsp": 203.2, "tan": 14.2437744}, "windSpd_kt": 10.948, "windDir_deg": -41.395, "temperature_K": 577.28, "address": "780b12", "createdAt": "06:57:31.777151"}