{"time": 24638.773917752, "bds50": {"value": {"rol": 0.2, "tan": 33.398, "gsp": 486, "tanR": 0.0, "tas": 440}, "time": 24637.8645297, "msg": "02188d0696687329cf24809b00a80009bf80317d3ce004dc7809a1"}, "bds60": {"value": {"mhd": 30.938, "ias": 252, "mach": 0.748, "bar": 192, "ivv": 64}, "time": 24638.773917752, "msg": "02188d069668a95df838819300a00016908b09f92ee034027809a1"}, "df17": {"time": 24638.046875, "Lat": 22.5487947, "Lon": 116.0474038, "geometric_height": 37025, "TId": "CDG8446", "gsp": 486.5, "tan": 33.4313965}, "windSpd_kt": 50.101, "windDir_deg": 55.543, "temperature_K": 455.576, "address": "7809a1", "createdAt": 