{"time": 24736.9639971, "bds50": {"value": {"rol": -0.9, "tan": 184.922, "gsp": 314, "tanR": -0.062, "tas": 324}, "time": 24736.9639971, "msg": "02188d06967f85f3adac807e00a80009abff7839277ff4a2780126"}, "bds60": {"value": {"mhd": 186.68, "ias": 300, "mach": 0.492, "bar": -64, "ivv": 0}, "time": 24736.538985956, "msg": "02188d06967f6c9e85e4807300a80009abc26a591efff400780126"}, "df17": {"time": 24736.9453125, "Lat": 22.132709, "Lon": 114.084177, "geometric_height": 5100, "TId": "HDA694", "gsp": 313.1, "tan": 184.9438477}, "windSpd_kt": 13.992, "windDir_deg": 50.189, "temperature_K": 570.976, "address": "780126", "createdAt": 