{"time": 24664.234381357, "bds50": {"value": {"rol": -1.6, "tan": 263.672, "gsp": 334, "tanR": -0.094, "tas": 364}, "time": 24664.234381357, "msg": "02188d06966e96edd02d808e00a0000ab2fefbb929ffecb679a054"}, "bds60": {"value": {"mhd": 267.012, "ias": 279, "mach": 0.568, "bar": -2048, "ivv": -2080}, "time": 24663.480881734, "msg": "02188d06966e6a045246809100a0000ab3defa2f23be07bf79a054"}, "df17": {"time": 24662.9921875, "Lat": 22.8470564, "Lon": 114.8743773, "geometric_height": 17175, "TId": "CSN6325", "gsp": 334.0, "tan": 263.638916}, "windSpd_kt": 36.236, "windDir_deg": 119.493, "temperature_K": 540.71, "address": "79a054", "createdAt": 