{"time": 24739.445413561, "bds50": {"value": {"rol": -2.8, "tan": 162.07, "gsp": 418, "tanR": -0.125, "tas": 428}, "time": 24739.445413561, "msg": "02188d06968019db16b9808d00a8001db0fe1735347fe4d678074b"}, "bds60": {"value": {"mhd": 169.102, "ias": 299, "mach": 0.688, "bar": 96, "ivv": 0}, "time": 24739.443138129, "msg": "02188d06968019b85e51808d00a0000f10bc2a572b201c0078074b"}, "df17": {"time": 24738.171875, "Lat": 22.2104931, "Lon": 113.4700584, "geometric_height": 24300, "TId": "CSN6049", "gsp": 416.8, "tan": 162.2625732}, "windSpd_kt": 52.834, "windDir_deg": 64.697, "temperature_K": 509.528, "address": "78074b", "createdAt": 