{"time": 25062.673776538, "bds50": {"value": {"rol": 0.0, "tan": 44.473, "gsp": 140, "tanR": -0.188, "tas": 148}, "time": 25062.666789312, "msg": "02188d0696cb5b59e1c0919200a80008158011fb11bfd44a780e5a"}, "bds60": {"value": {"mhd": 46.582, "ias": 145, "mach": 0.224, "bar": -864, "ivv": -800}, "time": 25062.673776538, "msg": "02188d0696cb5bc47f9a929200a00001389099230e3f2fe7780e5a"}, "df17": {"time": 25062.5703125, "Lat": 21.9431949, "Lon": 113.3092332, "geometric_height": 1425, "TId": "CDG4705", "gsp": 139.3, "tan": 44.7088623}, "windSpd_kt": 9.595, "windDir_deg": -100.943, "temperature_K": 574.758, "address": "780e5a", "createdAt": "06:57:42.715740"}