{"time": 24667.862322885, "bds50": {"value": {"rol": 0.2, "tan": 207.246, "gsp": 406, "tanR": 0.031, "tas": 456}, "time": 24667.862322885, "msg": "02188d06966f6f2bcec5829900a80007bc80393732e00ce478122c"}, "bds60": {"value": {"mhd": 217.09, "ias": 258, "mach": 0.78, "bar": -160, "ivv": -32}, "time": 24667.846938884, "msg": "02188d06966f6e411104819800a000171ccd3a0530ffdfff78122c"}, "df17": {"time": 24667.6171875, "Lat": 23.8468981, "Lon": 114.0458536, "geometric_height": 38100, "TId": "CES5602", "gsp": 405.6, "tan": 207.1362305}, "windSpd_kt": 89.171, "windDir_deg": 88.206, "temperature_K": 449.986, "address": "78122c", "createdAt": 