{"time": 25298.414393363, "bds50": {"value": {"rol": 0.0, "tan": 215.156, "gsp": 312, "tanR": 0.0, "tas": 328}, "time": 25297.098177134, "msg": "02188d069701f08cfa6e808200a000073f801991272004a4780265"}, "bds60": {"value": {"mhd": 218.145, "ias": 271, "mach": 0.5, "bar": -1248, "ivv": -1120}, "time": 25298.414393363, "msg": "02188d0697023f00d813908300a000073ecd9a1f1f7ecfdd780265"}, "df17": {"time": 25297.875, "Lat": 22.4772978, "Lon": 113.5537434, "geometric_height": 11500, "TId": "CSN3690", "gsp": 311.6, "tan": 215.0683594}, "windSpd_kt": 23.118, "windDir_deg": 82.873, "temperature_K": 566.586, "address": "780265", "createdAt": "07:01:38.451817"}