{"time": 24664.888708371, "bds50": {"value": {"rol": -0.2, "tan": 200.215, "gsp": 408, "tanR": null, "tas": 460}, "time": 24664.888708371, "msg": "02188d06966ebdee0d13829200a8001994fff8e7333ffce6780508"}, "bds60": {"value": {"mhd": 210.234, "ias": 279, "mach": 0.772, "bar": 0, "ivv": 0}, "time": 24663.958525883, "msg": "02188d06966e867c97bb819000a000149ccaca2f30600400780508"}, "df17": {"time": 24664.578125, "Lat": 24.2188883, "Lon": 114.1413188, "geometric_height": 33800, "TId": "CSN3516", "gsp": 408.0, "tan": 200.2093506}, "windSpd_kt": 91.805, "windDir_deg": 80.874, "temperature_K": 467.454, "address": "780508", "createdAt": 