{"time": 24697.37134587, "bds50": {"value": {"rol": -3.3, "tan": 219.199, "gsp": 230, "tanR": -0.312, "tas": 238}, "time": 24697.37134587, "msg": "02188d0696764e0bc3ce808300a800111dfdb9bf1cffb477780a9b"}, "bds60": {"value": {"mhd": 220.605, "ias": 211, "mach": 0.364, "bar": -512, "ivv": -576}, "time": 24696.848310371, "msg": "02188d0696762edee063807f00a000051dce79a716ff87ee780a9b"}, "df17": {"time": 24697.078125, "Lat": 22.1274948, "Lon": 114.0884471, "geometric_height": 7675, "TId": "CPA188", "gsp": 230.3, "tan": 219.3585205}, "windSpd_kt": 9.847, "windDir_deg": 75.573, "temperature_K": 562.872, "address": "780a9b", "createdAt": 