{"time": 24661.709612113, "bds50": {"value": {"rol": -0.2, "tan": 331.875, "gsp": 356, "tanR": null, "tas": 366}, "time": 24661.709612113, "msg": "02188d06966e0070e451808800a800189ffffec12cbffcb7780bcf"}, "bds60": {"value": {"mhd": 329.238, "ias": 279, "mach": 0.572, "bar": -928, "ivv": -896}, "time": 24661.226264252, "msg": "02188d06966de3a196bc808600a0000b1af51a2f23ff1fe4780bcf"}, "df17": {"time": 24660.78125, "Lat": 22.1357989, "Lon": 113.9946985, "geometric_height": 17775, "TId": "CSN3070", "gsp": 354.9, "tan": 331.9189453}, "windSpd_kt": 19.389, "windDir_deg": 91.595, "temperature_K": 539.048, "address": "780bcf", "createdAt": 