{"time": 24664.924724992, "bds50": {"value": {"rol": -0.2, "tan": 294.609, "gsp": 412, "tanR": null, "tas": 454}, "time": 24664.924724992, "msg": "02188d06966ec0139f00829d00a8001b30fffd1933bffce3780e98"}, "bds60": {"value": {"mhd": 291.094, "ias": 295, "mach": 0.74, "bar": -64, "ivv": 32}, "time": 24664.424192597, "msg": "02188d06966ea23e1a55829e00a00011b8e78a4f2e7ff401780e98"}, "df17": {"time": 24664.5859375, "Lat": 23.9078379, "Lon": 112.6272225, "geometric_height": 29100, "TId": "CHH7751", "gsp": 411.3, "tan": 294.5709229}, "windSpd_kt": 49.677, "windDir_deg": 80.531, "temperature_K": 495.572, "address": "780e98", "createdAt": 