{"time": 24621.97505555, "bds50": {"value": {"rol": -0.2, "tan": 111.973, "gsp": 350, "tanR": null, "tas": 348}, "time": 24621.97505555, "msg": "02188d069664c013acbe808000a8000daefff4fb2bfffcae78018d"}, "bds60": {"value": {"mhd": 115.488, "ias": 311, "mach": 0.532, "bar": 992, "ivv": 992}, "time": 24621.231240208, "msg": "02188d06966493bdf410808500a0000513a91a6f2160fc1f78018d"}, "df17": {"time": 24621.6328125, "Lat": 22.2803593, "Lon": 114.2067003, "geometric_height": 7475, "TId": "CPA919", "gsp": 348.5, "tan": 112.0770264}, "windSpd_kt": 21.5, "windDir_deg": 29.065, "temperature_K": 563.37, "address": "78018d", "createdAt": 