{"time": 25052.501875539, "bds50": {"value": {"rol": 0.0, "tan": 58.711, "gsp": 464, "tanR": -0.062, "tas": 424}, "time": 25051.18114903, "msg": "02188d0696c8aec0eb66808f00a80001a680129d3a3ff4d4780a9e"}, "bds60": {"value": {"mhd": 60.469, "ias": 299, "mach": 0.676, "bar": -1824, "ivv": -1792}, "time": 25052.501875539, "msg": "02188d0696c8fd799b53808c00a0000e3e958a572a7e3fc8780a9e"}, "df17": {"time": 25052.2109375, "Lat": 21.433897, "Lon": 113.2415771, "geometric_height": 23575, "TId": "CRK170", "gsp": 462.7, "tan": 58.6120605}, "windSpd_kt": 42.252, "windDir_deg": 40.781, "temperature_K": 517.96, "address": "780a9e", "createdAt": "06:57:32.546399"}