{"time": 24567.360233233, "bds50": {"value": {"rol": 0.0, "tan": 268.066, "gsp": 370, "tanR": 0.031, "tas": 396}, "time": 24567.360233233, "msg": "02188d06965808c79f11809900a800160f801beb2e600cc6780a49"}, "bds60": {"value": {"mhd": 271.23, "ias": 309, "mach": 0.616, "bar": -2368, "ivv": -2432}, "time": 24567.348345393, "msg": "02188d06965808123a31808d00a0000a37e07a6b26bdb7b4780a49"}, "df17": {"time": 24566.796875, "Lat": 22.2725058, "Lon": 115.0085521, "geometric_height": 16525, "TId": "CPA495", "gsp": 369.1, "tan": 267.9840088}, "windSpd_kt": 33.507, "windDir_deg": 128.782, "temperature_K": 544.11, "address": "780a49", "createdAt": 