{"time": 24625.113544369, "bds50": {"value": {"rol": 0.0, "tan": 333.984, "gsp": 332, "tanR": 0.031, "tas": 344}, "time": 24625.113544369, "msg": "02188d0696657b2536b1808e00a800049d801ed929a00cac7807dc"}, "bds60": {"value": {"mhd": 331.523, "ias": 260, "mach": 0.536, "bar": 1472, "ivv": 1504}, "time": 24625.099031782, "msg": "02188d0696657a47c4e6808e00a0000b34f5ea0921a1742f7807dc"}, "df17": {"time": 24624.890625, "Lat": 23.2039404, "Lon": 113.5606742, "geometric_height": 18000, "TId": "CSN6274", "gsp": 330.5, "tan": 333.9788818}, "windSpd_kt": 18.833, "windDir_deg": 102.325, "temperature_K": 542.306, "address": "7807dc", "createdAt": 