{"time": 24680.965470436, "bds50": {"value": {"rol": -4.0, "tan": 41.309, "gsp": 398, "tanR": -0.312, "tas": 376}, "time": 24680.965470436, "msg": "02188d0696727c2df8e4808000a8001e31fd31d731ffb4bc7805f5"}, "bds60": {"value": {"mhd": 42.363, "ias": 309, "mach": 0.576, "bar": 224, "ivv": 32}, "time": 24680.958104257, "msg": "02188d0696727bbd92c1808100a00008108f1a6b24203c017805f5"}, "df17": {"time": 24680.8125, "Lat": 22.9380369, "Lon": 114.2399383, "geometric_height": 12475, "TId": "DKH1034", "gsp": 397.3, "tan": 41.6326904}, "windSpd_kt": 23.122, "windDir_deg": 23.904, "temperature_K": 561.034, "address": "7805f5", "createdAt": 