{"time": 24655.685848074, "bds50": {"value": {"rol": -0.2, "tan": 247.324, "gsp": 406, "tanR": null, "tas": 464}, "time": 24655.651714701, "msg": "02188d06966c975cb68d828c00a000149cfffaff32fffce8780ead"}, "bds60": {"value": {"mhd": 251.016, "ias": 280, "mach": 0.776, "bar": -480, "ivv": -448}, "time": 24655.685848074, "msg": "02188d06966c99658c0a818b00a000149cd94a3130bf8ff2780ead"}, "df17": {"time": 24654.78125, "Lat": 22.0450974, "Lon": 112.8786635, "geometric_height": 33925, "TId": "CXA837", "gsp": 405.2, "tan": 247.3571777}, "windSpd_kt": 64.389, "windDir_deg": 94.971, "temperature_K": 470.728, "address": "780ead", "createdAt": 