{"time": 24587.325492368, "bds50": {"value": {"rol": 0.4, "tan": 70.312, "gsp": 156, "tanR": null, "tas": 166}, "time": 24587.325492368, "msg": "02188d06965caecd4c90808e00a800199e805321138004537801cc"}, "bds60": {"value": {"mhd": 71.895, "ias": 161, "mach": 0.252, "bar": -160, "ivv": -224}, "time": 24586.1045418, "msg": "02188d06965c66071268808300a000019f9999430fffdff97801cc"}, "df17": {"time": 24586.8203125, "Lat": 22.2678065, "Lon": 113.7647581, "geometric_height": 1975, "TId": "CPA766", "gsp": 154.9, "tan": 70.3948975}, "windSpd_kt": 10.944, "windDir_deg": -84.915, "temperature_K": 571.312, "address": "7801cc", "createdAt": 