{"time": 25053.706512655, "bds50": {"value": {"rol": 0.0, "tan": 76.992, "gsp": 346, "tanR": -0.062, "tas": 332}, "time": 25053.706512655, "msg": "02188d0696c94546e90f807800a8000caf80136d2b7ff4a6780239"}, "bds60": {"value": {"mhd": 80.156, "ias": 279, "mach": 0.508, "bar": 2048, "ivv": 2080}, "time": 25053.700079974, "msg": "02188d0696c944e4c166807800a00007139c8a2f1fe20441780239"}, "df17": {"time": 25053.3828125, "Lat": 22.325635, "Lon": 114.3107486, "geometric_height": 10800, "TId": "HDA704", "gsp": 345.8, "tan": 76.9702148}, "windSpd_kt": 23.371, "windDir_deg": 25.358, "temperature_K": 562.35, "address": "780239", "createdAt": "06:57:33.752337"}