{"time": 24696.712042035, "bds50": {"value": {"rol": 0.2, "tan": 215.859, "gsp": 262, "tanR": -0.062, "tas": 276}, "time": 24696.705103881, "msg": "02188d0696762655b809807400a000073f80399920fff48a780aab"}, "bds60": {"value": {"mhd": 220.078, "ias": 229, "mach": 0.424, "bar": -640, "ivv": -608}, "time": 24696.712042035, "msg": "02188d06967626bf9633807500a000073fce49cb1abf67ed780aab"}, "df17": {"time": 24696.28125, "Lat": 22.1936274, "Lon": 114.2054772, "geometric_height": 11500, "TId": "CPA859", "gsp": 262.1, "tan": 215.9967041}, "windSpd_kt": 24.247, "windDir_deg": 92.729, "temperature_K": 557.884, "address": "780aab", "createdAt": 