{"time": 24576.914477357, "bds50": {"value": {"rol": 0.2, "tan": 263.145, "gsp": 398, "tanR": 0.0, "tas": 466}, "time": 24576.860016823, "msg": "02188d06965a3f02d0b782a500a800073b803bb331e004e970801b"}, "bds60": {"value": {"mhd": 262.969, "ias": 273, "mach": 0.788, "bar": 0, "ivv": 0}, "time": 24576.914477357, "msg": "02188d06965a4241d12d82a500a00015bcdd8a233160040070801b"}, "df17": {"time": 24575.5078125, "Lat": 23.0501103, "Lon": 111.3750172, "geometric_height": 35875, "TId": "LAO922", "gsp": 396.8, "tan": 263.1994629}, "windSpd_kt": 68.013, "windDir_deg": 81.939, "temperature_K": 460.444, "address": "70801b", "createdAt": 