{"time": 24664.871169452, "bds50": {"value": {"rol": 15.3, "tan": 340.137, "gsp": 258, "tanR": 1.156, "tas": 254}, "time": 24664.871169452, "msg": "02188d06966ebce26dac908400a8000f348aff1f20612c7f78029c"}, "bds60": {"value": {"mhd": 344.531, "ias": 234, "mach": 0.384, "bar": 3136, "ivv": 3072}, "time": 24664.863806221, "msg": "02188d06966ebc72130d808400a000039cfa89d51823146078029c"}, "df17": {"time": 24664.4453125, "Lat": 22.7585864, "Lon": 113.7443089, "geometric_height": 5125, "TId": "CCA1368", "gsp": 257.3, "tan": 338.8183594}, "windSpd_kt": 20.031, "windDir_deg": -96.156, "temperature_K": 576.054, "address": "78029c", "createdAt": 