{"time": 24736.674544519, "bds50": {"value": {"rol": 1.1, "tan": 71.543, "gsp": 218, "tanR": 0.062, "tas": 224}, "time": 24736.674544519, "msg": "02188d06967f74b2fb87808900a8000ca880d32f1b60147076aa77"}, "bds60": {"value": {"mhd": 75.586, "ias": 214, "mach": 0.34, "bar": 4384, "ivv": 4352}, "time": 24736.531844637, "msg": "02188d06967f6c318e1d806d00a00002909ae9ad15644c8876aa77"}, "df17": {"time": 24736.6171875, "Lat": 22.3292184, "Lon": 113.9969945, "geometric_height": 3150, "TId": "JSA698", "gsp": 218.2, "tan": 71.5649414}, "windSpd_kt": 16.705, "windDir_deg": -37.472, "temperature_K": 571.474, "address": "76aa77", "createdAt": 