{"time": 25026.808945076, "bds50": {"value": {"rol": 0.4, "tan": 0.176, "gsp": 438, "tanR": null, "tas": 414}, "time": 25026.800993686, "msg": "02188d0696c301954596819700a800180b80500336fffccf70e066"}, "bds60": {"value": {"mhd": 22.324, "ias": 303, "mach": 0.652, "bar": -3328, "ivv": null}, "time": 25026.808945076, "msg": "02188d0696c3020e99b4819700a0000cbf87fa5f28fcc00070e066"}, "df17": {"time": 25025.765625, "Lat": 20.636251, "Lon": 112.9540658, "geometric_height": 21175, "TId": "MKR500", "gsp": 437.7, "tan": 22.2857666}, "windSpd_kt": 165.336, "windDir_deg": -70.56, "temperature_K": 530.84, "address": "70e066", "createdAt": "06:57:06.890892"}