{"time": 25053.706360218, "bds50": {"value": {"rol": 0.0, "tan": 265.957, "gsp": 370, "tanR": 0.094, "tas": 398}, "time": 25053.706360218, "msg": "02188d0696c94544959a808b00a800178d801bd32e601cc7899029"}, "bds60": {"value": {"mhd": 267.891, "ias": 290, "mach": 0.632, "bar": -2432, "ivv": -2240}, "time": 25053.699453192, "msg": "02188d0696c944db3108808c00a0000d1edf4a4527bda7ba899029"}, "df17": {"time": 25053.4609375, "Lat": 22.3727775, "Lon": 114.4856715, "geometric_height": 21450, "TId": "TTW371", "gsp": 370.9, "tan": 265.9790039}, "windSpd_kt": 30.851, "windDir_deg": 111.766, "temperature_K": 522.144, "address": "899029", "createdAt": "06:57:33.746136"}