{"time": 24578.704354979, "bds50": {"value": {"rol": 0.0, "tan": 331.875, "gsp": 366, "tanR": null, "tas": 376}, "time": 24578.704354979, "msg": "02188d06965aacf12ea3808700a800189f801ec12dfffcbc780bcf"}, "bds60": {"value": {"mhd": 329.414, "ias": 280, "mach": 0.588, "bar": -960, "ivv": -896}, "time": 24577.837951934, "msg": "02188d06965a794cebbe808600a800189ff52a3124ff17e4780bcf"}, "df17": {"time": 24578.375, "Lat": 22.0143485, "Lon": 114.0639639, "geometric_height": 19125, "TId": "CSN3070", "gsp": 365.0, "tan": 331.8914795}, "windSpd_kt": 18.811, "windDir_deg": 92.75, "temperature_K": 538.368, "address": "780bcf", "createdAt": 