{"time": 24664.958488578, "bds50": {"value": {"rol": -0.5, "tan": 70.84, "gsp": 288, "tanR": -0.062, "tas": 278}, "time": 24664.958488578, "msg": "02188d06966ec216d002808300a8000f30ffb327243ff48b780f95"}, "bds60": {"value": {"mhd": 74.531, "ias": 250, "mach": 0.428, "bar": 2656, "ivv": 2688}, "time": 24664.941057612, "msg": "02188d06966ec10cd64c808600a00004b89a89f51ae29c54780f95"}, "df17": {"time": 24664.6953125, "Lat": 22.8016949, "Lon": 113.8626051, "geometric_height": 7100, "TId": "CSH9332", "gsp": 288.7, "tan": 70.9991455}, "windSpd_kt": 20.788, "windDir_deg": 11.423, "temperature_K": 555.468, "address": "780f95", "createdAt": 