{"time": 25039.29723241, "bds50": {"value": {"rol": -0.2, "tan": 64.688, "gsp": 492, "tanR": 0.0, "tas": 440}, "time": 25039.29723241, "msg": "02188d0696c5ea6abe1a808d00a800153dfff2e13da004dc7810b1"}, "bds60": {"value": {"mhd": 66.27, "ias": 290, "mach": 0.716, "bar": -96, "ivv": 32}, "time": 25039.289157187, "msg": "02188d0696c5e9ef8643808d00a0001130979a452cffec017810b1"}, "df17": {"time": 25039.1171875, "Lat": 22.9472637, "Lon": 114.9037743, "geometric_height": 28125, "TId": "GCR7441", "gsp": 493.3, "tan": 64.6820068}, "windSpd_kt": 53.563, "windDir_deg": 51.58, "temperature_K": 497.206, "address": "7810b1", "createdAt": "06:57:19.332875"}