{"time": 24693.76922108, "bds50": {"value": {"rol": 0.0, "tan": 66.797, "gsp": 484, "tanR": 0.0, "tas": 440}, "time": 24693.761454326, "msg": "02188d06967576e130f680a300a80015398012f93ca004dc781200"}, "bds60": {"value": {"mhd": 68.73, "ias": 290, "mach": 0.716, "bar": -128, "ivv": 0}, "time": 24693.76922108, "msg": "02188d0696757757b3d8819a00a0001130987a452cffe400781200"}, "df17": {"time": 24693, "Lat": 21.7606115, "Lon": 112.4373865, "geometric_height": 28050, "TId": "GCR6549", "gsp": 484.3, "tan": 66.7694092}, "windSpd_kt": 46.673, "windDir_deg": 48.256, "temperature_K": 497.206, "address": "781200", "createdAt": 