{"time": 24603.215970701, "bds50": {"value": {"rol": 3.3, "tan": 292.324, "gsp": 180, "tanR": 0.344, "tas": 168}, "time": 24603.215970701, "msg": "02188d06966061f2c18d807300a80006ac827cff16a05c54780451"}, "bds60": {"value": {"mhd": 298.652, "ias": 162, "mach": 0.256, "bar": -960, "ivv": -992}, "time": 24603.209615468, "msg": "02188d0696606191c86c807300a0000216ea3945103f17e1780451"}, "df17": {"time": 24602.953125, "Lat": 22.4824262, "Lon": 113.8935256, "geometric_height": 2650, "TId": "CSN3554", "gsp": 180.4, "tan": 292.1539307}, "windSpd_kt": 22.638, "windDir_deg": -122.556, "temperature_K": 567.018, "address": "780451", "createdAt": 