{"time": 24709.205131306, "bds50": {"value": {"rol": 3.2, "tan": 175.078, "gsp": 314, "tanR": 0.188, "tas": 324}, "time": 24709.205131306, "msg": "02188d0696790f65002a807500a80009ab8257c9276034a2780126"}, "bds60": {"value": {"mhd": 177.188, "ias": 300, "mach": 0.492, "bar": -32, "ivv": 0}, "time": 24708.739498055, "msg": "02188d069678f3a40047827a00a0000398bf0a591efffc00780126"}, "df17": {"time": 24709.1484375, "Lat": 22.1731997, "Lon": 114.084928, "geometric_height": 5075, "TId": "HDA694", "gsp": 313.1, "tan": 175.0561523}, "windSpd_kt": 15.426, "windDir_deg": 45.731, "temperature_K": 570.976, "address": "780126", "createdAt": 