{"time": 24653.688625641, "bds50": {"value": {"rol": -0.4, "tan": 227.285, "gsp": 376, "tanR": null, "tas": 394}, "time": 24653.140671695, "msg": "02188d06966c01b13ccf808000a800101fffda1b2f3ffcc5780476"}, "bds60": {"value": {"mhd": 230.273, "ias": 319, "mach": 0.604, "bar": 480, "ivv": 544}, "time": 24653.688625641, "msg": "02188d06966c225a59e9807f00a0000898d1ea7f25e07c11780476"}, "df17": {"time": 24653.3125, "Lat": 22.4898934, "Lon": 113.7782335, "geometric_height": 13425, "TId": "CSZ8909", "gsp": 375.7, "tan": 227.2631836}, "windSpd_kt": 26.959, "windDir_deg": 96.909, "temperature_K": 560.242, "address": "780476", "createdAt": 