{"time": 24572.083183722, "bds50": {"value": {"rol": 0.4, "tan": 39.727, "gsp": 498, "tanR": 0.0, "tas": 454}, "time": 24572.083183722, "msg": "02188d069659224a206a929b00a800151f8051c53e6004e3780e0d"}, "bds60": {"value": {"mhd": 39.199, "ias": 299, "mach": 0.736, "bar": 64, "ivv": 32}, "time": 24572.075820291, "msg": "02188d06965921d9c503819700a00011308dfa572e201401780e0d"}, "df17": {"time": 24572, "Lat": 22.3776484, "Lon": 111.864531, "geometric_height": 28050, "TId": "CSZ9324", "gsp": 497.9, "tan": 39.7045898}, "windSpd_kt": 44.218, "windDir_deg": 45.156, "temperature_K": 500.972, "address": "780e0d", "createdAt": 