{"time": 25249.706312397, "bds50": {"value": {"rol": 0.2, "tan": 227.109, "gsp": 358, "tanR": null, "tas": 450}, "time": 25249.706312397, "msg": "02188d0696f6e7c682cd81a600a00015bc803a192cfffce178124a"}, "bds60": {"value": {"mhd": 237.305, "ias": 262, "mach": 0.76, "bar": 0, "ivv": 0}, "time": 25249.57901246, "msg": "02188d0696f6e030116c81aa00a00015bcd46a0d2fa0040078124a"}, "df17": {"time": 25247.75, "Lat": 26.0933661, "Lon": 115.0792551, "geometric_height": 35725, "TId": null, "gsp": 358.8, "tan": 227.1478271}, "windSpd_kt": 116.414, "windDir_deg": 90.286, "temperature_K": 461.59, "address": "78124a", "createdAt": "07:00:49.744446"}