{"time": 25296.185492373, "bds50": {"value": {"rol": 20.4, "tan": 238.887, "gsp": 412, "tanR": 0.969, "tas": 444}, "time": 25296.185492373, "msg": "02188d069701ba268395928700a8001a368e9a9f33a0fcde880456"}, "bds60": {"value": {"mhd": 243.457, "ias": 303, "mach": 0.716, "bar": 640, "ivv": 640}, "time": 25296.178269951, "msg": "02188d069701b9b84eff808e00a0000fbcd69a5f2ce0a414880456"}, "df17": {"time": 25295.5234375, "Lat": 21.3285184, "Lon": 113.9422131, "geometric_height": 25975, "TId": "AIQ763", "gsp": 410.2, "tan": 236.7333984}, "windSpd_kt": 46.767, "windDir_deg": 108.039, "temperature_K": 506.288, "address": "880456", "createdAt": "07:01:36.222412"}