{"time": 24662.663242357, "bds50": {"value": {"rol": 0.2, "tan": 90.527, "gsp": 314, "tanR": 0.0, "tas": 300}, "time": 24662.647794695, "msg": "02188d06966e385c6c07818900a000071180340727600496780b12"}, "bds60": {"value": {"mhd": 94.746, "ias": 250, "mach": 0.456, "bar": -1024, "ivv": -1184}, "time": 24662.663242357, "msg": "02188d06966e39482275809100a0000711a1b9f51cbf07db780b12"}, "df17": {"time": 24662.640625, "Lat": 23.0691004, "Lon": 112.8035188, "geometric_height": 10700, "TId": "CSN3438", "gsp": 314.0, "tan": 90.5493164}, "windSpd_kt": 26.581, "windDir_deg": 34.395, "temperature_K": 569.864, "address": "780b12", "createdAt": 