{"time": 24610.269191367, "bds50": {"value": {"rol": -0.2, "tan": 338.203, "gsp": 246, "tanR": -0.094, "tas": 238}, "time": 24609.478799562, "msg": "02188d069661d73df0ca807e00a800111dffff091effec77780a9b"}, "bds60": {"value": {"mhd": 340.137, "ias": 211, "mach": 0.368, "bar": -384, "ivv": -480}, "time": 24610.269191367, "msg": "02188d069662065a5cc7807e00a000059af8f9a7173fa7f1780a9b"}, "df17": {"time": 24610.109375, "Lat": 22.1009946, "Lon": 114.1593003, "geometric_height": 8425, "TId": "CPA188", "gsp": 245.9, "tan": 338.0273438}, "windSpd_kt": 11.432, "windDir_deg": -66.43, "temperature_K": 550.702, "address": "780a9b", "createdAt": 