{"time": 24697.039526417, "bds50": {"value": {"rol": 0.4, "tan": 70.488, "gsp": 484, "tanR": 0.031, "tas": 434}, "time": 24695.746172748, "msg": "02188d069675ed2d974c819200a80001a68053233ca00cd9780a9e"}, "bds60": {"value": {"mhd": 72.598, "ias": 274, "mach": 0.712, "bar": 288, "ivv": 0}, "time": 24697.039526417, "msg": "02188d0696763a449a11819200a00012b499da252ca04c00780a9e"}, "df17": {"time": 24693.7734375, "Lat": 21.1597967, "Lon": 112.4427295, "geometric_height": 30850, "TId": "CRK170", "gsp": 483.0, "tan": 70.4003906}, "windSpd_kt": 52.772, "windDir_deg": 52.862, "temperature_K": 489.19, "address": "780a9e", "createdAt": 