{"time": 24572.608594215, "bds50": {"value": {"rol": 3.7, "tan": 275.625, "gsp": 428, "tanR": 0.156, "tas": 472}, "time": 24572.608594215, "msg": "02188d069659419b4127818900a80013ad82bc4135a02cec780d33"}, "bds60": {"value": {"mhd": 275.625, "ias": 315, "mach": 0.768, "bar": -2272, "ivv": -1856}, "time": 24571.587904056, "msg": "02188d06965904c4c238808e00a00010bbe20a77303dcfc6780d33"}, "df17": {"time": 24571.8828125, "Lat": 22.1098995, "Lon": 113.1301689, "geometric_height": 27675, "TId": "GCR6536", "gsp": 428.7, "tan": 275.2185059}, "windSpd_kt": 44.0, "windDir_deg": 95.625, "temperature_K": 497.3, "address": "780d33", "createdAt": 