{"time": 24667.502103792, "bds50": {"value": {"rol": 0.2, "tan": 259.805, "gsp": 356, "tanR": 0.031, "tas": 376}, "time": 24666.894498397, "msg": "02188d06966f357bfa5d808a00a8001d80803b8d2ca00cbc780265"}, "bds60": {"value": {"mhd": 261.562, "ias": 301, "mach": 0.58, "bar": -1056, "ivv": -992}, "time": 24667.502103792, "msg": "02188d06966f59b34cf0808b00a000091fdd0a5b247effe1780265"}, "df17": {"time": 24667.1953125, "Lat": 22.7990556, "Lon": 114.5776391, "geometric_height": 14475, "TId": "CSN3690", "gsp": 355.5, "tan": 259.7937012}, "windSpd_kt": 22.932, "windDir_deg": 109.986, "temperature_K": 553.322, "address": "780265", "createdAt": 