{"time": 24577.972322478, "bds50": {"value": {"rol": 25.0, "tan": 256.465, "gsp": 230, "tanR": 2.125, "tas": 226}, "time": 24577.965225028, "msg": "02188d06965a80e2f444807e00a000039191db671ce224717801c2"}, "bds60": {"value": {"mhd": 258.398, "ias": 209, "mach": 0.344, "bar": -576, "ivv": -576}, "time": 24577.972322478, "msg": "02188d06965a814f40ae807e00a0000391dbe9a315bf77ee7801c2"}, "df17": {"time": 24577.9296875, "Lat": 22.0578861, "Lon": 113.9236736, "geometric_height": 4950, "TId": "HDA207", "gsp": 229.6, "tan": 254.3280029}, "windSpd_kt": 8.669, "windDir_deg": -165.096, "temperature_K": 568.274, "address": "7801c2", "createdAt": 