{"time": 24709.165898024, "bds50": {"value": {"rol": 0.0, "tan": 254.531, "gsp": 408, "tanR": null, "tas": 464}, "time": 24709.165898024, "msg": "02188d0696790d0e5928919900a8280a92801b51333ffce8780a5e"}, "bds60": {"value": {"mhd": 257.695, "ias": 289, "mach": 0.764, "bar": -128, "ivv": 0}, "time": 24708.027273219, "msg": "02188d069678c930500380a000a0281338dbaa432fffe400780a5e"}, "df17": {"time": 24708.609375, "Lat": 22.6369643, "Lon": 116.6895032, "geometric_height": 31750, "TId": "CRK237", "gsp": 407.8, "tan": 254.498291}, "windSpd_kt": 60.936, "windDir_deg": 99.383, "temperature_K": 485.632, "address": "780a5e", "createdAt": 