{"time": 24676.481095886, "bds50": {"value": {"rol": -0.4, "tan": 8.789, "gsp": 388, "tanR": -0.094, "tas": 380}, "time": 24676.472792387, "msg": "02188d06967170652543927f00a000099fffd06530bfecbe780c75"}, "bds60": {"value": {"mhd": 6.855, "ias": 300, "mach": 0.588, "bar": -512, "ivv": -576}, "time": 24676.481095886, "msg": "02188d06967170e3d8ce808500a000099f827a5924ff87ee780c75"}, "df17": {"time": 24676.3984375, "Lat": 22.6847291, "Lon": 113.9074302, "geometric_height": 15375, "TId": "CSN644", "gsp": 387.6, "tan": 8.7561035}, "windSpd_kt": 15.231, "windDir_deg": 66.142, "temperature_K": 549.882, "address": "780c75", "createdAt": 