{"time": 24677.857604982, "bds50": {"value": {"rol": 0.2, "tan": 318.34, "gsp": 242, "tanR": 0.125, "tas": 234}, "time": 24677.857604982, "msg": "02188d069671c2efb576827900a80018b7803e271e602475780a71"}, "bds60": {"value": {"mhd": 319.746, "ias": 209, "mach": 0.36, "bar": -1088, "ivv": -1056}, "time": 24677.234261729, "msg": "02188d0696719dc83ee1807e00a80018b7f1b9a316bef7df780a71"}, "df17": {"time": 24677.6640625, "Lat": 21.9814968, "Lon": 113.8754797, "geometric_height": 7350, "TId": "HKE553", "gsp": 240.8, "tan": 318.3673096}, "windSpd_kt": 9.904, "windDir_deg": -77.089, "temperature_K": 556.268, "address": "780a71", "createdAt": 