{"time": 24685.391126181, "bds50": {"value": {"rol": -0.7, "tan": 175.781, "gsp": 314, "tanR": -0.062, "tas": 324}, "time": 24685.391126181, "msg": "02188d06967383f81ea5817600a80009abff97d1277ff4a2780126"}, "bds60": {"value": {"mhd": 177.891, "ias": 300, "mach": 0.492, "bar": 64, "ivv": 32}, "time": 24684.904186696, "msg": "02188d06967366f20348807700a0000398bf4a591ee01401780126"}, "df17": {"time": 24684.9765625, "Lat": 22.2081113, "Lon": 114.0817738, "geometric_height": 5100, "TId": "HDA694", "gsp": 314.0, "tan": 175.6164551}, "windSpd_kt": 15.426, "windDir_deg": 46.434, "temperature_K": 570.976, "address": "780126", "createdAt": 