{"time": 25006.752546049, "bds50": {"value": {"rol": 1.9, "tan": 71.016, "gsp": 142, "tanR": 0.344, "tas": 148}, "time": 25006.74542591, "msg": "02188d0696be562d97f6908400a000013c81732911e05c4a7801c2"}, "bds60": {"value": {"mhd": 71.367, "ias": 146, "mach": 0.224, "bar": -576, "ivv": -512}, "time": 25006.752546049, "msg": "02188d0696be569a3d01908500a000013c9969250e3f77f07801c2"}, "df17": {"time": 25005.9609375, "Lat": 22.2856808, "Lon": 113.8197541, "geometric_height": 1550, "TId": "HDA207", "gsp": 141.7, "tan": 71.0540771}, "windSpd_kt": 6.065, "windDir_deg": -100.387, "temperature_K": 574.758, "address": "7801c2", "createdAt": "06:56:46.803669"}