{"time": 24645.961428648, "bds50": {"value": {"rol": -13.0, "tan": 106.172, "gsp": 476, "tanR": -0.531, "tas": 440}, "time": 24645.961428648, "msg": "02188d06966a55c6aea8818c00a8001f3cf6d4b93bbf7cdc781374"}, "bds60": {"value": {"mhd": 111.973, "ias": 284, "mach": 0.72, "bar": 1696, "ivv": 1696}, "time": 24644.888890853, "msg": "02188d06966a15d90de5908f00a0001215a7da392d21ac35781374"}, "df17": {"time": 24645.890625, "Lat": 21.9892216, "Lon": 114.894762, "geometric_height": 29575, "TId": "CSH818", "gsp": 475.7, "tan": 106.1114502}, "windSpd_kt": 58.661, "windDir_deg": 56.873, "temperature_K": 491.698, "address": "781374", "createdAt": 