{"time": 24594.170402061, "bds50": {"value": {"rol": -18.3, "tan": 278.086, "gsp": 406, "tanR": -0.938, "tas": 448}, "time": 24594.170402061, "msg": "02188d06965e46ca550d829200a8001e91f31c5d32ff14e0780e17"}, "bds60": {"value": {"mhd": 274.043, "ias": 301, "mach": 0.728, "bar": 96, "ivv": 32}, "time": 24594.160101271, "msg": "02188d06965e462d2797819200a0001097e17a5b2da01c01780e17"}, "df17": {"time": 24592.9765625, "Lat": 22.934432, "Lon": 115.7608581, "geometric_height": 27125, "TId": "CDC8835", "gsp": 406.1, "tan": 279.0692139}, "windSpd_kt": 51.665, "windDir_deg": 60.398, "temperature_K": 498.598, "address": "780e17", "createdAt": 