{"time": 25219.806664888, "bds50": {"value": {"rol": 0.0, "tan": 78.75, "gsp": 308, "tanR": 0.0, "tas": 282}, "time": 25219.806664888, "msg": "02188d0696eff19e18b8829d00a00009b780138126a0048d780ba5"}, "bds60": {"value": {"mhd": 79.629, "ias": 221, "mach": 0.436, "bar": -384, "ivv": -384}, "time": 25219.200719402, "msg": "02188d0696efcd801a2a81a600a00009b79c59bb1b7fa7f4780ba5"}, "df17": {"time": 25219.25, "Lat": 23.295629, "Lon": 115.6337428, "geometric_height": 15550, "TId": "CSN3858", "gsp": 307.0, "tan": 78.7280273}, "windSpd_kt": 26.39, "windDir_deg": 69.315, "temperature_K": 550.786, "address": "780ba5", "createdAt": "07:00:19.840518"}