{"time": 24598.572797881, "bds50": {"value": {"rol": 0.5, "tan": 86.836, "gsp": 294, "tanR": null, "tas": 278}, "time": 24598.572797881, "msg": "02188d06965f4d318fb9818e00a80000898073dd24fffc8b781005"}, "bds60": {"value": {"mhd": 91.055, "ias": 250, "mach": 0.424, "bar": 96, "ivv": 32}, "time": 24597.371029563, "msg": "02188d06965f0590083b828e00a00004b1a069f51aa01c01781005"}, "df17": {"time": 24598.3671875, "Lat": 23.5334015, "Lon": 113.5730124, "geometric_height": 7025, "TId": "CSZ9993", "gsp": 293.3, "tan": 86.8743896}, "windSpd_kt": 26.438, "windDir_deg": 36.159, "temperature_K": 565.998, "address": "781005", "createdAt": 