{"time": 24591.315914364, "bds50": {"value": {"rol": 0.0, "tan": 77.871, "gsp": 288, "tanR": 0.0, "tas": 284}, "time": 24591.315914364, "msg": "02188d06965d9ca64e7c808100a8001a368013772420048e880456"}, "bds60": {"value": {"mhd": 81.914, "ias": 250, "mach": 0.436, "bar": 2240, "ivv": 2240}, "time": 24590.119584212, "msg": "02188d06965d5557c1d4808400a000059a9d29f51b623446880456"}, "df17": {"time": 24590.7109375, "Lat": 22.3538303, "Lon": 113.7555313, "geometric_height": 8475, "TId": "AIQ763", "gsp": 288.3, "tan": 77.9864502}, "windSpd_kt": 20.569, "windDir_deg": 1.099, "temperature_K": 558.626, "address": "880456", "createdAt": 