{"time": 25165.361976601, "bds50": {"value": {"rol": 0.0, "tan": 227.637, "gsp": 390, "tanR": 0.0, "tas": 456}, "time": 25164.204424539, "msg": "02188d0696e2ff773d5b81a500a000149c801a1f30e004e4781457"}, "bds60": {"value": {"mhd": 235.371, "ias": 275, "mach": 0.76, "bar": -64, "ivv": 0}, "time": 25165.361976601, "msg": "02188d0696e34476151981a700a000149cd3ba272fbff400781457"}, "df17": {"time": 25151.5703125, "Lat": 24.203074, "Lon": 117.4980068, "geometric_height": 33850, "TId": "HBH3309", "gsp": 390.0, "tan": 227.5982666}, "windSpd_kt": 87.129, "windDir_deg": 92.411, "temperature_K": 473.98, "address": "781457", "createdAt": "06:59:25.435003"}