{"time": 25013.571650634, "bds50": {"value": {"rol": -0.5, "tan": 37.09, "gsp": 442, "tanR": -0.094, "tas": 396}, "time": 25013.571650634, "msg": "02188d0696bfed0d844a819000a8001cbbffb1a7377fecc6780a6a"}, "bds60": {"value": {"mhd": 35.859, "ias": 269, "mach": 0.64, "bar": -64, "ivv": -64}, "time": 25012.950384223, "msg": "02188d0696bfc805be5f818900a00010108cca1b283ff7fe780a6a"}, "df17": {"time": 25013.1953125, "Lat": 23.8487649, "Lon": 114.4907141, "geometric_height": 25975, "TId": "CRK270", "gsp": 441.9, "tan": 37.1832275}, "windSpd_kt": 46.87, "windDir_deg": 47.548, "temperature_K": 504.066, "address": "780a6a", "createdAt": "06:56:53.595683"}