{"time": 24615.482902532, "bds50": {"value": {"rol": 0.2, "tan": 246.621, "gsp": 422, "tanR": null, "tas": 480}, "time": 24615.482902532, "msg": "02188d0696633d1d4804809f00a000149d803af734fffcf0704458"}, "bds60": {"value": {"mhd": 249.609, "ias": 290, "mach": 0.8, "bar": 32, "ivv": 0}, "time": 24614.431382646, "msg": "02188d069662fe705c76819c00a000149dd8ca4532200c00704458"}, "df17": {"time": 24612.5546875, "Lat": 21.8068743, "Lon": 112.2798657, "geometric_height": 33925, "TId": "MMA712", "gsp": 421.0, "tan": 246.7858887}, "windSpd_kt": 62.568, "windDir_deg": 90.193, "temperature_K": 473.98, "address": "704458", "createdAt": 