{"time": 24615.240313422, "bds50": {"value": {"rol": 0.7, "tan": 228.516, "gsp": 252, "tanR": null, "tas": 256}, "time": 24614.206725625, "msg": "02188d069662f10c5df9807e00a8001f2e809a291f800480780170"}, "bds60": {"value": {"mhd": 229.922, "ias": 222, "mach": 0.392, "bar": -640, "ivv": -608}, "time": 24615.240313422, "msg": "02188d0696632ea7aa4e807d00a000061bd1c9bd18bf67ed780170"}, "df17": {"time": 24615.2421875, "Lat": 22.122581, "Lon": 114.0275502, "geometric_height": 9325, "TId": "CPA543", "gsp": 252.2, "tan": 228.5375977}, "windSpd_kt": 7.406, "windDir_deg": 106.53, "temperature_K": 561.52, "address": "780170", "createdAt": 