{"time": 24619.540621129, "bds50": {"value": {"rol": 0.2, "tan": 246.621, "gsp": 398, "tanR": null, "tas": 452}, "time": 24618.38320425, "msg": "02188d069663e9fc5f9a919100a8001935803af731fffce2780c4c"}, "bds60": {"value": {"mhd": 249.082, "ias": 281, "mach": 0.748, "bar": 96, "ivv": 0}, "time": 24619.540621129, "msg": "02188d0696642ef92749829200a000133cd89a332ee01c00780c4c"}, "df17": {"time": 24618.7578125, "Lat": 21.9996285, "Lon": 112.6726913, "geometric_height": 31800, "TId": "CES5199", "gsp": 398.6, "tan": 246.6485596}, "windSpd_kt": 56.99, "windDir_deg": 86.532, "temperature_K": 480.764, "address": "780c4c", "createdAt": 