{"time": 25008.026740975, "bds50": {"value": {"rol": 0.2, "tan": 46.055, "gsp": 456, "tanR": null, "tas": 410}, "time": 25007.486055979, "msg": "02188d0696be8252b62b81a700a80000b780320d393ffccd79a035"}, "bds60": {"value": {"mhd": 47.285, "ias": 277, "mach": 0.66, "bar": -32, "ivv": -32}, "time": 25008.026740975, "msg": "02188d0696bea28ce8ef82a600a0000fbf90da2b297fffff79a035"}, "df17": {"time": 25007.3125, "Lat": 21.6467786, "Lon": 111.130507, "geometric_height": 26000, "TId": "CES5680", "gsp": 456.2, "tan": 45.9777832}, "windSpd_kt": 46.927, "windDir_deg": 35.245, "temperature_K": 508.086, "address": "79a035", "createdAt": "06:56:48.056780"}