{"time": 24452.709973928, "bds50": {"value": {"rol": 6.3, "tan": 327.48, "gsp": 248, "tanR": 0.531, "tas": 246}, "time": 24452.694517502, "msg": "02188d06963d562ba6fe82a200a00003b2849e8f1f208c7b7813bd"}, "bds60": {"value": {"mhd": 328.535, "ias": 228, "mach": 0.376, "bar": 832, "ivv": 896}, "time": 24452.709973928, "msg": "02188d06963d57177fa882a300a00003b2f4d9c917a0d41c7813bd"}, "df17": {"time": 24452.3828125, "Lat": 23.5562325, "Lon": 113.2980108, "geometric_height": 5275, "TId": "CSN335", "gsp": 246.5, "tan": 327.0849609}, "windSpd_kt": 4.968, "windDir_deg": -98.256, "temperature_K": 563.576, "address": "7813bd", "createdAt": 