{"time": 25022.043363836, "bds50": {"value": {"rol": 0.4, "tan": 76.289, "gsp": 332, "tanR": 0.031, "tas": 324}, "time": 25022.036357657, "msg": "02188d0696c1e596b219807c00a000063180536529a00ca2780239"}, "bds60": {"value": {"mhd": 79.805, "ias": 283, "mach": 0.5, "bar": 1696, "ivv": 2048}, "time": 25022.043363836, "msg": "02188d0696c1e60199fc807c00a00006319c6a371f61ac40780239"}, "df17": {"time": 25022.0078125, "Lat": 22.3143482, "Lon": 114.2590356, "geometric_height": 9475, "TId": "HDA704", "gsp": 332.4, "tan": 76.2561035}, "windSpd_kt": 21.655, "windDir_deg": 9.717, "temperature_K": 552.85, "address": "780239", "createdAt": "06:57:02.084111"}