{"time": 24649.286313894, "bds50": {"value": {"rol": 0.0, "tan": 184.043, "gsp": 336, "tanR": 0.0, "tas": 350}, "time": 24649.278123039, "msg": "02188d06966b1b776c1f808200a000039e80182f2a2004af76cdb0"}, "bds60": {"value": {"mhd": 186.152, "ias": 323, "mach": 0.532, "bar": 1824, "ivv": 1920}, "time": 24649.286313894, "msg": "02188d06966b1bf467a6808100a000039ec23a872161cc3c76cdb0"}, "df17": {"time": 24649, "Lat": 22.0025897, "Lon": 114.0741563, "geometric_height": 5225, "TId": "SIA863", "gsp": 336.8, "tan": 183.916626}, "windSpd_kt": 18.85, "windDir_deg": 47.146, "temperature_K": 569.864, "address": "76cdb0", "createdAt": 