{"time": 24590.252351755, "bds50": {"value": {"rol": -0.5, "tan": 112.5, "gsp": 316, "tanR": -0.062, "tas": 316}, "time": 24590.252351755, "msg": "02188d06965d5d41a10b807000a8000daeffb50127bff49e78018d"}, "bds60": {"value": {"mhd": 116.367, "ias": 285, "mach": 0.484, "bar": 1056, "ivv": 1056}, "time": 24590.238316537, "msg": "02188d06965d5c6b77f9907000a000049ea96a3b1e610c2178018d"}, "df17": {"time": 24590.203125, "Lat": 22.29877, "Lon": 114.1583347, "geometric_height": 6900, "TId": "CPA919", "gsp": 315.1, "tan": 112.5769043}, "windSpd_kt": 21.323, "windDir_deg": 24.433, "temperature_K": 561.23, "address": "78018d", "createdAt": 