{"time": 25078.877092724, "bds50": {"value": {"rol": 0.5, "tan": 58.535, "gsp": 450, "tanR": 0.0, "tas": 416}, "time": 25078.877092724, "msg": "02188d0696cf218f7b74808d00a80001a680729b386004d0780a9e"}, "bds60": {"value": {"mhd": 60.293, "ias": 299, "mach": 0.664, "bar": -2016, "ivv": -1824}, "time": 25078.869538485, "msg": "02188d0696cf211c36b5808d00a0000db9957a5729be0fc7780a9e"}, "df17": {"time": 25078.4140625, "Lat": 21.4626718, "Lon": 113.2918739, "geometric_height": 22600, "TId": "CRK170", "gsp": 449.8, "tan": 58.6450195}, "windSpd_kt": 36.5, "windDir_deg": 38.069, "temperature_K": 516.784, "address": "780a9e", "createdAt": "06:57:58.927352"}