{"time": 25210.298235763, "bds50": {"value": {"rol": 0.0, "tan": 45.176, "gsp": 456, "tanR": null, "tas": 410}, "time": 25210.298235763, "msg": "02188d0696edbadefb7392a400a80000b7801203393ffccd79a035"}, "bds60": {"value": {"mhd": 46.055, "ias": 277, "mach": 0.66, "bar": 32, "ivv": -32}, "time": 25209.936258749, "msg": "02188d0696eda54ba6bd81a500a0001010906a2b29600fff79a035"}, "df17": {"time": 25208.375, "Lat": 21.9416928, "Lon": 111.4575648, "geometric_height": 26000, "TId": "CES5680", "gsp": 455.3, "tan": 45.1757812}, "windSpd_kt": 46.476, "windDir_deg": 37.398, "temperature_K": 508.086, "address": "79a035", "createdAt": "07:00:10.335109"}