{"time": 25020.254040725, "bds50": {"value": {"rol": 0.7, "tan": 194.238, "gsp": 228, "tanR": 0.094, "tas": 240}, "time": 25019.162514958, "msg": "02188d0696c13a4b560e818a00a8001e948098a31ca01c787811ab"}, "bds60": {"value": {"mhd": 198.984, "ias": 216, "mach": 0.368, "bar": -928, "ivv": -960}, "time": 25020.254040725, "msg": "02188d0696c17b5ab295828b00a00004b4c6c9b1173f1fe27811ab"}, "df17": {"time": 25018.0859375, "Lat": 23.3152843, "Lon": 113.3938837, "geometric_height": 7075, "TId": "CSZ9676", "gsp": 228.1, "tan": 194.2218018}, "windSpd_kt": 22.787, "windDir_deg": 74.864, "temperature_K": 559.996, "address": "7811ab", "createdAt": "06:57:00.281234"}