{"time": 24599.466381634, "bds50": {"value": {"rol": 0.0, "tan": 206.367, "gsp": 232, "tanR": -0.062, "tas": 240}, "time": 24599.239283687, "msg": "02188d06965f74eb53e7918d00a8000c3c80192d1d3ff478780ed0"}, "bds60": {"value": {"mhd": 210.059, "ias": 221, "mach": 0.364, "bar": -1152, "ivv": -1056}, "time": 24599.466381634, "msg": "02188d06965f82749142908700a000039fcab9bb16fee7df780ed0"}, "df17": {"time": 24599.328125, "Lat": 23.1280017, "Lon": 113.4601021, "geometric_height": 5300, "TId": "CSN602", "gsp": 231.2, "tan": 206.4550781}, "windSpd_kt": 17.179, "windDir_deg": 90.474, "temperature_K": 572.37, "address": "780ed0", "createdAt": 