{"time": 24603.340078707, "bds50": {"value": {"rol": 3.3, "tan": 333.633, "gsp": 202, "tanR": 0.344, "tas": 188}, "time": 24603.340078707, "msg": "02188d06966069587e73808a00a80002b0827ed519605c5e780ac2"}, "bds60": {"value": {"mhd": 337.5, "ias": 177, "mach": 0.284, "bar": -1312, "ivv": -1312}, "time": 24602.024710738, "msg": "02188d0696601af19252908200a000029bf8096311febfd7780ac2"}, "df17": {"time": 24603.1171875, "Lat": 22.2210288, "Lon": 113.7186885, "geometric_height": 3500, "TId": "CRK772", "gsp": 201.3, "tan": 333.4350586}, "windSpd_kt": 19.207, "windDir_deg": -67.675, "temperature_K": 576.948, "address": "780ac2", "createdAt": 