{"time": 24563.58675009, "bds50": {"value": {"rol": 17.1, "tan": 270.176, "gsp": 426, "tanR": 0.781, "tas": 468}, "time": 24563.58675009, "msg": "02188d06965727dcd68a818600a80013ad8c3c033560ccea780d33"}, "bds60": {"value": {"mhd": 270.527, "ias": 311, "mach": 0.76, "bar": -1664, "ivv": -1856}, "time": 24562.723092447, "msg": "02188d069656f46277df818e00a0001117e03a6f2fbe67c6780d33"}, "df17": {"time": 24563.015625, "Lat": 22.1090198, "Lon": 113.1471419, "geometric_height": 27975, "TId": "GCR6536", "gsp": 425.0, "tan": 269.4616699}, "windSpd_kt": 42.089, "windDir_deg": 94.082, "temperature_K": 499.254, "address": "780d33", "createdAt": 