{"time": 24696.249694911, "bds50": {"value": {"rol": -0.5, "tan": 270.879, "gsp": 418, "tanR": null, "tas": 468}, "time": 24694.915346147, "msg": "02188d069675bba82ee3828900a800178dffbc0b347ffcea899029"}, "bds60": {"value": {"mhd": 271.23, "ias": 289, "mach": 0.776, "bar": -704, "ivv": -1024}, "time": 24696.249694911, "msg": "02188d0696760b30babf818900a800178de07a4330bf57e0899029"}, "df17": {"time": 24695.6953125, "Lat": 22.3815322, "Lon": 115.1954699, "geometric_height": 32725, "TId": "TTW371", "gsp": 417.0, "tan": 270.9613037}, "windSpd_kt": 50.073, "windDir_deg": 94.161, "temperature_K": 478.88, "address": "899029", "createdAt": 