{"time": 24579.495688471, "bds50": {"value": {"rol": 0.9, "tan": 250.84, "gsp": 418, "tanR": 0.031, "tas": 466}, "time": 24579.495688471, "msg": "02188d06965adc1bf917808c00a820160a80bb2734600ce98880ae"}, "bds60": {"value": {"mhd": 252.422, "ias": 273, "mach": 0.788, "bar": -64, "ivv": -32}, "time": 24578.114428801, "msg": "02188d06965a89c79f81809000a02015b7d9ca23317ff7ff8880ae"}, "df17": {"time": 24579.375, "Lat": 21.046629, "Lon": 113.6648512, "geometric_height": 35975, "TId": "HVN577", "gsp": 418.1, "tan": 250.8728027}, "windSpd_kt": 49.523, "windDir_deg": 85.897, "temperature_K": 460.444, "address": "8880ae", "createdAt": 