{"time": 25043.749131853, "bds50": {"value": {"rol": -7.2, "tan": 87.188, "gsp": 480, "tanR": -0.312, "tas": 432}, "time": 25043.741016475, "msg": "02188d0696c6f349819b818a00a0001130faf3e13c3fb4d87813e0"}, "bds60": {"value": {"mhd": 91.758, "ias": 284, "mach": 0.7, "bar": 0, "ivv": 0}, "time": 25043.749131853, "msg": "02188d0696c6f3c5564d928a00a0001130a0aa392be004007813e0"}, "df17": {"time": 25043.4140625, "Lat": 22.9738498, "Lon": 113.2043052, "geometric_height": 28075, "TId": "OKA2720", "gsp": 480.5, "tan": 87.4951172}, "windSpd_kt": 60.187, "windDir_deg": 52.306, "temperature_K": 501.452, "address": "7813e0", "createdAt": "06:57:23.786373"}