{"time": 24673.150830746, "bds50": {"value": {"rol": -0.2, "tan": 331.875, "gsp": 356, "tanR": 0.0, "tas": 366}, "time": 24673.140607696, "msg": "02188d069670a9c80ad0808300a0000b13fffec12ca004b7780bcf"}, "bds60": {"value": {"mhd": 329.062, "ias": 279, "mach": 0.568, "bar": -864, "ivv": -832}, "time": 24673.150830746, "msg": "02188d069670aa64089a808400a0000b13f50a2f23bf2fe6780bcf"}, "df17": {"time": 24673.09375, "Lat": 22.1537375, "Lon": 113.9846992, "geometric_height": 17600, "TId": "CSN3070", "gsp": 355.7, "tan": 331.9958496}, "windSpd_kt": 20.347, "windDir_deg": 89.896, "temperature_K": 546.668, "address": "780bcf", "createdAt": 