{"time": 25065.82909619, "bds50": {"value": {"rol": -0.5, "tan": 249.258, "gsp": 248, "tanR": 0.094, "tas": 252}, "time": 25065.82909619, "msg": "02188d0696cc17d6dafe807d00a8001798ffbb151f201c7e8990f5"}, "bds60": {"value": {"mhd": 250.488, "ias": 224, "mach": 0.388, "bar": -800, "ivv": -768}, "time": 25065.821694336, "msg": "02188d0696cc1765e980807d00a0000590d919c1187f3fe88990f5"}, "df17": {"time": 25065.8359375, "Lat": 22.0787644, "Lon": 114.0118647, "geometric_height": 8200, "TId": "CAL7863", "gsp": 249.2, "tan": 249.307251}, "windSpd_kt": 6.693, "windDir_deg": 123.176, "temperature_K": 555.386, "address": "8990f5", "createdAt": "06:57:45.876218"}