{"time": 25068.670061763, "bds50": {"value": {"rol": 0.9, "tan": 157.148, "gsp": 262, "tanR": 0.156, "tas": 262}, "time": 25067.381980124, "msg": "02188d0696cc7465fbdc828900a820052980b6fd20e02c837815a3"}, "bds60": {"value": {"mhd": 161.543, "ias": 230, "mach": 0.404, "bar": -128, "ivv": -32}, "time": 25068.670061763, "msg": "02188d0696ccc12c8cc3808a00a0200612b979cd197fe7ff7815a3"}, "df17": {"time": 25068.375, "Lat": 22.671082, "Lon": 113.4993482, "geometric_height": 9050, "TId": "EPA6236", "gsp": 262.6, "tan": 157.1429443}, "windSpd_kt": 20.092, "windDir_deg": 69.345, "temperature_K": 553.73, "address": "7815a3", "createdAt": "06:57:48.708049"}