{"time": 24563.099809426, "bds50": {"value": {"rol": 0.5, "tan": 92.461, "gsp": 480, "tanR": 0.031, "tas": 446}, "time": 24563.099809426, "msg": "02188d0696570ad6b692829000a80009aa80741d3c200cdf8990af"}, "bds60": {"value": {"mhd": 98.086, "ias": 308, "mach": 0.716, "bar": 1760, "ivv": 1664}, "time": 24563.07615321, "msg": "02188d069657096dbf7a819100a0000f37a2ea692ce1bc348990af"}, "df17": {"time": 24562.6953125, "Lat": 21.8073463, "Lon": 114.9573755, "geometric_height": 24875, "TId": "CAL672", "gsp": 479.4, "tan": 92.510376}, "windSpd_kt": 56.725, "windDir_deg": 42.048, "temperature_K": 510.86, "address": "8990af", "createdAt": 