{"time": 25046.93193161, "bds50": {"value": {"rol": 0.0, "tan": 0.527, "gsp": 304, "tanR": 0.0, "tas": 292}, "time": 25046.93193161, "msg": "02188d0696c7b17b01da808400a800181280100726200492780c75"}, "bds60": {"value": {"mhd": 359.824, "ias": 242, "mach": 0.444, "bar": -544, "ivv": -448}, "time": 25046.924837372, "msg": "02188d0696c7b10ec1fc808700a000073ffff9e51bff7ff2780c75"}, "df17": {"time": 25046.8828125, "Lat": 23.1801009, "Lon": 113.7902498, "geometric_height": 11525, "TId": "CSN644", "gsp": 303.0, "tan": 0.5657959}, "windSpd_kt": 12.544, "windDir_deg": 17.122, "temperature_K": 569.452, "address": "780c75", "createdAt": "06:57:26.979760"}