{"time": 24626.195184968, "bds50": {"value": {"rol": -0.2, "tan": 183.867, "gsp": 338, "tanR": 0.0, "tas": 350}, "time": 24626.195184968, "msg": "02188d069665bb9dbd48808200a8000cbcfff82d2a6004af76cdb0"}, "bds60": {"value": {"mhd": 186.152, "ias": 324, "mach": 0.532, "bar": -96, "ivv": 0}, "time": 24625.457581183, "msg": "02188d0696658fa6cc7f908c00a0000397c23a89217fec0076cdb0"}, "df17": {"time": 24625.9375, "Lat": 22.0387673, "Lon": 114.0768385, "geometric_height": 5075, "TId": "SIA863", "gsp": 338.8, "tan": 183.8946533}, "windSpd_kt": 18.224, "windDir_deg": 53.837, "temperature_K": 569.864, "address": "76cdb0", "createdAt": 