{"time": 24699.346032534, "bds50": {"value": {"rol": 0.2, "tan": 142.91, "gsp": 268, "tanR": null, "tas": 264}, "time": 24699.346032534, "msg": "02188d069676c3bf1796809200a800081480365b21bffc84781433"}, "bds60": {"value": {"mhd": 149.766, "ias": 219, "mach": 0.404, "bar": 32, "ivv": 0}, "time": 24699.339085745, "msg": "02188d069676c35517b1809400a0000738b549b719600c00781433"}, "df17": {"time": 24698.8828125, "Lat": 22.9399252, "Lon": 113.4359193, "geometric_height": 11275, "TId": "CSZ9504", "gsp": 268.5, "tan": 142.8717041}, "windSpd_kt": 32.06, "windDir_deg": 63.492, "temperature_K": 562.216, "address": "781433", "createdAt": 