{"time": 25283.33554701, "bds50": {"value": {"rol": -6.9, "tan": 218.848, "gsp": 320, "tanR": -0.406, "tas": 336}, "time": 25282.596426215, "msg": "02188d0696fe902dd1e7808800a8001d80fb39bb283f9ca8780265"}, "bds60": {"value": {"mhd": 220.605, "ias": 278, "mach": 0.512, "bar": -1280, "ivv": -1120}, "time": 25283.33554701, "msg": "02188d0696febc3be882818100a0000799ce7a2d203ec7dd780265"}, "df17": {"time": 25283.140625, "Lat": 22.4947429, "Lon": 113.567605, "geometric_height": 11775, "TId": "CSN3690", "gsp": 319.9, "tan": 218.9135742}, "windSpd_kt": 18.897, "windDir_deg": 71.884, "temperature_K": 567.018, "address": "780265", "createdAt": "07:01:23.381646"}