{"time": 24613.978085533, "bds50": {"value": {"rol": 6.2, "tan": 170.508, "gsp": 292, "tanR": 0.406, "tas": 308}, "time": 24613.978085533, "msg": "02188d069662e36b989d806c00a80009ab84779524a06c9a780126"}, "bds60": {"value": {"mhd": 174.727, "ias": 284, "mach": 0.468, "bar": 96, "ivv": -96}, "time": 24613.405321853, "msg": "02188d069662c147ea7d807300a0000399be2a391d601ffd780126"}, "df17": {"time": 24613.859375, "Lat": 22.310915, "Lon": 114.0743494, "geometric_height": 5125, "TId": "HDA694", "gsp": 290.9, "tan": 170.5078125}, "windSpd_kt": 27.266, "windDir_deg": 46.714, "temperature_K": 570.252, "address": "780126", "createdAt": 