{"time": 24566.882243975, "bds50": {"value": {"rol": -0.4, "tan": 270.879, "gsp": 416, "tanR": null, "tas": 468}, "time": 24566.882243975, "msg": "02188d069657ec4a1587829200a800178dffdc0b343ffcea899029"}, "bds60": {"value": {"mhd": 271.934, "ias": 283, "mach": 0.78, "bar": -32, "ivv": 0}, "time": 24566.875018367, "msg": "02188d069657ebdbd47f818d00a0001498e0ba3730fffc00899029"}, "df17": {"time": 24565.5625, "Lat": 22.3775411, "Lon": 115.4642057, "geometric_height": 33925, "TId": "TTW371", "gsp": 416.2, "tan": 270.9613037}, "windSpd_kt": 52.631, "windDir_deg": 100.302, "temperature_K": 473.98, "address": "899029", "createdAt": 