{"time": 24578.247940269, "bds50": {"value": {"rol": -0.4, "tan": 263.672, "gsp": 346, "tanR": null, "tas": 380}, "time": 24578.247940269, "msg": "02188d06965a91bcd8ad828a00a8000e94ffdbb92b7ffcbe79a054"}, "bds60": {"value": {"mhd": 265.957, "ias": 280, "mach": 0.6, "bar": -1984, "ivv": -1888}, "time": 24576.921687651, "msg": "02188d06965a42afd663828e00a8000e94de9a3125be17c579a054"}, "df17": {"time": 24577.3125, "Lat": 22.8624201, "Lon": 115.0196671, "geometric_height": 20250, "TId": "CSN6325", "gsp": 347.2, "tan": 263.7158203}, "windSpd_kt": 36.947, "windDir_deg": 107.881, "temperature_K": 528.108, "address": "79a054", "createdAt": 