{"time": 25027.069530093, "bds50": {"value": {"rol": -0.2, "tan": 268.066, "gsp": 356, "tanR": null, "tas": 382}, "time": 25027.069530093, "msg": "02188d0696c31196cfed808c00a8001981fffbeb2cbffcbf780124"}, "bds60": {"value": {"mhd": 270.879, "ias": 301, "mach": 0.592, "bar": -1888, "ivv": -1856}, "time": 25027.058003743, "msg": "02188d0696c310e6ef1f808c00a00009b7e05a5b253e2fc6780124"}, "df17": {"time": 25026.7265625, "Lat": 22.2719908, "Lon": 114.9898839, "geometric_height": 15650, "TId": "HDA865", "gsp": 355.3, "tan": 268.0664062}, "windSpd_kt": 31.682, "windDir_deg": 124.346, "temperature_K": 548.202, "address": "780124", "createdAt": "06:57:07.109193"}