{"time": 24592.018081191, "bds50": {"value": {"rol": 14.8, "tan": 219.199, "gsp": 348, "tanR": 0.812, "tas": 370}, "time": 24592.018081191, "msg": "02188d06965dc68085a7809300a0000a158a99bf2ba0d4b9780471"}, "bds60": {"value": {"mhd": 243.457, "ias": 300, "mach": 0.696, "bar": 32, "ivv": 32}, "time": 24591.897006624, "msg": "02188d06965dbf491220819b00a0000f37d69a592ba00c01780471"}, "df17": {"time": 24591.8671875, "Lat": 21.6621423, "Lon": 112.021687, "geometric_height": 24875, "TId": "CSZ9751", "gsp": 392.7, "tan": 243.3691406}, "windSpd_kt": 152.387, "windDir_deg": 133.214, "temperature_K": 372.086, "address": "780471", "createdAt": 