{"time": 25236.427611269, "bds50": {"value": {"rol": 0.0, "tan": 265.781, "gsp": 348, "tanR": -0.125, "tas": 372}, "time": 25235.82996286, "msg": "02188d0696f3acae386c807b00a800178d801bd12bbfe4ba899029"}, "bds60": {"value": {"mhd": 268.77, "ias": 289, "mach": 0.576, "bar": -2592, "ivv": -2368}, "time": 25236.427611269, "msg": "02188d0696f3d04d9c85807e00a800178ddf9a43243d7fb6899029"}, "df17": {"time": 25236.2109375, "Lat": 22.350204, "Lon": 114.1602015, "geometric_height": 16250, "TId": "TTW371", "gsp": 346.9, "tan": 265.7043457}, "windSpd_kt": 30.467, "windDir_deg": 125.326, "temperature_K": 549.16, "address": "899029", "createdAt": "07:00:36.467744"}