{"time": 25010.204502826, "bds50": {"value": {"rol": 0.0, "tan": 267.715, "gsp": 264, "tanR": 0.031, "tas": 278}, "time": 25010.204502826, "msg": "02188d0696bf245aeb2a807c00a800160f801be721200c8b780a49"}, "bds60": {"value": {"mhd": 268.77, "ias": 230, "mach": 0.424, "bar": -352, "ivv": -320}, "time": 25010.118275634, "msg": "02188d0696bf1f373232807a00a0000791df99cd1abfaff6780a49"}, "df17": {"time": 25008.7265625, "Lat": 22.2509408, "Lon": 114.3745852, "geometric_height": 11625, "TId": "CPA495", "gsp": 265.2, "tan": 267.62146}, "windSpd_kt": 14.862, "windDir_deg": 107.86, "temperature_K": 565.998, "address": "780a49", "createdAt": "06:56:50.236171"}