{"time": 25284.863477265, "bds50": {"value": {"rol": -0.2, "tan": 71.016, "gsp": 440, "tanR": null, "tas": 402}, "time": 25284.863477265, "msg": "02188d0696ff174e461182a100a80011b7fff329373ffcc98840ee"}, "bds60": {"value": {"mhd": 74.707, "ias": 281, "mach": 0.644, "bar": -2368, "ivv": -2240}, "time": 25284.846371651, "msg": "02188d0696ff16494343819f00a0000eb29a9a33287db7ba8840ee"}, "df17": {"time": 25284.5390625, "Lat": 21.3993287, "Lon": 113.1716895, "geometric_height": 24000, "TId": "BKP805", "gsp": 439.9, "tan": 71.0321045}, "windSpd_kt": 46.667, "windDir_deg": 37.336, "temperature_K": 513.024, "address": "8840ee", "createdAt": "07:01:24.908130"}