{"time": 24706.151774065, "bds50": {"value": {"rol": -0.4, "tan": 150.645, "gsp": 428, "tanR": null, "tas": 430}, "time": 24706.151774065, "msg": "02188d06967859667771808600a8000e21ffd6b335bffcd77809df"}, "bds60": {"value": {"mhd": 159.082, "ias": 287, "mach": 0.696, "bar": 672, "ivv": 672}, "time": 24706.144488889, "msg": "02188d06967858f74db9808500a0001097b89a3f2ba0ac157809df"}, "df17": {"time": 24706.015625, "Lat": 21.8715906, "Lon": 113.6233091, "geometric_height": 27025, "TId": "CSN319", "gsp": 429.3, "tan": 150.567627}, "windSpd_kt": 63.146, "windDir_deg": 63.053, "temperature_K": 502.546, "address": "7809df", "createdAt": 