{"time": 25002.449227147, "bds50": {"value": {"rol": -0.2, "tan": 228.516, "gsp": 394, "tanR": 0.0, "tas": 450}, "time": 25002.449227147, "msg": "02188d0696bd561acd8b81ab00a0001338fffa29316004e1780193"}, "bds60": {"value": {"mhd": 235.02, "ias": 280, "mach": 0.744, "bar": 32, "ivv": 0}, "time": 25002.289932701, "msg": "02188d0696bd4c9c299d91aa00a0001338d39a312ea00c00780193"}, "df17": {"time": 25002.2578125, "Lat": 23.5366416, "Lon": 117.8786659, "geometric_height": 31725, "TId": "CPA367", "gsp": 394.0, "tan": 228.4991455}, "windSpd_kt": 73.609, "windDir_deg": 92.343, "temperature_K": 481.656, "address": "780193", "createdAt": "06:56:42.490373"}