{"time": 25078.721409818, "bds50": {"value": {"rol": 0.5, "tan": 217.441, "gsp": 400, "tanR": 0.0, "tas": 446}, "time": 25077.505095752, "msg": "02188d0696cecfc87848828b00a80013bc8079ab322004df78061f"}, "bds60": {"value": {"mhd": 223.77, "ias": 287, "mach": 0.732, "bar": 128, "ivv": 32}, "time": 25078.721409818, "msg": "02188d0696cf1847f31a809300a0001218cf9a3f2de0240178061f"}, "df17": {"time": 25078.640625, "Lat": 22.7122378, "Lon": 116.1640906, "geometric_height": 29625, "TId": "CQH8615", "gsp": 400.1, "tan": 217.3864746}, "windSpd_kt": 65.503, "windDir_deg": 86.083, "temperature_K": 488.77, "address": "78061f", "createdAt": "06:57:58.760586"}