{"time": 25245.688192673, "bds50": {"value": {"rol": -0.2, "tan": 229.746, "gsp": 388, "tanR": 0.0, "tas": 438}, "time": 25245.688192673, "msg": "02188d0696f5f846dea1829d00a80016adfffa3730a004db78109c"}, "bds60": {"value": {"mhd": 233.438, "ias": 254, "mach": 0.74, "bar": 32, "ivv": 0}, "time": 25244.441251999, "msg": "02188d0696f5adf4109f819600a00015bcd309fd2e600c0078109c"}, "df17": {"time": 25243.2890625, "Lat": 20.8977342, "Lon": 110.903163, "geometric_height": 36100, "TId": "CSN6624", "gsp": 388.9, "tan": 229.7955322}, "windSpd_kt": 56.616, "windDir_deg": 79.625, "temperature_K": 461.256, "address": "78109c", "createdAt": "07:00:45.723675"}