{"time": 25098.062679394, "bds50": {"value": {"rol": -0.2, "tan": 20.742, "gsp": 492, "tanR": 0.0, "tas": 454}, "time": 25098.062679394, "msg": "02188d0696d3991c4d6282aa00a8000098fff0ed3da004e3781314"}, "bds60": {"value": {"mhd": 16.523, "ias": 301, "mach": 0.74, "bar": 32, "ivv": 0}, "time": 25098.055445794, "msg": "02188d0696d398aded2281aa00a000113085ea5b2e600c00781314"}, "df17": {"time": 25095.8046875, "Lat": 25.2976513, "Lon": 115.2591777, "geometric_height": 27950, "TId": "CDC8700", "gsp": 493.1, "tan": 20.7861328}, "windSpd_kt": 51.523, "windDir_deg": 61.153, "temperature_K": 495.572, "address": "781314", "createdAt": "06:58:18.113703"}