{"time": 24605.627179159, "bds50": {"value": {"rol": 0.4, "tan": 175.781, "gsp": 360, "tanR": null, "tas": 364}, "time": 24605.618898207, "msg": "02188d069660f12c851f808d00a00008b08057d12d3ffcb670e050"}, "bds60": {"value": {"mhd": 180.879, "ias": 293, "mach": 0.56, "bar": 96, "ivv": 32}, "time": 24605.627179159, "msg": "02188d069660f1aae097808b00a00008b0c05a4b23201c0170e050"}, "df17": {"time": 24604.640625, "Lat": 22.1904516, "Lon": 114.0094185, "geometric_height": 13750, "TId": "JCC625", "gsp": 359.9, "tan": 175.6988525}, "windSpd_kt": 32.446, "windDir_deg": 81.256, "temperature_K": 556.268, "address": "70e050", "createdAt": 