{"time": 24629.115141631, "bds50": {"value": {"rol": 0.0, "tan": 227.637, "gsp": 284, "tanR": 0.031, "tas": 306}, "time": 24629.115141631, "msg": "02188d06966669a8bdff909300a8001e94801a1f23a00c997811ab"}, "bds60": {"value": {"mhd": 231.855, "ias": 250, "mach": 0.468, "bar": -960, "ivv": -1024}, "time": 24629.107922428, "msg": "02188d069666693a95fc809500a00007b7d279f51d7f17e07811ab"}, "df17": {"time": 24628.1328125, "Lat": 23.6619329, "Lon": 113.6930251, "geometric_height": 12150, "TId": "CSZ9676", "gsp": 284.5, "tan": 227.5653076}, "windSpd_kt": 30.899, "windDir_deg": 94.388, "temperature_K": 562.872, "address": "7811ab", "createdAt": 