{"time": 24562.816032192, "bds50": {"value": {"rol": 16.2, "tan": 226.758, "gsp": 224, "tanR": 1.25, "tas": 228}, "time": 24562.816032192, "msg": "02188d069656f9ec9dc0908b00a800180a8b9a151c2144727801c2"}, "bds60": {"value": {"mhd": 226.582, "ias": 210, "mach": 0.348, "bar": -544, "ivv": -608}, "time": 24562.066224429, "msg": "02188d069656cd3b752d828400a0000398d099a515ff7fed7801c2"}, "df17": {"time": 24561.890625, "Lat": 22.0662332, "Lon": 113.9393163, "geometric_height": 5125, "TId": "HDA207", "gsp": 223.5, "tan": 226.4501953}, "windSpd_kt": 4.06, "windDir_deg": 36.824, "temperature_K": 565.156, "address": "7801c2", "createdAt": 