{"time": 25015.360566538, "bds50": {"value": {"rol": -0.2, "tan": 78.398, "gsp": 414, "tanR": null, "tas": 384}, "time": 25014.644668209, "msg": "02188d0696c02d02773180a500a8001682fff37d33fffcc0780ba5"}, "bds60": {"value": {"mhd": 80.684, "ias": 299, "mach": 0.6, "bar": -1024, "ivv": -1024}, "time": 25015.360566538, "msg": "02188d0696c057ae350a829d00a0000a389cba5725bf07e0780ba5"}, "df17": {"time": 25014.265625, "Lat": 23.2269645, "Lon": 115.2662587, "geometric_height": 16450, "TId": "CSN3858", "gsp": 414.4, "tan": 78.447876}, "windSpd_kt": 33.956, "windDir_deg": 51.585, "temperature_K": 539.284, "address": "780ba5", "createdAt": "06:56:55.391698"}