{"time": 25015.232709175, "bds50": {"value": {"rol": 0.4, "tan": 183.867, "gsp": 328, "tanR": 0.031, "tas": 334}, "time": 25015.232709175, "msg": "02188d0696c0500f4237808300a8000ca880582d29200ca776aa77"}, "bds60": {"value": {"mhd": 186.328, "ias": 299, "mach": 0.512, "bar": 1888, "ivv": 1984}, "time": 25014.39402565, "msg": "02188d0696c01e11f6b2808200a0000517c24a572021dc3e76aa77"}, "df17": {"time": 25014.4609375, "Lat": 22.0190263, "Lon": 114.0756798, "geometric_height": 7575, "TId": "JSA698", "gsp": 326.7, "tan": 183.8616943}, "windSpd_kt": 15.43, "windDir_deg": 72.22, "temperature_K": 560.288, "address": "76aa77", "createdAt": "06:56:55.261458"}