{"time": 24565.006223152, "bds50": {"value": {"rol": -0.2, "tan": 259.805, "gsp": 350, "tanR": 0.0, "tas": 386}, "time": 24564.998975193, "msg": "02188d0696577c09aed9808700a0000a34fffb8d2be004c1780265"}, "bds60": {"value": {"mhd": 262.793, "ias": 300, "mach": 0.596, "bar": -992, "ivv": -992}, "time": 24565.006223152, "msg": "02188d0696577c784730808600a0000a34dd7a59257f0fe1780265"}, "df17": {"time": 24564.546875, "Lat": 22.8286672, "Lon": 114.7570467, "geometric_height": 16300, "TId": "CSN3690", "gsp": 350.2, "tan": 259.9749756}, "windSpd_kt": 40.784, "windDir_deg": 109.366, "temperature_K": 552.256, "address": "780265", "createdAt": 