{"time": 24570.786302781, "bds50": {"value": {"rol": 0.2, "tan": 92.461, "gsp": 482, "tanR": null, "tas": 446}, "time": 24570.786302781, "msg": "02188d069658d4fd4b3d809100a80009aa80341d3c7ffcdf8990af"}, "bds60": {"value": {"mhd": 98.086, "ias": 308, "mach": 0.716, "bar": 1504, "ivv": 1632}, "time": 24569.539900756, "msg": "02188d0696588ab2b554809400a0000f3fa2ea692ce17c338990af"}, "df17": {"time": 24568.78125, "Lat": 21.8067455, "Lon": 114.9717307, "geometric_height": 25075, "TId": "CAL672", "gsp": 481.4, "tan": 92.4993896}, "windSpd_kt": 58.02, "windDir_deg": 43.57, "temperature_K": 510.86, "address": "8990af", "createdAt": 