{"time": 24591.506967712, "bds50": {"value": {"rol": -0.5, "tan": 263.496, "gsp": 344, "tanR": null, "tas": 380}, "time": 24590.807170497, "msg": "02188d06965d7e537dc1809000a8000e94ffbbb72b3ffcbe79a054"}, "bds60": {"value": {"mhd": 265.43, "ias": 281, "mach": 0.596, "bar": -1952, "ivv": -1952}, "time": 24591.506967712, "msg": "02188d06965da8098ca0818400a0000c34de6a33257e1fc379a054"}, "df17": {"time": 24590.78125, "Lat": 22.8599954, "Lon": 114.9962354, "geometric_height": 19775, "TId": "CSN6325", "gsp": 345.2, "tan": 263.5125732}, "windSpd_kt": 38.012, "windDir_deg": 103.213, "temperature_K": 535.22, "address": "79a054", "createdAt": 