{"time": 25184.161538277, "bds50": {"value": {"rol": 0.2, "tan": 217.617, "gsp": 408, "tanR": null, "tas": 462}, "time": 25184.15310402, "msg": "02188d0696e7a47fee94819100a000149c8039ad333ffce7780d67"}, "bds60": {"value": {"mhd": 225.527, "ias": 277, "mach": 0.768, "bar": -64, "ivv": -32}, "time": 25184.161538277, "msg": "02188d0696e7a500a0e5819200a000149cd03a2b303ff7ff780d67"}, "df17": {"time": 25183.4921875, "Lat": 23.4037542, "Lon": 116.7363882, "geometric_height": 33900, "TId": "CSZ9912", "gsp": 407.2, "tan": 217.5183105}, "windSpd_kt": 80.641, "windDir_deg": 89.656, "temperature_K": 476.452, "address": "780d67", "createdAt": "06:59:44.199124"}