{"time": 25207.121854384, "bds50": {"value": {"rol": -0.4, "tan": 265.957, "gsp": 348, "tanR": -0.188, "tas": 378}, "time": 25207.121854384, "msg": "02188d0696ecfd8b3fb0808d00a800178dffdbd32bbfd4bd899029"}, "bds60": {"value": {"mhd": 268.242, "ias": 290, "mach": 0.588, "bar": -1984, "ivv": -2016}, "time": 25207.113580225, "msg": "02188d0696ecfd0cfec1828400a0000abbdf6a4524fe17c1899029"}, "df17": {"time": 25206.7421875, "Lat": 22.3537445, "Lon": 114.2112279, "geometric_height": 17500, "TId": "TTW371", "gsp": 348.9, "tan": 265.8911133}, "windSpd_kt": 33.305, "windDir_deg": 112.862, "temperature_K": 544.11, "address": "899029", "createdAt": "07:00:07.159537"}