{"time": 24570.772484057, "bds50": {"value": {"rol": 0.0, "tan": 132.012, "gsp": 410, "tanR": 0.0, "tas": 398}, "time": 24570.772484057, "msg": "02188d069658d42a6fd9819200a8000b278015df336004c778921a"}, "bds60": {"value": {"mhd": 137.988, "ias": 291, "mach": 0.628, "bar": 2688, "ivv": 2688}, "time": 24569.57913647, "msg": "02188d0696588d0965d6829200a0000cb8b11a472762a45478921a"}, "df17": {"time": 24569.6875, "Lat": 21.8847227, "Lon": 114.7266626, "geometric_height": 20725, "TId": "CPA418", "gsp": 409.4, "tan": 132.0281982}, "windSpd_kt": 43.79, "windDir_deg": 60.882, "temperature_K": 528.816, "address": "78921a", "createdAt": 