{"time": 25258.673677523, "bds50": {"value": {"rol": 0.9, "tan": 221.836, "gsp": 360, "tanR": 0.031, "tas": 386}, "time": 25258.139061932, "msg": "02188d0696f8de680eac819100a800033b80b9dd2d200cc1780264"}, "bds60": {"value": {"mhd": 226.23, "ias": 300, "mach": 0.604, "bar": -704, "ivv": -672}, "time": 25258.673677523, "msg": "02188d0696f8fe45a4d3819200a0000a91d07a5925ff57eb780264"}, "df17": {"time": 25258.2421875, "Lat": 23.8398814, "Lon": 113.6838198, "geometric_height": 16675, "TId": "CSN3792", "gsp": 360.4, "tan": 221.9622803}, "windSpd_kt": 38.638, "windDir_deg": 91.779, "temperature_K": 537.722, "address": "780264", "createdAt": "07:00:58.709186"}