{"time": 24622.700568455, "bds50": {"value": {"rol": -8.6, "tan": 204.082, "gsp": 342, "tanR": -0.5, "tas": 354}, "time": 24622.700568455, "msg": "02188d069664eb521f87909400a8001d90f9f9132aff84b1780f53"}, "bds60": {"value": {"mhd": 209.355, "ias": 281, "mach": 0.548, "bar": -1856, "ivv": -1760}, "time": 24622.69320988, "msg": "02188d069664eae1d718828d00a0000938ca7a33227e37c9780f53"}, "df17": {"time": 24622.3046875, "Lat": 23.5132098, "Lon": 113.3775973, "geometric_height": 14750, "TId": "CUA5867", "gsp": 341.0, "tan": 204.609375}, "windSpd_kt": 34.186, "windDir_deg": 96.192, "temperature_K": 549.418, "address": "780f53", "createdAt": 