{"time": 24712.051409047, "bds50": {"value": {"rol": -0.4, "tan": 191.25, "gsp": 416, "tanR": 0.0, "tas": 454}, "time": 24712.051409047, "msg": "02188d069679b90bc097819400a8000004ffd881342004e3789226"}, "bds60": {"value": {"mhd": 201.973, "ias": 296, "mach": 0.744, "bar": 160, "ivv": 0}, "time": 24712.035492145, "msg": "02188d069679b818e131829300a00011b8c7da512ea02c00789226"}, "df17": {"time": 24711.359375, "Lat": 24.6116281, "Lon": 114.168098, "geometric_height": 29025, "TId": "CRK337", "gsp": 417.0, "tan": 191.2005615}, "windSpd_kt": 89.665, "windDir_deg": 81.654, "temperature_K": 490.256, "address": "789226", "createdAt": 