{"time": 25303.194584884, "bds50": {"value": {"rol": -13.9, "tan": 286.172, "gsp": 416, "tanR": -0.625, "tas": 460}, "time": 25303.012219041, "msg": "02188d069703510e18a1819000a8000925f63cb9343f64e67809c2"}, "bds60": {"value": {"mhd": 283.184, "ias": 310, "mach": 0.748, "bar": 0, "ivv": 32}, "time": 25303.194584884, "msg": "02188d0697035becc734819300a0001098e4ba6d2ee004017809c2"}, "df17": {"time": 25301.828125, "Lat": 23.3270001, "Lon": 115.5290723, "geometric_height": 27000, "TId": "CES2476", "gsp": 417.3, "tan": 287.0013428}, "windSpd_kt": 49.561, "windDir_deg": 77.237, "temperature_K": 497.932, "address": "7809c2", "createdAt": "07:01:43.232139"}