{"time": 25011.596223475, "bds50": {"value": {"rol": 0.0, "tan": 0.176, "gsp": 440, "tanR": null, "tas": 418}, "time": 25010.927812265, "msg": "02188d0696bf4f77bea992a300a800180b801003373ffcd170e066"}, "bds60": {"value": {"mhd": 22.148, "ias": 302, "mach": 0.664, "bar": -2976, "ivv": null}, "time": 25011.596223475, "msg": "02188d0696bf774ee3f3819900a0000d9087ea5d29bd180070e066"}, "df17": {"time": 25009.4375, "Lat": 20.6055021, "Lon": 112.9405904, "geometric_height": 22100, "TId": "MKR500", "gsp": 441.7, "tan": 22.5}, "windSpd_kt": 164.928, "windDir_deg": -71.314, "temperature_K": 521.764, "address": "70e066", "createdAt": "06:56:51.625946"}