{"time": 25035.199643298, "bds50": {"value": {"rol": 16.2, "tan": 71.543, "gsp": 222, "tanR": 1.0, "tas": 226}, "time": 25035.199643298, "msg": "02188d0696c4f62e7ea2806b00a8001ca58b932f1be104718880ca"}, "bds60": {"value": {"mhd": 76.816, "ias": 211, "mach": 0.344, "bar": 1472, "ivv": 1408}, "time": 25035.183606482, "msg": "02188d0696c4f539cad2806c00a00003149b59a715a1742c8880ca"}, "df17": {"time": 25035.0078125, "Lat": 22.3376298, "Lon": 114.0266061, "geometric_height": 4125, "TId": "HVN593", "gsp": 221.0, "tan": 70.9936523}, "windSpd_kt": 20.992, "windDir_deg": -26.794, "temperature_K": 568.274, "address": "8880ca", "createdAt": "06:57:15.248311"}