{"time": 24682.043912085, "bds50": {"value": {"rol": 18.8, "tan": 233.789, "gsp": 404, "tanR": 0.938, "tas": 462}, "time": 24682.043912085, "msg": "02188d069672bc75af95819f00a80009258d7a6532a0f4e77809c2"}, "bds60": {"value": {"mhd": 238.535, "ias": 311, "mach": 0.748, "bar": -64, "ivv": -64}, "time": 24682.028071511, "msg": "02188d069672bb83fa5781a000a0001098d4da6f2efff7fe7809c2"}, "df17": {"time": 24680.8125, "Lat": 23.4581923, "Lon": 116.7857409, "geometric_height": 27000, "TId": "CES2476", "gsp": 404.5, "tan": 231.8280029}, "windSpd_kt": 68.146, "windDir_deg": 87.909, "temperature_K": 502.272, "address": "7809c2", "createdAt": 