{"time": 24602.352439989, "bds50": {"value": {"rol": 0.4, "tan": 146.602, "gsp": 204, "tanR": 0.0, "tas": 208}, "time": 24601.56098347, "msg": "02188d06965fff4da7ae808500a80010b480568519a004687812a0"}, "bds60": {"value": {"mhd": 149.766, "ias": 196, "mach": 0.316, "bar": -224, "ivv": -224}, "time": 24602.352439989, "msg": "02188d0696602e7a52b5818100a00002bab5498913ffcff97812a0"}, "df17": {"time": 24602.25, "Lat": 22.536478, "Lon": 113.725276, "geometric_height": 3900, "TId": "CHH7709", "gsp": 204.1, "tan": 146.3873291}, "windSpd_kt": 12.057, "windDir_deg": 38.816, "temperature_K": 570.44, "address": "7812a0", "createdAt": 