{"time": 24565.933410509, "bds50": {"value": {"rol": 0.0, "tan": 331.875, "gsp": 366, "tanR": 0.0, "tas": 376}, "time": 24565.924951753, "msg": "02188d069657b33af6c9808c00a0000c13801ec12de004bc780bcf"}, "bds60": {"value": {"mhd": 329.414, "ias": 280, "mach": 0.588, "bar": -928, "ivv": -928}, "time": 24565.933410509, "msg": "02188d069657b3bc08cd808a00a0000c13f52a3124ff1fe3780bcf"}, "df17": {"time": 24565.515625, "Lat": 21.995101, "Lon": 114.0751219, "geometric_height": 19325, "TId": "CSN3070", "gsp": 365.8, "tan": 331.9628906}, "windSpd_kt": 18.811, "windDir_deg": 92.75, "temperature_K": 538.368, "address": "780bcf", "createdAt": 