{"time": 24660.667980181, "bds50": {"value": {"rol": 0.2, "tan": 194.062, "gsp": 278, "tanR": null, "tas": 284}, "time": 24660.667980181, "msg": "02188d06966dc25ad995818900a800099e8038a122fffc8e780bc2"}, "bds60": {"value": {"mhd": 199.688, "ias": 250, "mach": 0.436, "bar": -992, "ivv": -992}, "time": 24660.658481767, "msg": "02188d06966dc1c9ea67818900a000059cc709f51b7f0fe1780bc2"}, "df17": {"time": 24660.3203125, "Lat": 23.3110142, "Lon": 113.3928967, "geometric_height": 8600, "TId": "GCR7895", "gsp": 277.5, "tan": 194.1888428}, "windSpd_kt": 28.224, "windDir_deg": 94.616, "temperature_K": 558.626, "address": "780bc2", "createdAt": 