{"time": 25038.081809526, "bds50": {"value": {"rol": 17.2, "tan": 238.008, "gsp": 256, "tanR": 1.25, "tas": 262}, "time": 25038.081809526, "msg": "02188d0696c5a1f8dc76807800a80017988c5a95202144838990f5"}, "bds60": {"value": {"mhd": 238.711, "ias": 230, "mach": 0.404, "bar": -960, "ivv": -928}, "time": 25038.067900896, "msg": "02188d0696c5a124a1e0907700a00005b0d4e9cd197f17e38990f5"}, "df17": {"time": 25037.7109375, "Lat": 22.091682, "Lon": 114.0446305, "geometric_height": 8650, "TId": "CAL7863", "gsp": 256.9, "tan": 237.2387695}, "windSpd_kt": 6.789, "windDir_deg": 86.267, "temperature_K": 553.73, "address": "8990f5", "createdAt": "06:57:18.119552"}