{"time": 24695.231421203, "bds50": {"value": {"rol": -0.4, "tan": 200.215, "gsp": 410, "tanR": null, "tas": 460}, "time": 24694.145565474, "msg": "02188d0696758dc64322919400a8001994ffd8e7337ffce6780508"}, "bds60": {"value": {"mhd": 210.234, "ias": 278, "mach": 0.768, "bar": 0, "ivv": 0}, "time": 24695.231421203, "msg": "02188d069675ce7f1b13809d00a000149ccaca2d30200400780508"}, "df17": {"time": 24694.1171875, "Lat": 24.1663384, "Lon": 114.1201186, "geometric_height": 33825, "TId": "CSN3516", "gsp": 409.4, "tan": 200.291748}, "windSpd_kt": 90.842, "windDir_deg": 81.974, "temperature_K": 472.336, "address": "780508", "createdAt": 