{"time": 24675.27900789, "bds50": {"value": {"rol": -0.2, "tan": 145.371, "gsp": 252, "tanR": -0.062, "tas": 260}, "time": 24674.189831291, "msg": "02188d069670e851ec7b808100a0000392fff6771fbff482780296"}, "bds60": {"value": {"mhd": 149.766, "ias": 240, "mach": 0.392, "bar": 0, "ivv": 0}, "time": 24675.27900789, "msg": "02188d069671293d7092808900a0000392b549e118a00400780296"}, "df17": {"time": 24675.1015625, "Lat": 22.6188755, "Lon": 113.660152, "geometric_height": 4925, "TId": "CSN6889", "gsp": 251.6, "tan": 145.3601074}, "windSpd_kt": 21.197, "windDir_deg": 35.413, "temperature_K": 579.206, "address": "780296", "createdAt": 