{"time": 25005.738363868, "bds50": {"value": {"rol": -0.4, "tan": 248.203, "gsp": 352, "tanR": 0.0, "tas": 372}, "time": 25005.738363868, "msg": "02188d0696be1a270bdc807c00a8001d80ffdb092c2004ba780265"}, "bds60": {"value": {"mhd": 250.137, "ias": 301, "mach": 0.572, "bar": 0, "ivv": -32}, "time": 25005.509295029, "msg": "02188d0696be0c7fbbb5827800a8001d80d8fa5b23e007ff780265"}, "df17": {"time": 25005.7265625, "Lat": 22.6939774, "Lon": 113.9964366, "geometric_height": 13425, "TId": "CSN3690", "gsp": 351.3, "tan": 248.1097412}, "windSpd_kt": 23.435, "windDir_deg": 100.596, "temperature_K": 556.868, "address": "780265", "createdAt": "06:56:45.776373"}