{"time": 25232.904313829, "bds50": {"value": {"rol": 5.1, "tan": 185.098, "gsp": 424, "tanR": 0.25, "tas": 442}, "time": 25232.895305575, "msg": "02188d0696f2fdc2e767819200a8000cbc83b83b352044dd76cdb0"}, "bds60": {"value": {"mhd": 191.074, "ias": 313, "mach": 0.708, "bar": 1184, "ivv": 1248}, "time": 25232.904313829, "msg": "02188d0696f2fe4c5be5809900a0000e92c3fa732c612c2776cdb0"}, "df17": {"time": 25231.9609375, "Lat": 20.9597254, "Lon": 114.0025306, "geometric_height": 23500, "TId": "SIA863", "gsp": 424.5, "tan": 184.7296143}, "windSpd_kt": 48.589, "windDir_deg": 76.373, "temperature_K": 513.14, "address": "76cdb0", "createdAt": "07:00:32.943562"}