{"time": 25263.897013009, "bds50": {"value": {"rol": 0.0, "tan": 268.066, "gsp": 364, "tanR": null, "tas": 396}, "time": 25263.701414582, "msg": "02188d0696fa29f2d2b6828900a8000b1f801beb2d8004c6780172"}, "bds60": {"value": {"mhd": 270.0, "ias": 301, "mach": 0.62, "bar": -1312, "ivv": -1344}, "time": 25263.897013009, "msg": "02188d0696fa359b6b11828a00a0000b37e00a5b26febfd6780172"}, "df17": {"time": 25263.5859375, "Lat": 22.275939, "Lon": 115.1176858, "geometric_height": 18175, "TId": "CPA501", "gsp": 365.2, "tan": 268.1158447}, "windSpd_kt": 34.471, "windDir_deg": 110.878, "temperature_K": 537.112, "address": "780172", "createdAt": "07:01:03.933174"}