{"time": 24614.706670961, "bds50": {"value": {"rol": -0.4, "tan": 263.496, "gsp": 400, "tanR": -0.094, "tas": 448}, "time": 24613.965856487, "msg": "02188d069662e2b0fee7918f00a8001e91ffdbb7323fece0780e17"}, "bds60": {"value": {"mhd": 263.32, "ias": 300, "mach": 0.724, "bar": -32, "ivv": -32}, "time": 24614.706670961, "msg": "02188d0696630ed8ed71819e00a0001098ddaa592d7fffff780e17"}, "df17": {"time": 24613.2421875, "Lat": 22.93396, "Lon": 115.7205391, "geometric_height": 27150, "TId": "CDC8835", "gsp": 399.2, "tan": 263.8201904}, "windSpd_kt": 48.018, "windDir_deg": 81.854, "temperature_K": 504.124, "address": "780e17", "createdAt": 