{"time": 24615.217339246, "bds50": {"value": {"rol": -1.1, "tan": 333.457, "gsp": 214, "tanR": -0.094, "tas": 206}, "time": 24615.206003728, "msg": "02188d0696632c9c2410808800a0000293ff5ed31affec6778029c"}, "bds60": {"value": {"mhd": 336.445, "ias": 197, "mach": 0.312, "bar": 1056, "ivv": 640}, "time": 24615.217339246, "msg": "02188d0696632d491b6e808900a0000293f7a98b13a10c1478029c"}, "df17": {"time": 24613.6640625, "Lat": 22.7067661, "Lon": 113.77141, "geometric_height": 3275, "TId": "CCA1368", "gsp": 208.7, "tan": 333.5559082}, "windSpd_kt": 13.56, "windDir_deg": -78.908, "temperature_K": 573.962, "address": "78029c", "createdAt": 