{"time": 24667.671212424, "bds50": {"value": {"rol": 1.1, "tan": 246.973, "gsp": 416, "tanR": 0.094, "tas": 452}, "time": 24667.671212424, "msg": "02188d06966f63c7b188808d00a80013ad80dafb34201ce2780d33"}, "bds60": {"value": {"mhd": 248.203, "ias": 317, "mach": 0.724, "bar": -1856, "ivv": -1984}, "time": 24667.618179046, "msg": "02188d06966f609e77e6928600a0000ebdd84a7b2d7e37c2780d33"}, "df17": {"time": 24667.2265625, "Lat": 22.0681858, "Lon": 112.9386806, "geometric_height": 24325, "TId": "GCR6536", "gsp": 416.6, "tan": 246.8188477}, "windSpd_kt": 37.184, "windDir_deg": 82.099, "temperature_K": 513.166, "address": "780d33", "createdAt": 