{"time": 25278.172857255, "bds50": {"value": {"rol": 0.4, "tan": 217.441, "gsp": 408, "tanR": null, "tas": 460}, "time": 25278.172857255, "msg": "02188d0696fd888383a7829300a8001f3e8059ab333ffce6780d67"}, "bds60": {"value": {"mhd": 225.176, "ias": 277, "mach": 0.768, "bar": 32, "ivv": 0}, "time": 25278.161079627, "msg": "02188d0696fd87cfcd4b809d00a000149cd01a2b30200c00780d67"}, "df17": {"time": 25277.6484375, "Lat": 23.262713, "Lon": 116.6190147, "geometric_height": 33900, "TId": "CSZ9912", "gsp": 407.2, "tan": 217.5183105}, "windSpd_kt": 78.226, "windDir_deg": 89.762, "temperature_K": 472.336, "address": "780d67", "createdAt": "07:01:18.209465"}