{"time": 24601.771993205, "bds50": {"value": {"rol": 3.5, "tan": 291.621, "gsp": 182, "tanR": 0.312, "tas": 170}, "time": 24601.68513438, "msg": "02188d06966006b40c2c807500a0000217829cf716e05455780451"}, "bds60": {"value": {"mhd": 298.125, "ias": 164, "mach": 0.26, "bar": -896, "ivv": -960}, "time": 24601.771993205, "msg": "02188d0696600be16875808300a0000217ea0949107f27e2780451"}, "df17": {"time": 24601.25, "Lat": 22.4818897, "Lon": 113.8949633, "geometric_height": 2675, "TId": "CSN3554", "gsp": 180.8, "tan": 291.7419434}, "windSpd_kt": 23.287, "windDir_deg": -124.164, "temperature_K": 562.872, "address": "780451", "createdAt": 