{"time": 25003.13037688, "bds50": {"value": {"rol": 0.0, "tan": 8.438, "gsp": 386, "tanR": 0.0, "tas": 380}, "time": 25003.13037688, "msg": "02188d0696bd7eb452b0808100a800189f801061306004be780bcf"}, "bds60": {"value": {"mhd": 5.801, "ias": 299, "mach": 0.588, "bar": 0, "ivv": 0}, "time": 25003.123484897, "msg": "02188d0696bd7e4b28e1808300a00009b8821a5724e00400780bcf"}, "df17": {"time": 25002.578125, "Lat": 22.6833773, "Lon": 113.9082026, "geometric_height": 17950, "TId": "CSN3070", "gsp": 385.2, "tan": 8.3605957}, "windSpd_kt": 18.618, "windDir_deg": 78.325, "temperature_K": 549.882, "address": "780bcf", "createdAt": "06:56:43.152065"}