{"time": 24562.494032977, "bds50": {"value": {"rol": -0.4, "tan": 113.203, "gsp": 282, "tanR": null, "tas": 284}, "time": 24562.494032977, "msg": "02188d069656e6bb4c51807100a8000daeffd509237ffc8e78018d"}, "bds60": {"value": {"mhd": 117.246, "ias": 258, "mach": 0.436, "bar": 1056, "ivv": 1024}, "time": 24562.476728742, "msg": "02188d069656e5b341a6806f00a000043ca9ba051b610c2078018d"}, "df17": {"time": 24562.140625, "Lat": 22.3137903, "Lon": 114.1199255, "geometric_height": 6400, "TId": "CPA919", "gsp": 279.5, "tan": 113.170166}, "windSpd_kt": 20.065, "windDir_deg": 19.508, "temperature_K": 558.626, "address": "78018d", "createdAt": 