{"time": 24691.856707581, "bds50": {"value": {"rol": 0.0, "tan": 73.125, "gsp": 292, "tanR": -0.094, "tas": 284}, "time": 24691.587151911, "msg": "02188d069674f547f827818d00a800092680134124bfec8e7811e2"}, "bds60": {"value": {"mhd": 75.938, "ias": 250, "mach": 0.436, "bar": -544, "ivv": -544}, "time": 24691.856707581, "msg": "02188d06967505590ffd818f00a00005b29b09f51b7f7fef7811e2"}, "df17": {"time": 24691.3515625, "Lat": 22.4164224, "Lon": 113.1597805, "geometric_height": 8650, "TId": "CSC8783", "gsp": 291.6, "tan": 73.0535889}, "windSpd_kt": 16.244, "windDir_deg": 14.027, "temperature_K": 558.626, "address": "7811e2", "createdAt": 