{"time": 25185.326242377, "bds50": {"value": {"rol": 0.4, "tan": 76.465, "gsp": 162, "tanR": 0.062, "tas": 172}, "time": 25185.326242377, "msg": "02188d0696e7ea6c9a49817c00a000021f80536714601456780447"}, "bds60": {"value": {"mhd": 81.035, "ias": 166, "mach": 0.264, "bar": -672, "ivv": -736}, "time": 25184.012658894, "msg": "02188d0696e79c20e8ce808100a000021f9cd94d10bf5fe9780447"}, "df17": {"time": 25185.2578125, "Lat": 22.4600673, "Lon": 113.8415122, "geometric_height": 2825, "TId": "CSZ9902", "gsp": 162.6, "tan": 76.4758301}, "windSpd_kt": 16.649, "windDir_deg": -48.132, "temperature_K": 558.864, "address": "780447", "createdAt": "06:59:45.367014"}