{"time": 25007.272934296, "bds50": {"value": {"rol": 0.0, "tan": 92.285, "gsp": 498, "tanR": -0.094, "tas": 456}, "time": 25007.272934296, "msg": "02188d0696be759ebb98808700a8000e2180141b3e7fece47809df"}, "bds60": {"value": {"mhd": 97.383, "ias": 290, "mach": 0.748, "bar": 576, "ivv": 608}, "time": 25006.808003354, "msg": "02188d0696be59e8731a808800a0001299a2aa452ee094137809df"}, "df17": {"time": 25007.046875, "Lat": 21.5697241, "Lon": 114.1986322, "geometric_height": 30500, "TId": "CSN319", "gsp": 497.5, "tan": 92.3071289}, "windSpd_kt": 59.671, "windDir_deg": 49.515, "temperature_K": 489.31, "address": "7809df", "createdAt": "06:56:47.301378"}