{"time": 25181.393194653, "bds50": {"value": {"rol": 0.2, "tan": 332.93, "gsp": 148, "tanR": -0.219, "tas": 146}, "time": 25179.994565496, "msg": "02188d0696e6aca1ab78807f00a8001827803ecd12bfcc49781319"}, "bds60": {"value": {"mhd": 337.324, "ias": 142, "mach": 0.22, "bar": -864, "ivv": -896}, "time": 25181.393194653, "msg": "02188d0696e6ffff0e9d807f00a000013ef7f91d0dff2fe4781319"}, "df17": {"time": 25181.1875, "Lat": 22.5514555, "Lon": 113.8413405, "geometric_height": 1625, "TId": "TBA9847", "gsp": 147.2, "tan": 332.913208}, "windSpd_kt": 11.446, "windDir_deg": -104.818, "temperature_K": 579.854, "address": "781319", "createdAt": "06:59:41.429100"}