{"time": 25015.061554255, "bds50": {"value": {"rol": -0.2, "tan": 268.066, "gsp": 356, "tanR": 0.0, "tas": 384}, "time": 25014.199501655, "msg": "02188d0696c01279c357818e00a8001981fffbeb2ca004c0780124"}, "bds60": {"value": {"mhd": 271.055, "ias": 300, "mach": 0.596, "bar": -1920, "ivv": -1920}, "time": 25015.061554255, "msg": "02188d0696c045dba44f828800a0000a16e06a59257e27c4780124"}, "df17": {"time": 25014.625, "Lat": 22.2726774, "Lon": 115.0115347, "geometric_height": 16050, "TId": "HDA865", "gsp": 356.2, "tan": 268.0718994}, "windSpd_kt": 33.999, "windDir_deg": 124.147, "temperature_K": 546.548, "address": "780124", "createdAt": "06:56:55.092036"}