{"time": 24610.1353237, "bds50": {"value": {"rol": -13.0, "tan": 264.551, "gsp": 264, "tanR": -0.094, "tas": 278}, "time": 24610.1353237, "msg": "02188d069661fe5fb434808200a8000e19f6dbc3213fec8b780aab"}, "bds60": {"value": {"mhd": 265.43, "ias": 230, "mach": 0.424, "bar": -32, "ivv": 0}, "time": 24610.128101347, "msg": "02188d069661fdf17fe3927d00a0000790de69cd1abffc00780aab"}, "df17": {"time": 24610.03125, "Lat": 22.2478294, "Lon": 114.2981529, "geometric_height": 11525, "TId": "CPA859", "gsp": 264.1, "tan": 265.0012207}, "windSpd_kt": 14.604, "windDir_deg": 101.53, "temperature_K": 565.998, "address": "780aab", "createdAt": 