{"time": 24590.996507985, "bds50": {"value": {"rol": 0.0, "tan": 200.566, "gsp": 412, "tanR": null, "tas": 474}, "time": 24589.921201967, "msg": "02188d06965d4984af2f81a000a8000d858018eb33bffced781336"}, "bds60": {"value": {"mhd": 213.926, "ias": 269, "mach": 0.812, "bar": 160, "ivv": -64}, "time": 24590.996507985, "msg": "02188d06965d899c8d5181b100a000171ccc1a1b32e02ffe781336"}, "df17": {"time": 24588.1875, "Lat": 25.7917356, "Lon": 114.7792983, "geometric_height": 37900, "TId": "CES5377", "gsp": 412.0, "tan": 200.456543}, "windSpd_kt": 120.058, "windDir_deg": 86.388, "temperature_K": 448.644, "address": "781336", "createdAt": 