{"time": 24595.21537421, "bds50": {"value": {"rol": -0.2, "tan": 8.262, "gsp": 364, "tanR": null, "tas": 358}, "time": 24593.853070104, "msg": "02188d06965e33e03b18808a00a8001812fff05f2dbffcb3780c75"}, "bds60": {"value": {"mhd": 5.977, "ias": 280, "mach": 0.552, "bar": -160, "ivv": -32}, "time": 24595.21537421, "msg": "02188d06965e85135782828300a00009b8822a3122bfdfff780c75"}, "df17": {"time": 24594.828125, "Lat": 22.4824691, "Lon": 113.8861227, "geometric_height": 15600, "TId": "CSN644", "gsp": 362.8, "tan": 8.2397461}, "windSpd_kt": 15.596, "windDir_deg": 74.498, "temperature_K": 553.79, "address": "780c75", "createdAt": 