{"time": 25088.339823304, "bds50": {"value": {"rol": -0.7, "tan": 199.336, "gsp": 324, "tanR": null, "tas": 338}, "time": 25087.548541609, "msg": "02188d0696d1266b4aa9808e00a8001029ff98dd28bffca978135d"}, "bds60": {"value": {"mhd": 204.961, "ias": 278, "mach": 0.52, "bar": 0, "ivv": 32}, "time": 25088.339823304, "msg": "02188d0696d155954ac8808e00a0000810c8ea2d20a0040178135d"}, "df17": {"time": 25088.2265625, "Lat": 23.0738854, "Lon": 113.209691, "geometric_height": 12350, "TId": "CSN3759", "gsp": 324.1, "tan": 199.2755127}, "windSpd_kt": 35.365, "windDir_deg": 88.858, "temperature_K": 556.268, "address": "78135d", "createdAt": "06:58:08.374478"}