{"time": 24644.588565344, "bds50": {"value": {"rol": -0.4, "tan": 162.246, "gsp": 418, "tanR": null, "tas": 432}, "time": 24643.47272687, "msg": "02188d069669c1701b56809000a8001db0ffd737347ffcd878074b"}, "bds60": {"value": {"mhd": 169.453, "ias": 301, "mach": 0.692, "bar": 224, "ivv": 32}, "time": 24644.588565344, "msg": "02188d06966a03f27360808b00a0000f10bc4a5b2b603c0178074b"}, "df17": {"time": 24644.546875, "Lat": 22.3830771, "Lon": 113.4112215, "geometric_height": 24300, "TId": "CSN6049", "gsp": 417.7, "tan": 162.3010254}, "windSpd_kt": 55.221, "windDir_deg": 61.193, "temperature_K": 513.114, "address": "78074b", "createdAt": 