{"time": 24627.211327385, "bds50": {"value": {"rol": -0.2, "tan": 294.609, "gsp": 412, "tanR": 0.094, "tas": 454}, "time": 24627.203760431, "msg": "02188d069665f7bb612f90a000a8001b30fffd1933a01ce3780e98"}, "bds60": {"value": {"mhd": 291.27, "ias": 295, "mach": 0.744, "bar": 32, "ivv": 0}, "time": 24627.211327385, "msg": "02188d069665f82ed799809e00a00011b8e79a4f2ea00c00780e98"}, "df17": {"time": 24625.984375, "Lat": 23.8774538, "Lon": 112.6993203, "geometric_height": 29100, "TId": "CHH7751", "gsp": 412.6, "tan": 294.6368408}, "windSpd_kt": 48.98, "windDir_deg": 81.935, "temperature_K": 490.256, "address": "780e98", "createdAt": 