{"time": 24708.623408853, "bds50": {"value": {"rol": -12.1, "tan": 115.664, "gsp": 182, "tanR": -1.281, "tas": 194}, "time": 24708.623408853, "msg": "02188d069678ecb89ed5808200a80010b4f7752516febc617812a0"}, "bds60": {"value": {"mhd": 119.883, "ias": 184, "mach": 0.292, "bar": -704, "ivv": -704}, "time": 24707.259700308, "msg": "02188d0696789b701454808200a0000292aaa971127f57ea7812a0"}, "df17": {"time": 24708.2890625, "Lat": 22.4598956, "Lon": 113.7857008, "geometric_height": 3275, "TId": "CHH7709", "gsp": 182.8, "tan": 116.987915}, "windSpd_kt": 18.313, "windDir_deg": -13.134, "temperature_K": 581.16, "address": "7812a0", "createdAt": 