{"time": 24673.552731627, "bds50": {"value": {"rol": 0.7, "tan": 0.176, "gsp": 476, "tanR": 0.0, "tas": 448}, "time": 24673.547024107, "msg": "02188d069670c20176eb819a00a000129a8090033ba004e070e066"}, "bds60": {"value": {"mhd": 20.918, "ias": 284, "mach": 0.736, "bar": -960, "ivv": null}, "time": 24673.552731627, "msg": "02188d069670c2588deb819a00a000129a877a392e3f100070e066"}, "df17": {"time": 24672.5703125, "Lat": 19.9331045, "Lon": 112.6471567, "geometric_height": 30725, "TId": "MKR500", "gsp": 475.9, "tan": 22.0935059}, "windSpd_kt": 168.605, "windDir_deg": -70.051, "temperature_K": 487.818, "address": "70e066", "createdAt": 