{"time": 24598.610705053, "bds50": {"value": {"rol": 0.4, "tan": 252.598, "gsp": 416, "tanR": 0.0, "tas": 470}, "time": 24598.60185099, "msg": "02188d06965f4eece06e829a00a8001616805b3b342004eb7808bd"}, "bds60": {"value": {"mhd": 254.707, "ias": 285, "mach": 0.78, "bar": 960, "ivv": 1024}, "time": 24598.610705053, "msg": "02188d06965f4f73fa9d819900a000143cda9a3b30e0f4207808bd"}, "df17": {"time": 24598.578125, "Lat": 21.3233042, "Lon": 110.9796166, "geometric_height": 33575, "TId": "CSN8405", "gsp": 417.3, "tan": 252.5646973}, "windSpd_kt": 56.399, "windDir_deg": 90.457, "temperature_K": 478.04, "address": "7808bd", "createdAt": 