{"time": 24652.960333828, "bds50": {"value": {"rol": 0.4, "tan": 197.402, "gsp": 420, "tanR": 0.031, "tas": 464}, "time": 24652.960333828, "msg": "02188d06966bf6f18004819000a80019918058c734a00ce87809ab"}, "bds60": {"value": {"mhd": 207.07, "ias": 281, "mach": 0.776, "bar": 128, "ivv": 32}, "time": 24651.799379003, "msg": "02188d06966bb1bebc3b809600a000149cc9aa3330a024017809ab"}, "df17": {"time": 24652.3984375, "Lat": 23.6344886, "Lon": 113.8998771, "geometric_height": 33900, "TId": "CQH8579", "gsp": 421.2, "tan": 197.4023438}, "windSpd_kt": 86.438, "windDir_deg": 81.757, "temperature_K": 470.728, "address": "7809ab", "createdAt": 