{"time": 24593.763653252, "bds50": {"value": {"rol": -0.9, "tan": 236.777, "gsp": 440, "tanR": null, "tas": 476}, "time": 24592.419060991, "msg": "02188d06965dde66fcff82ab00a0281814ff7a87373ffcee71c026"}, "bds60": {"value": {"mhd": 236.953, "ias": 263, "mach": 0.82, "bar": -800, "ivv": -992}, "time": 24593.763653252, "msg": "02188d06965e2e8bd68482ab00a0281813d44a0f337f3fe171c026"}, "df17": {"time": 24590.75, "Lat": 18.5786104, "Lon": 111.7980981, "geometric_height": 39850, "TId": "KAL485", "gsp": 440.1, "tan": 236.9586182}, "windSpd_kt": 36.027, "windDir_deg": 59.103, "temperature_K": 443.654, "address": "71c026", "createdAt": 