{"time": 24673.005699212, "bds50": {"value": {"rol": -0.9, "tan": 176.133, "gsp": 314, "tanR": -0.062, "tas": 324}, "time": 24672.997858336, "msg": "02188d069670a145dc20807300a80009abff77d5277ff4a2780126"}, "bds60": {"value": {"mhd": 178.418, "ias": 300, "mach": 0.492, "bar": 0, "ivv": -32}, "time": 24673.005699212, "msg": "02188d069670a1bd808c807400a0000398bf7a591ee007ff780126"}, "df17": {"time": 24672.921875, "Lat": 22.2257066, "Lon": 114.0804005, "geometric_height": 5100, "TId": "HDA694", "gsp": 313.8, "tan": 175.9790039}, "windSpd_kt": 16.18, "windDir_deg": 49.11, "temperature_K": 570.976, "address": "780126", "createdAt": 