{"time": 24593.831175049, "bds50": {"value": {"rol": -0.4, "tan": 39.902, "gsp": 412, "tanR": 0.0, "tas": 390}, "time": 24593.831175049, "msg": "02188d06965e32922389818e00a8000098ffd1c733a004c378050e"}, "bds60": {"value": {"mhd": 39.023, "ias": 302, "mach": 0.608, "bar": 2464, "ivv": 2464}, "time": 24593.82314887, "msg": "02188d06965e3217ab46809400a0000a9b8dea5d26226c4d78050e"}, "df17": {"time": 24593.1953125, "Lat": 23.0676198, "Lon": 114.35817, "geometric_height": 16850, "TId": "CSZ9805", "gsp": 412.4, "tan": 39.9847412}, "windSpd_kt": 22.843, "windDir_deg": 55.086, "temperature_K": 541.726, "address": "78050e", "createdAt": 