{"time": 25046.195677847, "bds50": {"value": {"rol": 0.0, "tan": 236.074, "gsp": 388, "tanR": null, "tas": 434}, "time": 25046.190790579, "msg": "02188d0696c7854e17b3819a00a8001935801a7f30bffcd9780c4c"}, "bds60": {"value": {"mhd": 238.359, "ias": 290, "mach": 0.704, "bar": -64, "ivv": 0}, "time": 25046.195677847, "msg": "02188d0696c78598aa9790a100a0001098d4ca452c3ff400780c4c"}, "df17": {"time": 25043.5, "Lat": 21.6444826, "Lon": 111.9447398, "geometric_height": 27025, "TId": "CES5199", "gsp": 388.3, "tan": 236.0247803}, "windSpd_kt": 48.824, "windDir_deg": 76.831, "temperature_K": 500.37, "address": "780c4c", "createdAt": "06:57:26.241336"}