{"time": 25098.815244004, "bds50": {"value": {"rol": 0.0, "tan": 268.418, "gsp": 440, "tanR": null, "tas": 498}, "time": 25098.815244004, "msg": "02188d0696d3c5f786e4819300a0001730801bef373ffcf9a7f08e"}, "bds60": {"value": {"mhd": 268.77, "ias": 281, "mach": 0.844, "bar": -3104, "ivv": -2848}, "time": 25098.784898499, "msg": "02188d0696d3c4287dc3819300a0001730df9a3334fcffa7a7f08e"}, "df17": {"time": 25098.234375, "Lat": 22.3111725, "Lon": 116.4197159, "geometric_height": 38400, "TId": "UPS62", "gsp": 440.1, "tan": 268.4399414}, "windSpd_kt": 58.071, "windDir_deg": 91.438, "temperature_K": 458.386, "address": "a7f08e", "createdAt": "06:58:18.851862"}