{"time": 24681.223356673, "bds50": {"value": {"rol": 2.3, "tan": 70.137, "gsp": 178, "tanR": 0.406, "tas": 180}, "time": 24681.074428553, "msg": "02188d06967282ac8a89807500a028011f81b31f16606c5a76aa77"}, "bds60": {"value": {"mhd": 71.719, "ias": 177, "mach": 0.272, "bar": 1856, "ivv": 1600}, "time": 24681.223356673, "msg": "02188d0696728b8d0101828200a028011f9989631121d43276aa77"}, "df17": {"time": 24681.171875, "Lat": 22.3110437, "Lon": 113.9429641, "geometric_height": 1175, "TId": "JSA698", "gsp": 177.8, "tan": 69.9334717}, "windSpd_kt": 5.331, "windDir_deg": -41.102, "temperature_K": 576.588, "address": "76aa77", "createdAt": 