{"time": 25179.169789288, "bds50": {"value": {"rol": 0.0, "tan": 221.836, "gsp": 362, "tanR": 0.0, "tas": 386}, "time": 25179.162638475, "msg": "02188d0696e67b0b788b818f00a0000a328019dd2d6004c17807ac"}, "bds60": {"value": {"mhd": 226.406, "ias": 301, "mach": 0.6, "bar": -1088, "ivv": -1152}, "time": 25179.169789288, "msg": "02188d0696e67b789568818c00a0000a32d08a5b25bef7dc7807ac"}, "df17": {"time": 25178.8671875, "Lat": 23.6421704, "Lon": 113.4892845, "geometric_height": 16275, "TId": "CSZ9876", "gsp": 362.5, "tan": 221.8688965}, "windSpd_kt": 38.269, "windDir_deg": 95.318, "temperature_K": 544.916, "address": "7807ac", "createdAt": "06:59:39.241958"}