{"time": 24607.977811721, "bds50": {"value": {"rol": 0.4, "tan": 229.395, "gsp": 328, "tanR": 0.0, "tas": 352}, "time": 24607.962723504, "msg": "02188d0696617ce074b0809900a8280804805a33292004b07814d9"}, "bds60": {"value": {"mhd": 236.074, "ias": 281, "mach": 0.544, "bar": -32, "ivv": 0}, "time": 24607.977811721, "msg": "02188d0696617dc6af09819100a0280930d3fa33223ffc007814d9"}, "df17": {"time": 24607.359375, "Lat": 24.1288519, "Lon": 114.2708802, "geometric_height": 14450, "TId": "CES7320", "gsp": 329.2, "tan": 229.4384766}, "windSpd_kt": 46.294, "windDir_deg": 111.567, "temperature_K": 551.246, "address": "7814d9", "createdAt": 