{"time": 24561.872598073, "bds50": {"value": {"rol": -0.2, "tan": 243.281, "gsp": 392, "tanR": 0.0, "tas": 432}, "time": 24560.571957752, "msg": "02188d069656742ac1f8929c00a800132bfffad1312004d8780471"}, "bds60": {"value": {"mhd": 243.633, "ias": 300, "mach": 0.696, "bar": 96, "ivv": -32}, "time": 24561.872598073, "msg": "02188d069656c1b0f439819400a0000f36d6aa592ba01fff780471"}, "df17": {"time": 24559.78125, "Lat": 21.6884279, "Lon": 112.0775843, "geometric_height": 24875, "TId": "CSZ9751", "gsp": 392.7, "tan": 243.3691406}, "windSpd_kt": 40.08, "windDir_deg": 67.078, "temperature_K": 507.232, "address": "780471", "createdAt": 