{"time": 25106.886754235, "bds50": {"value": {"rol": 0.4, "tan": 268.418, "gsp": 394, "tanR": null, "tas": 424}, "time": 25106.886754235, "msg": "02188d0696d5a710ffbb818d00a8000b1f805bef314004d4780172"}, "bds60": {"value": {"mhd": 269.824, "ias": 305, "mach": 0.672, "bar": -1472, "ivv": -1472}, "time": 25106.879414773, "msg": "02188d0696d5a6a101f5818700a0000d9cdffa632a3e97d2780172"}, "df17": {"time": 25106.734375, "Lat": 22.2848868, "Lon": 115.4157972, "geometric_height": 22100, "TId": "CPA501", "gsp": 393.1, "tan": 268.3959961}, "windSpd_kt": 31.632, "windDir_deg": 107.62, "temperature_K": 524.144, "address": "780172", "createdAt": "06:58:26.935047"}