{"time": 24682.897105497, "bds50": {"value": {"rol": 0.0, "tan": 259.805, "gsp": 356, "tanR": 0.031, "tas": 376}, "time": 24682.897105497, "msg": "02188d069672ef506259808800a8001d80801b8d2ca00cbc780265"}, "bds60": {"value": {"mhd": 261.738, "ias": 300, "mach": 0.576, "bar": -1024, "ivv": -1024}, "time": 24682.889746924, "msg": "02188d069672eee019ec828300a0000915dd1a59243f07e0780265"}, "df17": {"time": 24682.71875, "Lat": 22.794528, "Lon": 114.5515037, "geometric_height": 14200, "TId": "CSN3690", "gsp": 354.4, "tan": 259.9255371}, "windSpd_kt": 23.502, "windDir_deg": 112.465, "temperature_K": 561.034, "address": "780265", "createdAt": 