{"time": 25220.430477611, "bds50": {"value": {"rol": 0.2, "tan": 354.727, "gsp": 402, "tanR": 0.0, "tas": 392}, "time": 25220.37472632, "msg": "02188d0696f0137a06b0919400a0001216803fc5326004c47502b0"}, "bds60": {"value": {"mhd": 350.332, "ias": 250, "mach": 0.64, "bar": -576, "ivv": -480}, "time": 25220.430477611, "msg": "02188d0696f016ccb92b809c00a0001216fc99f5283f77f17502b0"}, "df17": {"time": 25220.421875, "Lat": 21.3072109, "Lon": 116.307621, "geometric_height": 29650, "TId": "MAS358", "gsp": 401.7, "tan": 354.7155762}, "windSpd_kt": 32.043, "windDir_deg": 64.359, "temperature_K": 493.936, "address": "7502b0", "createdAt": "07:00:20.471341"}