{"time": 24661.204092694, "bds50": {"value": {"rol": -0.2, "tan": 183.867, "gsp": 330, "tanR": null, "tas": 342}, "time": 24661.195951192, "msg": "02188d06966de1d30c58828200a0000415fff82d297ffcab76cdb0"}, "bds60": {"value": {"mhd": 186.328, "ias": 314, "mach": 0.524, "bar": 3392, "ivv": 3392}, "time": 24661.204092694, "msg": "02188d06966de24f4716808900a0000415c24a7520e3546a76cdb0"}, "df17": {"time": 24659.640625, "Lat": 21.9861102, "Lon": 114.0729332, "geometric_height": 5725, "TId": "SIA863", "gsp": 331.8, "tan": 183.9770508}, "windSpd_kt": 18.767, "windDir_deg": 55.359, "temperature_K": 560.85, "address": "76cdb0", "createdAt": 