{"time": 25160.733469829, "bds50": {"value": {"rol": -0.2, "tan": 267.715, "gsp": 264, "tanR": null, "tas": 278}, "time": 25160.733469829, "msg": "02188d0696e23094ac85807600a8000e2efffbe7213ffc8b789211"}, "bds60": {"value": {"mhd": 268.066, "ias": 230, "mach": 0.424, "bar": 32, "ivv": 32}, "time": 25160.722733069, "msg": "02188d0696e22ff0d80d807700a000073fdf59cd1aa00c01789211"}, "df17": {"time": 25160.234375, "Lat": 22.2507906, "Lon": 114.3710661, "geometric_height": 11525, "TId": "CRK611", "gsp": 264.1, "tan": 267.8302002}, "windSpd_kt": 14.098, "windDir_deg": 94.653, "temperature_K": 565.998, "address": "789211", "createdAt": "06:59:20.764524"}