{"time": 24638.90114326, "bds50": {"value": {"rol": 24.4, "tan": 232.383, "gsp": 410, "tanR": 1.188, "tas": 462}, "time": 24638.6966864, "msg": "02188d069668a4c38340809e00a8001125917a55336134e77805e0"}, "bds60": {"value": {"mhd": 238.184, "ias": 301, "mach": 0.756, "bar": -64, "ivv": 0}, "time": 24638.90114326, "msg": "02188d069668b0f346dc90a000a00011b7d4ba5b2f7ff4007805e0"}, "df17": {"time": 24638.7109375, "Lat": 22.9638934, "Lon": 116.3666296, "geometric_height": 29125, "TId": "CXA8643", "gsp": 409.1, "tan": 232.3443604}, "windSpd_kt": 68.147, "windDir_deg": 95.636, "temperature_K": 491.698, "address": "7805e0", "createdAt": 