{"time": 24675.145058967, "bds50": {"value": {"rol": 0.2, "tan": 70.488, "gsp": 482, "tanR": -0.062, "tas": 434}, "time": 24675.145058967, "msg": "02188d06967121418a97829600a80001a68033233c7ff4d9780a9e"}, "bds60": {"value": {"mhd": 72.598, "ias": 273, "mach": 0.712, "bar": 192, "ivv": 32}, "time": 24673.76506436, "msg": "02188d069670cf007ea8819400a80001a699da232ca03401780a9e"}, "df17": {"time": 24674.59375, "Lat": 21.1457419, "Lon": 112.4004149, "geometric_height": 30850, "TId": "CRK170", "gsp": 482.7, "tan": 70.5157471}, "windSpd_kt": 50.869, "windDir_deg": 52.18, "temperature_K": 489.19, "address": "780a9e", "createdAt": 