{"time": 24649.174004716, "bds50": {"value": {"rol": -25.0, "tan": 304.629, "gsp": 238, "tanR": -2.062, "tas": 236}, "time": 24649.167053674, "msg": "02188d06966b14d8a36a807900a000053eee5d8b1dfdf476780a9b"}, "bds60": {"value": {"mhd": 304.453, "ias": 208, "mach": 0.36, "bar": -384, "ivv": -448}, "time": 24649.174004716, "msg": "02188d06966b1542b3ec807900a000053eec49a116bfa7f2780a9b"}, "df17": {"time": 24649.09375, "Lat": 22.1388888, "Lon": 114.1367698, "geometric_height": 8125, "TId": "CPA188", "gsp": 238.0, "tan": 306.628418}, "windSpd_kt": 2.128, "windDir_deg": -35.457, "temperature_K": 565.818, "address": "780a9b", "createdAt": 