{"time": 24673.435857483, "bds50": {"value": {"rol": 0.0, "tan": 340.312, "gsp": 204, "tanR": 0.031, "tas": 190}, "time": 24673.392298678, "msg": "02188d069670b8c88ab6908700a8000807801f2119a00c5f780a0e"}, "bds60": {"value": {"mhd": 345.059, "ias": 181, "mach": 0.288, "bar": -512, "ivv": -512}, "time": 24673.435857483, "msg": "02188d069670bb61324b808700a0000290fab96b123f87f0780a0e"}, "df17": {"time": 24672.8984375, "Lat": 22.1806026, "Lon": 113.7388587, "geometric_height": 3300, "TId": "CPA110", "gsp": 205.0, "tan": 340.3289795}, "windSpd_kt": 21.492, "windDir_deg": -66.709, "temperature_K": 573.034, "address": "780a0e", "createdAt": 