{"time": 24633.65700922, "bds50": {"value": {"rol": 0.7, "tan": 71.016, "gsp": 124, "tanR": 0.125, "tas": 130}, "time": 24633.65700922, "msg": "02188d06966778602444808500a8201a348093290fa02441780886"}, "bds60": {"value": {"mhd": 69.961, "ias": 129, "mach": 0.196, "bar": -576, "ivv": -608}, "time": 24633.642854708, "msg": "02188d06966777882934808400a02000b998e9030c7f77ed780886"}, "df17": {"time": 24633.296875, "Lat": 22.3007441, "Lon": 113.8662529, "geometric_height": 650, "TId": "CSN3043", "gsp": 123.9, "tan": 70.6860352}, "windSpd_kt": 6.439, "windDir_deg": -130.805, "temperature_K": 579.206, "address": "780886", "createdAt": 