{"time": 25043.247170478, "bds50": {"value": {"rol": -5.1, "tan": 262.266, "gsp": 350, "tanR": -0.375, "tas": 376}, "time": 25043.247170478, "msg": "02188d0696c6d5da03ae808800a8001e91fc7ba92bffa4bc780e17"}, "bds60": {"value": {"mhd": 264.375, "ias": 290, "mach": 0.584, "bar": -960, "ivv": -960}, "time": 25042.800305111, "msg": "02188d0696c6bb3763d7818d00a0000a9dde0a4524bf17e2780e17"}, "df17": {"time": 25043.0078125, "Lat": 22.8507471, "Lon": 114.9151039, "geometric_height": 17125, "TId": "CDC8835", "gsp": 351.1, "tan": 262.4688721}, "windSpd_kt": 29.228, "windDir_deg": 110.522, "temperature_K": 545.768, "address": "780e17", "createdAt": "06:57:23.283305"}