{"time": 25243.125492137, "bds50": {"value": {"rol": 1.1, "tan": 246.973, "gsp": 264, "tanR": 0.094, "tas": 278}, "time": 25243.125492137, "msg": "02188d0696f55f8729a9807600a8000e2e80dafb21201c8b789211"}, "bds60": {"value": {"mhd": 248.555, "ias": 231, "mach": 0.424, "bar": 224, "ivv": 32}, "time": 25243.118005331, "msg": "02188d0696f55f14ec53807600a0000790d869cf1aa03c01789211"}, "df17": {"time": 25242.7109375, "Lat": 22.2370791, "Lon": 114.2645288, "geometric_height": 11525, "TId": "CRK611", "gsp": 263.9, "tan": 247.0275879}, "windSpd_kt": 15.873, "windDir_deg": 95.889, "temperature_K": 565.998, "address": "789211", "createdAt": "07:00:43.171463"}