{"time": 25295.197722819, "bds50": {"value": {"rol": -0.5, "tan": 287.402, "gsp": 418, "tanR": null, "tas": 460}, "time": 25295.197722819, "msg": "02188d0697017f4658c3909e00a8000925ffbcc7347ffce67809c2"}, "bds60": {"value": {"mhd": 285.117, "ias": 310, "mach": 0.748, "bar": 0, "ivv": 32}, "time": 25295.086237179, "msg": "02188d06970178a135fb828f00a0001098e56a6d2ee004017809c2"}, "df17": {"time": 25292.46875, "Lat": 23.3215499, "Lon": 115.5478907, "geometric_height": 27000, "TId": "CES2476", "gsp": 418.1, "tan": 287.3968506}, "windSpd_kt": 45.495, "windDir_deg": 83.628, "temperature_K": 497.932, "address": "7809c2", "createdAt": "07:01:35.255939"}