{"time": 25011.225481978, "bds50": {"value": {"rol": 0.2, "tan": 183.867, "gsp": 326, "tanR": 0.0, "tas": 332}, "time": 25010.439572794, "msg": "02188d0696bf325dcd3a808300a8000ca880382d28e004a676aa77"}, "bds60": {"value": {"mhd": 186.328, "ias": 298, "mach": 0.512, "bar": 1664, "ivv": 1696}, "time": 25011.225481978, "msg": "02188d0696bf6135d2fa817c00a0000513c24a552021a43576aa77"}, "df17": {"time": 25010.75, "Lat": 22.0250773, "Lon": 114.0760875, "geometric_height": 7450, "TId": "JSA698", "gsp": 325.6, "tan": 183.8726807}, "windSpd_kt": 15.351, "windDir_deg": 72.095, "temperature_K": 553.598, "address": "76aa77", "createdAt": "06:56:51.250447"}