{"time": 25046.501649199, "bds50": {"value": {"rol": 0.2, "tan": 70.137, "gsp": 150, "tanR": 0.062, "tas": 158}, "time": 25045.560833935, "msg": "02188d0696c75fc1b78f809100a80018b780331f12e0144f780a71"}, "bds60": {"value": {"mhd": 71.895, "ias": 152, "mach": 0.24, "bar": -832, "ivv": -704}, "time": 25046.501649199, "msg": "02188d0696c797d56b2f808300a00001b69999310f3f37ea780a71"}, "df17": {"time": 25046.2109375, "Lat": 22.2740293, "Lon": 113.783834, "geometric_height": 2225, "TId": "HKE553", "gsp": 149.0, "tan": 69.9829102}, "windSpd_kt": 9.29, "windDir_deg": -78.414, "temperature_K": 570.624, "address": "780a71", "createdAt": "06:57:26.551968"}