{"time": 25008.187705991, "bds50": {"value": {"rol": 0.0, "tan": 223.945, "gsp": 418, "tanR": 0.0, "tas": 468}, "time": 25007.914976246, "msg": "02188d0696be9be383f6919200a8200c288019f5346004ea781591"}, "bds60": {"value": {"mhd": 229.746, "ias": 275, "mach": 0.792, "bar": 128, "ivv": 0}, "time": 25008.187705991, "msg": "02188d0696beac250a87829200a02015bcd1ba2731a02400781591"}, "df17": {"time": 25007.8359375, "Lat": 21.7725635, "Lon": 111.9607687, "geometric_height": 36075, "TId": "CHH7260", "gsp": 417.9, "tan": 223.9343262}, "windSpd_kt": 67.109, "windDir_deg": 88.763, "temperature_K": 459.726, "address": "781591", "createdAt": "06:56:48.212063"}