{"time": 24655.125064143, "bds50": {"value": {"rol": -0.4, "tan": 199.688, "gsp": 340, "tanR": null, "tas": 350}, "time": 24655.117727511, "msg": "02188d06966c7788b717819000a000091fffd8e12abffcaf780f53"}, "bds60": {"value": {"mhd": 205.84, "ias": 279, "mach": 0.54, "bar": 32, "ivv": 96}, "time": 24655.125064143, "msg": "02188d06966c77f8a9cf819000a000091fc93a2f21e00c03780f53"}, "df17": {"time": 24654.7421875, "Lat": 23.4650159, "Lon": 113.3585215, "geometric_height": 14450, "TId": "CUA5867", "gsp": 341.0, "tan": 199.7094727}, "windSpd_kt": 38.349, "windDir_deg": 97.671, "temperature_K": 553.104, "address": "780f53", "createdAt": 