{"time": 24587.277283804, "bds50": {"value": {"rol": -0.2, "tan": 146.777, "gsp": 204, "tanR": null, "tas": 208}, "time": 24586.539053332, "msg": "02188d06965c7fed3114808200a0000310fff68719bffc687812a0"}, "bds60": {"value": {"mhd": 150.117, "ias": 195, "mach": 0.316, "bar": -1248, "ivv": -1216}, "time": 24587.277283804, "msg": "02188d06965cabedb1dc808600a0000310b5698713fecfda7812a0"}, "df17": {"time": 24587.125, "Lat": 22.5485158, "Lon": 113.7167358, "geometric_height": 4075, "TId": "CHH7709", "gsp": 203.7, "tan": 146.6235352}, "windSpd_kt": 12.655, "windDir_deg": 40.029, "temperature_K": 570.44, "address": "7812a0", "createdAt": 