{"time": 24739.282114577, "bds50": {"value": {"rol": -0.4, "tan": 145.371, "gsp": 258, "tanR": -0.062, "tas": 262}, "time": 24739.282114577, "msg": "02188d069680101f5811808100a8000a16ffd677207ff483780296"}, "bds60": {"value": {"mhd": 149.238, "ias": 244, "mach": 0.396, "bar": -1664, "ivv": -1792}, "time": 24739.273791468, "msg": "02188d0696800fa057ec808000a0000330b519e918fe67c8780296"}, "df17": {"time": 24738.9609375, "Lat": 22.5567555, "Lon": 113.7066078, "geometric_height": 4500, "TId": "CSN6889", "gsp": 256.6, "tan": 145.3216553}, "windSpd_kt": 17.994, "windDir_deg": 44.468, "temperature_K": 576.328, "address": "780296", "createdAt": 