{"time": 25081.968886166, "bds50": {"value": {"rol": 0.0, "tan": 248.73, "gsp": 242, "tanR": -0.125, "tas": 244}, "time": 25081.69401159, "msg": "02188d0696cfc97640c6808100a8001798801b0f1e7fe47a8990f5"}, "bds60": {"value": {"mhd": 249.434, "ias": 216, "mach": 0.376, "bar": -768, "ivv": -768}, "time": 25081.968886166, "msg": "02188d0696cfd9d88196808200a8001798d8b9b117bf47e88990f5"}, "df17": {"time": 25081.5625, "Lat": 22.0723701, "Lon": 113.9939475, "geometric_height": 8000, "TId": "CAL7863", "gsp": 241.7, "tan": 248.637085}, "windSpd_kt": 3.594, "windDir_deg": 125.266, "temperature_K": 554.45, "address": "8990f5", "createdAt": "06:58:02.002395"}