{"time": 25263.203013776, "bds50": {"value": {"rol": 0.0, "tan": 334.512, "gsp": 428, "tanR": 0.0, "tas": 424}, "time": 25263.033511201, "msg": "02188d0696fa02236d21808a00a80009bb801edf35a004d478115c"}, "bds60": {"value": {"mhd": 331.523, "ias": 291, "mach": 0.688, "bar": 1728, "ivv": 1632}, "time": 25263.203013776, "msg": "02188d0696fa0c3dd490818d00a0000fb5f5ea472b21b43378115c"}, "df17": {"time": 25262.8125, "Lat": 22.8463483, "Lon": 113.9776611, "geometric_height": 25675, "TId": "CCA112", "gsp": 428.5, "tan": 334.5721436}, "windSpd_kt": 22.578, "windDir_deg": 52.816, "temperature_K": 500.05, "address": "78115c", "createdAt": "07:01:03.243321"}