{"time": 24684.762264938, "bds50": {"value": {"rol": -0.2, "tan": 45.879, "gsp": 414, "tanR": 0.0, "tas": 390}, "time": 24684.074745417, "msg": "02188d0696733581be49919b00a8001f30fff20b33e004c3780d7b"}, "bds60": {"value": {"mhd": 45.879, "ias": 282, "mach": 0.616, "bar": 928, "ivv": 832}, "time": 24684.762264938, "msg": "02188d0696735e7c756a919b00a0000d33905a3526a0ec1a780d7b"}, "df17": {"time": 24682.6171875, "Lat": 21.6973972, "Lon": 111.1873913, "geometric_height": 21325, "TId": "CSH9536", "gsp": 414.4, "tan": 45.9777832}, "windSpd_kt": 24.0, "windDir_deg": 45.879, "temperature_K": 527.746, "address": "780d7b", "createdAt": 