{"time": 24621.390101019, "bds50": {"value": {"rol": 0.9, "tan": 247.148, "gsp": 404, "tanR": 0.062, "tas": 466}, "time": 24621.384581895, "msg": "02188d0696649ce1c307818d00a000149c80bafd32a014e9780ead"}, "bds60": {"value": {"mhd": 250.84, "ias": 280, "mach": 0.776, "bar": 96, "ivv": 32}, "time": 24621.390101019, "msg": "02188d0696649d35fa1b828d00a000149cd93a3130a01c01780ead"}, "df17": {"time": 24621.1875, "Lat": 22.0693016, "Lon": 112.9411268, "geometric_height": 33925, "TId": "CXA837", "gsp": 404.7, "tan": 247.1759033}, "windSpd_kt": 68.011, "windDir_deg": 93.329, "temperature_K": 474.796, "address": "780ead", "createdAt": 