{"time": 25014.303898841, "bds50": {"value": {"rol": 1.1, "tan": 178.945, "gsp": 306, "tanR": 0.062, "tas": 314}, "time": 25014.303898841, "msg": "02188d0696c018b2bcd9806900a000041280d7f52660149d7801c1"}, "bds60": {"value": {"mhd": 181.23, "ias": 287, "mach": 0.476, "bar": 1024, "ivv": 1024}, "time": 25014.071345888, "msg": "02188d0696c00ad642e0807d00a0000412c07a3f1de104207801c1"}, "df17": {"time": 25014.0703125, "Lat": 22.274909, "Lon": 114.0805292, "geometric_height": 5800, "TId": "HDA254", "gsp": 304.1, "tan": 178.8684082}, "windSpd_kt": 14.724, "windDir_deg": 57.184, "temperature_K": 572.932, "address": "7801c1", "createdAt": "06:56:54.328587"}