{"time": 25091.088712238, "bds50": {"value": {"rol": -0.2, "tan": 132.188, "gsp": 422, "tanR": null, "tas": 408}, "time": 25091.088712238, "msg": "02188d0696d1f96e022e829200a8000daefff5e134fffccc78018d"}, "bds60": {"value": {"mhd": 137.637, "ias": 298, "mach": 0.648, "bar": 1696, "ivv": 1664}, "time": 25090.941270471, "msg": "02188d0696d1f0a439c7819800a0000d17b0fa5528a1ac3478018d"}, "df17": {"time": 25090.09375, "Lat": 21.7438531, "Lon": 114.8939466, "geometric_height": 21125, "TId": "CPA919", "gsp": 420.6, "tan": 132.1105957}, "windSpd_kt": 41.858, "windDir_deg": 64.43, "temperature_K": 521.948, "address": "78018d", "createdAt": "06:58:11.132437"}