{"time": 24649.537789139, "bds50": {"value": {"rol": 0.4, "tan": 70.664, "gsp": 158, "tanR": null, "tas": 168}, "time": 24649.530266881, "msg": "02188d06966b2a7ed501808700a000019380532513c004547801cc"}, "bds60": {"value": {"mhd": 71.016, "ias": 163, "mach": 0.252, "bar": -736, "ivv": -768}, "time": 24649.537789139, "msg": "02188d06966b2af19cd3808600a00001939949470fff4fe87801cc"}, "df17": {"time": 24648.921875, "Lat": 22.2826982, "Lon": 113.8105273, "geometric_height": 1750, "TId": "CPA766", "gsp": 157.8, "tan": 70.7629395}, "windSpd_kt": 10.05, "windDir_deg": -103.441, "temperature_K": 585.16, "address": "7801cc", "createdAt": 