{"time": 25102.702396426, "bds50": {"value": {"rol": 0.2, "tan": 268.242, "gsp": 362, "tanR": 0.0, "tas": 412}, "time": 25102.702396426, "msg": "02188d0696d4ada8c40a829100a8001ab0803bed2d6004ce789207"}, "bds60": {"value": {"mhd": 269.297, "ias": 262, "mach": 0.672, "bar": -1440, "ivv": -1344}, "time": 25102.694308404, "msg": "02188d0696d4ad2d5a34819100a0001236dfca0d2a3e9fd6789207"}, "df17": {"time": 25101.703125, "Lat": 22.3019671, "Lon": 116.0380483, "geometric_height": 30050, "TId": "HKE619", "gsp": 363.2, "tan": 268.2641602}, "windSpd_kt": 50.503, "windDir_deg": 96.881, "temperature_K": 494.896, "address": "789207", "createdAt": "06:58:22.764273"}