{"time": 24615.248014205, "bds50": {"value": {"rol": 0.4, "tan": 175.605, "gsp": 360, "tanR": 0.031, "tas": 362}, "time": 24615.248014205, "msg": "02188d0696632f1d2b7d808c00a8000f3c8057cf2d200cb570e050"}, "bds60": {"value": {"mhd": 180.703, "ias": 292, "mach": 0.556, "bar": 32, "ivv": 0}, "time": 24615.234692059, "msg": "02188d0696632e51e3db808d00a00008b0c04a4922e00c0070e050"}, "df17": {"time": 24614.671875, "Lat": 22.1737576, "Lon": 114.0107703, "geometric_height": 13750, "TId": "JCC625", "gsp": 359.9, "tan": 175.6988525}, "windSpd_kt": 32.172, "windDir_deg": 84.593, "temperature_K": 558.118, "address": "70e050", "createdAt": 