{"time": 24630.991011969, "bds50": {"value": {"rol": -0.2, "tan": 268.066, "gsp": 334, "tanR": 0.0, "tas": 350}, "time": 24630.991011969, "msg": "02188d069666d9784081808900a800160ffffbeb29e004af780a49"}, "bds60": {"value": {"mhd": 269.824, "ias": 278, "mach": 0.536, "bar": -1216, "ivv": -1184}, "time": 24630.983669365, "msg": "02188d069666d9083675808800a000091fdffa2d21bed7db780a49"}, "df17": {"time": 24630.921875, "Lat": 22.2687936, "Lon": 114.8923802, "geometric_height": 14525, "TId": "CPA495", "gsp": 334.2, "tan": 267.9400635}, "windSpd_kt": 19.132, "windDir_deg": 122.206, "temperature_K": 561.39, "address": "780a49", "createdAt": 