{"time": 24637.951196967, "bds50": {"value": {"rol": 0.2, "tan": 146.777, "gsp": 204, "tanR": 0.062, "tas": 208}, "time": 24637.251102657, "msg": "02188d0696684e99a7c1808200a80010b480368719a014687812a0"}, "bds60": {"value": {"mhd": 150.293, "ias": 196, "mach": 0.316, "bar": 0, "ivv": 32}, "time": 24637.951196967, "msg": "02188d06966878543f27808100a80010b4b5798913e004017812a0"}, "df17": {"time": 24637.640625, "Lat": 22.5084329, "Lon": 113.7452102, "geometric_height": 3900, "TId": "CHH7709", "gsp": 204.3, "tan": 146.7773438}, "windSpd_kt": 13.257, "windDir_deg": 40.982, "temperature_K": 570.44, "address": "7812a0", "createdAt": 