{"time": 24635.236775794, "bds50": {"value": {"rol": -0.2, "tan": 69.961, "gsp": 190, "tanR": 0.031, "tas": 192}, "time": 24635.236775794, "msg": "02188d069667d6897772807500a82009bbfff31d17e00c6078115c"}, "bds60": {"value": {"mhd": 75.234, "ias": 182, "mach": 0.292, "bar": 800, "ivv": 800}, "time": 24635.21274157, "msg": "02188d069667d51abbc2807500a020029e9ac96d1260cc1978115c"}, "df17": {"time": 24634.828125, "Lat": 22.3288965, "Lon": 114.000535, "geometric_height": 3625, "TId": "CCA112", "gsp": 188.5, "tan": 69.8345947}, "windSpd_kt": 17.685, "windDir_deg": -23.889, "temperature_K": 569.238, "address": "78115c", "createdAt": 