{"time": 24613.837438667, "bds50": {"value": {"rol": -0.4, "tan": 259.805, "gsp": 354, "tanR": null, "tas": 380}, "time": 24613.837438667, "msg": "02188d069662db097ecb808200a8001d80ffdb8d2c7ffcbe780265"}, "bds60": {"value": {"mhd": 261.562, "ias": 300, "mach": 0.588, "bar": -960, "ivv": -992}, "time": 24612.627927157, "msg": "02188d06966292f1d075808100a00009b4dd0a5924ff17e1780265"}, "df17": {"time": 24613.3203125, "Lat": 22.814827, "Lon": 114.6725035, "geometric_height": 15450, "TId": "CSN3690", "gsp": 353.5, "tan": 259.8980713}, "windSpd_kt": 28.328, "windDir_deg": 104.091, "temperature_K": 549.882, "address": "780265", "createdAt": 