{"time": 25244.373400348, "bds50": {"value": {"rol": 1.1, "tan": 246.973, "gsp": 264, "tanR": 0.094, "tas": 278}, "time": 25243.873941371, "msg": "02188d0696f58c23977b807800a8000e2e80dafb21201c8b789211"}, "bds60": {"value": {"mhd": 248.73, "ias": 230, "mach": 0.424, "bar": 128, "ivv": 32}, "time": 25244.373400348, "msg": "02188d0696f5a9e8bb1c807c00a8000e2ed879cd1aa02401789211"}, "df17": {"time": 25243.5546875, "Lat": 22.2366071, "Lon": 114.263413, "geometric_height": 11525, "TId": "CRK611", "gsp": 263.9, "tan": 247.0275879}, "windSpd_kt": 16.279, "windDir_deg": 98.547, "temperature_K": 565.998, "address": "789211", "createdAt": "07:00:44.407344"}