{"time": 25038.900857416, "bds50": {"value": {"rol": -9.7, "tan": 207.422, "gsp": 272, "tanR": -0.719, "tas": 284}, "time": 25038.900857416, "msg": "02188d0696c5d2ca8a48919200a8000a83f93939223f4c8e780ccb"}, "bds60": {"value": {"mhd": 211.113, "ias": 251, "mach": 0.44, "bar": -192, "ivv": -1088}, "time": 25038.893597772, "msg": "02188d0696c5d25bc44c819300a00005b3cb19f71bbfd7de780ccb"}, "df17": {"time": 25037.796875, "Lat": 23.4272289, "Lon": 113.4272289, "geometric_height": 8700, "TId": "CSN3086", "gsp": 270.3, "tan": 208.7457275}, "windSpd_kt": 21.551, "windDir_deg": 85.452, "temperature_K": 548.516, "address": "780ccb", "createdAt": "06:57:18.935321"}