{"time": 24627.202983135, "bds50": {"value": {"rol": 2.8, "tan": 175.43, "gsp": 310, "tanR": 0.188, "tas": 322}, "time": 24627.202983135, "msg": "02188d069665f7af84df806700a80009ab8217cd26e034a1780126"}, "bds60": {"value": {"mhd": 178.945, "ias": 298, "mach": 0.488, "bar": 96, "ivv": 224}, "time": 24627.194851149, "msg": "02188d069665f7336f4d806700a0000397bfaa551ea01c07780126"}, "df17": {"time": 24626.9921875, "Lat": 22.2925258, "Lon": 114.0764308, "geometric_height": 5075, "TId": "HDA694", "gsp": 308.9, "tan": 175.3582764}, "windSpd_kt": 22.794, "windDir_deg": 55.438, "temperature_K": 573.232, "address": "780126", "createdAt": 