{"time": 24595.890624254, "bds50": {"value": {"rol": 0.2, "tan": 184.395, "gsp": 376, "tanR": null, "tas": 388}, "time": 24595.874439684, "msg": "02188d06965eac5be204819200a0000b1c8038332f3ffcc2780301"}, "bds60": {"value": {"mhd": 193.008, "ias": 297, "mach": 0.608, "bar": -1952, "ivv": -2016}, "time": 24595.890624254, "msg": "02188d06965ead52d6fe929600a0000b1cc4aa53263e1fc1780301"}, "df17": {"time": 24594.984375, "Lat": 24.9139667, "Lon": 113.7501454, "geometric_height": 17825, "TId": "CES5281", "gsp": 377.1, "tan": 184.4110107}, "windSpd_kt": 58.605, "windDir_deg": 86.92, "temperature_K": 536.184, "address": "780301", "createdAt": 