{"time": 25276.294057289, "bds50": {"value": {"rol": 20.4, "tan": 74.18, "gsp": 242, "tanR": 1.531, "tas": 242}, "time": 25275.18648697, "msg": "02188d0696fcd6831eba806a00a80018ad8e934d1e618c79880858"}, "bds60": {"value": {"mhd": 84.023, "ias": 227, "mach": 0.368, "bar": 2400, "ivv": 2368}, "time": 25276.294057289, "msg": "02188d0696fd18874d49806c00a000031c9de9c717225c4a880858"}, "df17": {"time": 25276.2578125, "Lat": 22.3367071, "Lon": 114.0246105, "geometric_height": 4375, "TId": "AIQ521", "gsp": 242.6, "tan": 76.6516113}, "windSpd_kt": 41.523, "windDir_deg": -10.899, "temperature_K": 569.368, "address": "880858", "createdAt": "07:01:16.331333"}