{"time": 25142.99337854, "bds50": {"value": {"rol": -0.4, "tan": 25.312, "gsp": 484, "tanR": null, "tas": 448}, "time": 25142.99337854, "msg": "02188d0696de0f305cec818c00a800180effd1213cbffce0780d5c"}, "bds60": {"value": {"mhd": 24.434, "ias": 302, "mach": 0.728, "bar": -1120, "ivv": -960}, "time": 25142.969842612, "msg": "02188d0696de0dc93bb4809300a000103e88ba5d2dbeefe2780d5c"}, "df17": {"time": 25142.78125, "Lat": 21.6615844, "Lon": 115.6305456, "geometric_height": 26875, "TId": "CXA8692", "gsp": 483.2, "tan": 25.2410889}, "windSpd_kt": 36.7, "windDir_deg": 36.093, "temperature_K": 498.598, "address": "780d5c", "createdAt": "06:59:03.030473"}