{"time": 25063.303719259, "bds50": {"value": {"rol": 0.0, "tan": 309.199, "gsp": 240, "tanR": 0.031, "tas": 226}, "time": 25063.303719259, "msg": "02188d0696cb8150a95b808300a8000e19801dbf1e200c71780aab"}, "bds60": {"value": {"mhd": 309.902, "ias": 209, "mach": 0.344, "bar": -800, "ivv": -768}, "time": 25063.295961799, "msg": "02188d0696cb80da4ac7808200a0000399ee39a315bf3fe8780aab"}, "df17": {"time": 25062.5625, "Lat": 22.059989, "Lon": 113.8562536, "geometric_height": 5125, "TId": "CPA859", "gsp": 240.2, "tan": 309.2541504}, "windSpd_kt": 14.289, "windDir_deg": -61.991, "temperature_K": 568.274, "address": "780aab", "createdAt": "06:57:43.349391"}