{"time": 25113.865919093, "bds50": {"value": {"rol": 0.5, "tan": 224.824, "gsp": 426, "tanR": -0.062, "tas": 462}, "time": 25113.60352592, "msg": "02188d0696d7376acd20819000a00013388079ff357ff4e77810ca"}, "bds60": {"value": {"mhd": 229.922, "ias": 287, "mach": 0.76, "bar": 0, "ivv": 0}, "time": 25113.865919093, "msg": "02188d0696d7470e9a75818e00a0001338d1ca3f2fa004007810ca"}, "df17": {"time": 25113.0390625, "Lat": 20.4323387, "Lon": 114.998939, "geometric_height": 31850, "TId": "RLH5035", "gsp": 425.6, "tan": 224.8077393}, "windSpd_kt": 53.415, "windDir_deg": 95.05, "temperature_K": 486.536, "address": "7810ca", "createdAt": "06:58:33.905194"}