{"time": 24639.491934788, "bds50": {"value": {"rol": 0.0, "tan": 263.496, "gsp": 336, "tanR": 0.0, "tas": 370}, "time": 24638.820356117, "msg": "02188d069668ac229015808800a8000e94801bb72a2004b979a054"}, "bds60": {"value": {"mhd": 266.836, "ias": 280, "mach": 0.576, "bar": -2176, "ivv": -2048}, "time": 24639.491934788, "msg": "02188d069668d42a0a44808900a0000b34deea31243de7c079a054"}, "df17": {"time": 24639.0625, "Lat": 22.8512406, "Lon": 114.914546, "geometric_height": 18075, "TId": "CSN6325", "gsp": 337.1, "tan": 263.5290527}, "windSpd_kt": 39.728, "windDir_deg": 116.357, "temperature_K": 543.27, "address": "79a054", "createdAt": 