{"time": 25066.528362291, "bds50": {"value": {"rol": 16.3, "tan": 152.402, "gsp": 462, "tanR": 0.688, "tas": 464}, "time": 25066.528362291, "msg": "02188d0696cc4184cf33808c00a8001db08bb6c739e0b4e878074b"}, "bds60": {"value": {"mhd": 161.543, "ias": 300, "mach": 0.756, "bar": 1088, "ivv": 1056}, "time": 25066.287159634, "msg": "02188d0696cc33245952908b00a0001211b97a592f61142178074b"}, "df17": {"time": 25066.3125, "Lat": 21.6197205, "Lon": 113.7755084, "geometric_height": 29425, "TId": "CSN6049", "gsp": 462.5, "tan": 151.8859863}, "windSpd_kt": 73.816, "windDir_deg": 65.425, "temperature_K": 495.964, "address": "78074b", "createdAt": "06:57:46.578277"}