{"time": 24702.993468889, "bds50": {"value": {"rol": -0.2, "tan": 198.105, "gsp": 350, "tanR": 0.0, "tas": 368}, "time": 24701.989293231, "msg": "02188d069677614c0caf919400a800179dfff8cf2be004b8780adf"}, "bds60": {"value": {"mhd": 204.082, "ias": 299, "mach": 0.564, "bar": -992, "ivv": -1024}, "time": 24702.993468889, "msg": "02188d0696779d268dd9819600a0000835c89a57237f0fe0780adf"}, "df17": {"time": 24701.21875, "Lat": 24.0021443, "Lon": 113.6259913, "geometric_height": 12950, "TId": "CSN3384", "gsp": 351.3, "tan": 198.0725098}, "windSpd_kt": 41.526, "windDir_deg": 85.443, "temperature_K": 560.526, "address": "780adf", "createdAt": 