{"time": 25101.725941462, "bds50": {"value": {"rol": -0.2, "tan": 184.043, "gsp": 348, "tanR": 0.0, "tas": 354}, "time": 25101.725941462, "msg": "02188d0696d473753ed6908400a8000ca8fff82f2ba004b176aa77"}, "bds60": {"value": {"mhd": 187.91, "ias": 295, "mach": 0.54, "bar": 1216, "ivv": 1248}, "time": 25101.702007011, "msg": "02188d0696d4720808e3808200a0000738c2da4f21e1342776aa77"}, "df17": {"time": 25101.4609375, "Lat": 21.8839931, "Lon": 114.065659, "geometric_height": 11350, "TId": "JSA698", "gsp": 347.8, "tan": 183.9550781}, "windSpd_kt": 24.432, "windDir_deg": 81.769, "temperature_K": 565.818, "address": "76aa77", "createdAt": "06:58:21.766858"}