{"time": 25003.521432165, "bds50": {"value": {"rol": 0.0, "tan": 216.035, "gsp": 420, "tanR": 0.0, "tas": 454}, "time": 25003.521432165, "msg": "02188d0696bd96035a65919400a8281da480199b34a004e370e063"}, "bds60": {"value": {"mhd": 219.902, "ias": 266, "mach": 0.768, "bar": -64, "ivv": -64}, "time": 25003.514195448, "msg": "02188d0696bd9594edf8819500a02815b8ce3a15303ff7fe70e063"}, "df17": {"time": 25002.5234375, "Lat": 19.5917988, "Lon": 112.9504395, "geometric_height": 36025, "TId": "MKR978", "gsp": 420.1, "tan": 216.1889648}, "windSpd_kt": 44.992, "windDir_deg": 78.92, "temperature_K": 460.094, "address": "70e063", "createdAt": "06:56:43.550069"}