{"time": 25029.407342703, "bds50": {"value": {"rol": 0.4, "tan": 263.496, "gsp": 350, "tanR": 0.031, "tas": 378}, "time": 25029.399947848, "msg": "02188d0696c39c7e2a48808800a0000ab6805bb72be00cbd780e17"}, "bds60": {"value": {"mhd": 266.309, "ias": 290, "mach": 0.588, "bar": -992, "ivv": -992}, "time": 25029.407342703, "msg": "02188d0696c39cef006f808700a0000ab6deba4524ff0fe1780e17"}, "df17": {"time": 25028.578125, "Lat": 22.8534722, "Lon": 114.9395657, "geometric_height": 17350, "TId": "CDC8835", "gsp": 351.1, "tan": 263.6224365}, "windSpd_kt": 33.209, "windDir_deg": 117.456, "temperature_K": 544.11, "address": "780e17", "createdAt": "06:57:09.440446"}