{"time": 25087.374183924, "bds50": {"value": {"rol": 0.4, "tan": 225.527, "gsp": 426, "tanR": null, "tas": 472}, "time": 25087.169457386, "msg": "02188d0696d10fd2ecea808b00a00011b8805a07357ffcec7805f8"}, "bds60": {"value": {"mhd": 230.801, "ias": 308, "mach": 0.772, "bar": -32, "ivv": 0}, "time": 25087.374183924, "msg": "02188d0696d11c06cdf4808c00a00011b8d21a69307ffc007805f8"}, "df17": {"time": 25086.7421875, "Lat": 22.756741, "Lon": 113.0411196, "geometric_height": 29100, "TId": "CSN6483", "gsp": 424.3, "tan": 225.5712891}, "windSpd_kt": 61.794, "windDir_deg": 90.123, "temperature_K": 492.16, "address": "7805f8", "createdAt": "06:58:07.416366"}