{"time": 24641.636274686, "bds50": {"value": {"rol": 0.4, "tan": 69.961, "gsp": 200, "tanR": 0.062, "tas": 204}, "time": 24641.636274686, "msg": "02188d06966953fa11fe917900a82009bb80531d1920146678115c"}, "bds60": {"value": {"mhd": 75.41, "ias": 192, "mach": 0.308, "bar": 800, "ivv": 800}, "time": 24641.271268235, "msg": "02188d0696693e38838b806d00a02002b19ad9811360cc1978115c"}, "df17": {"time": 24641.2421875, "Lat": 22.3308921, "Lon": 114.0064359, "geometric_height": 3700, "TId": "CCA112", "gsp": 198.0, "tan": 69.9169922}, "windSpd_kt": 19.615, "windDir_deg": -29.068, "temperature_K": 577.586, "address": "78115c", "createdAt": 