{"time": 24685.413761283, "bds50": {"value": {"rol": -1.4, "tan": 216.211, "gsp": 264, "tanR": 0.0, "tas": 278}, "time": 24685.413761283, "msg": "02188d06967385518103807200a8000e19ff199d2120048b780aab"}, "bds60": {"value": {"mhd": 220.078, "ias": 230, "mach": 0.424, "bar": 32, "ivv": 64}, "time": 24684.779302905, "msg": "02188d0696735f806ff9827e00a0000790ce49cd1aa00c02780aab"}, "df17": {"time": 24685.234375, "Lat": 22.2045279, "Lon": 114.2139745, "geometric_height": 11525, "TId": "CPA859", "gsp": 264.1, "tan": 216.2164307}, "windSpd_kt": 23.026, "windDir_deg": 90.723, "temperature_K": 565.998, "address": "780aab", "createdAt": 