{"time": 24610.512724651, "bds50": {"value": {"rol": -0.4, "tan": 162.246, "gsp": 418, "tanR": null, "tas": 430}, "time": 24610.504012708, "msg": "02188d069662145973a4809000a8001db0ffd737347ffcd778074b"}, "bds60": {"value": {"mhd": 169.453, "ias": 301, "mach": 0.692, "bar": -32, "ivv": -32}, "time": 24610.512724651, "msg": "02188d06966214de62ab809000a0000f10bc4a5b2b7fffff78074b"}, "df17": {"time": 24610.2734375, "Lat": 22.4464417, "Lon": 113.3895922, "geometric_height": 24300, "TId": "CSN6049", "gsp": 417.7, "tan": 162.3010254}, "windSpd_kt": 54.627, "windDir_deg": 63.185, "temperature_K": 508.372, "address": "78074b", "createdAt": 