{"time": 25031.34022808, "bds50": {"value": {"rol": -1.1, "tan": 40.781, "gsp": 292, "tanR": -0.062, "tas": 276}, "time": 25031.34022808, "msg": "02188d0696c410247df0828a00a80010b2ff51d124bff48a780a22"}, "bds60": {"value": {"mhd": 42.539, "ias": 232, "mach": 0.424, "bar": -2048, "ivv": -2016}, "time": 25030.676448292, "msg": "02188d0696c3e8940424928900a00007168f29d11abe07c1780a22"}, "df17": {"time": 25030.765625, "Lat": 21.7907381, "Lon": 113.8423061, "geometric_height": 10925, "TId": "CRK108", "gsp": 292.9, "tan": 40.7098389}, "windSpd_kt": 18.217, "windDir_deg": 13.084, "temperature_K": 557.884, "address": "780a22", "createdAt": "06:57:11.388556"}