{"time": 25195.222873971, "bds50": {"value": {"rol": 0.4, "tan": 77.695, "gsp": 158, "tanR": 0.062, "tas": 170}, "time": 25195.222873971, "msg": "02188d0696ea384f3773808000a800043580537513e01455780447"}, "bds60": {"value": {"mhd": 81.211, "ias": 163, "mach": 0.256, "bar": -576, "ivv": -576}, "time": 25195.212446583, "msg": "02188d0696ea37b01b77808000a000021b9ce947103f77ee780447"}, "df17": {"time": 25195, "Lat": 22.4616766, "Lon": 113.8485718, "geometric_height": 2725, "TId": "CSZ9902", "gsp": 158.6, "tan": 77.6293945}, "windSpd_kt": 15.656, "windDir_deg": -60.553, "temperature_K": 580.598, "address": "780447", "createdAt": "06:59:55.268324"}