{"time": 25073.344823147, "bds50": {"value": {"rol": 1.1, "tan": 259.98, "gsp": 344, "tanR": 0.062, "tas": 372}, "time": 25073.058405848, "msg": "02188d0696cdc6bd5dd8808500a0000a3380db8f2b2014ba780e17"}, "bds60": {"value": {"mhd": 263.32, "ias": 290, "mach": 0.58, "bar": -864, "ivv": -992}, "time": 25073.344823147, "msg": "02188d0696cdd7cfbf6b808500a0000a33ddaa45247f2fe1780e17"}, "df17": {"time": 25073.1484375, "Lat": 22.8422499, "Lon": 114.8629832, "geometric_height": 16450, "TId": "CDC8835", "gsp": 344.3, "tan": 259.9639893}, "windSpd_kt": 34.91, "windDir_deg": 118.356, "temperature_K": 541.612, "address": "780e17", "createdAt": "06:57:53.390035"}