{"time": 25140.677827964, "bds50": {"value": {"rol": 0.2, "tan": 64.863, "gsp": 466, "tanR": null, "tas": 418}, "time": 25140.677827964, "msg": "02188d0696dd852bdd7c808d00a800153d8032e33a7ffcd17810b1"}, "bds60": {"value": {"mhd": 67.676, "ias": 287, "mach": 0.672, "bar": -1920, "ivv": -1536}, "time": 25140.667414935, "msg": "02188d0696dd848cf997808e00a0000f93981a3f2a3e27d07810b1"}, "df17": {"time": 25140.1953125, "Lat": 23.0445957, "Lon": 115.1258397, "geometric_height": 25275, "TId": "GCR7441", "gsp": 466.0, "tan": 64.8632812}, "windSpd_kt": 52.663, "windDir_deg": 41.938, "temperature_K": 509.416, "address": "7810b1", "createdAt": "06:59:00.712811"}