{"time": 24697.126458135, "bds50": {"value": {"rol": 0.4, "tan": 70.664, "gsp": 144, "tanR": null, "tas": 148}, "time": 24697.108347352, "msg": "02188d0696763e5eb9d8807c00a00001198053251200044a7801cc"}, "bds60": {"value": {"mhd": 70.664, "ias": 145, "mach": 0.22, "bar": -672, "ivv": -768}, "time": 24697.126458135, "msg": "02188d0696763f731317807d00a00001199929230dff5fe87801cc"}, "df17": {"time": 24696.2265625, "Lat": 22.2938132, "Lon": 113.844924, "geometric_height": 1075, "TId": "CPA766", "gsp": 144.1, "tan": 70.5596924}, "windSpd_kt": 4.0, "windDir_deg": -109.336, "temperature_K": 595.848, "address": "7801cc", "createdAt": 