{"time": 25113.878563947, "bds50": {"value": {"rol": 0.0, "tan": 183.516, "gsp": 382, "tanR": null, "tas": 390}, "time": 25113.878563947, "msg": "02188d0696d747cf8c6b808800a80009ab8018292ffffcc3780126"}, "bds60": {"value": {"mhd": 189.844, "ias": 303, "mach": 0.604, "bar": 2432, "ivv": 2464}, "time": 25113.772208244, "msg": "02188d0696d74178b074808900a0000a34c38a5f25e2644d780126"}, "df17": {"time": 25113.2890625, "Lat": 21.5511632, "Lon": 114.042356, "geometric_height": 16275, "TId": "HDA694", "gsp": 381.7, "tan": 183.6035156}, "windSpd_kt": 43.352, "windDir_deg": 86.062, "temperature_K": 548.926, "address": "780126", "createdAt": "06:58:33.922882"}