{"time": 24675.420014479, "bds50": {"value": {"rol": -0.2, "tan": 70.84, "gsp": 266, "tanR": null, "tas": 258}, "time": 24674.047187339, "msg": "02188d069670dfd1598b818500a8001827fff327217ffc81781319"}, "bds60": {"value": {"mhd": 74.531, "ias": 235, "mach": 0.392, "bar": -96, "ivv": -128}, "time": 24675.420014479, "msg": "02188d06967131a5078f808a00a000041b9a89d718bfeffc781319"}, "df17": {"time": 24674.421875, "Lat": 22.4943137, "Lon": 113.445425, "geometric_height": 6050, "TId": "TBA9847", "gsp": 266.5, "tan": 70.9552002}, "windSpd_kt": 18.674, "windDir_deg": 8.038, "temperature_K": 570.328, "address": "781319", "createdAt": 