{"time": 24566.643513306, "bds50": {"value": {"rol": 0.2, "tan": 184.746, "gsp": 340, "tanR": 0.0, "tas": 352}, "time": 24565.863754431, "msg": "02188d069657af952abf907b00a00003978038372aa004b076cdb0"}, "bds60": {"value": {"mhd": 186.855, "ias": 325, "mach": 0.536, "bar": -96, "ivv": 32}, "time": 24566.643513306, "msg": "02188d069657de0f57da807d00a0000397c27a8b21bfec0176cdb0"}, "df17": {"time": 24566.203125, "Lat": 22.1326661, "Lon": 114.0841126, "geometric_height": 5075, "TId": "SIA863", "gsp": 340.1, "tan": 184.7241211}, "windSpd_kt": 17.497, "windDir_deg": 52.508, "temperature_K": 567.824, "address": "76cdb0", "createdAt": 