{"time": 25114.076856232, "bds50": {"value": {"rol": -0.9, "tan": 181.055, "gsp": 442, "tanR": -0.062, "tas": 464}, "time": 25114.076856232, "msg": "02188d0696d753a13fa8808c00a8001db0ff780d377ff4e878074b"}, "bds60": {"value": {"mhd": 188.789, "ias": 293, "mach": 0.76, "bar": 1632, "ivv": 1728}, "time": 25113.905068549, "msg": "02188d0696d74963fa05808b00a00012b1c32a4b2fa19c3678074b"}, "df17": {"time": 25114.0234375, "Lat": 21.5227318, "Lon": 113.7965369, "geometric_height": 30700, "TId": "CSN6049", "gsp": 442.1, "tan": 180.9063721}, "windSpd_kt": 64.924, "windDir_deg": 75.162, "temperature_K": 490.758, "address": "78074b", "createdAt": "06:58:34.109730"}