{"time": 25255.270670335, "bds50": {"value": {"rol": 0.4, "tan": 83.672, "gsp": 480, "tanR": 0.0, "tas": 430}, "time": 25254.577386206, "msg": "02188d0696f80a1d32de808e00a00011308053b93c2004d77813e0"}, "bds60": {"value": {"mhd": 88.066, "ias": 282, "mach": 0.7, "bar": -32, "ivv": 0}, "time": 25255.270670335, "msg": "02188d0696f8336fdfff809100a00011309f5a352bfffc007813e0"}, "df17": {"time": 25254.484375, "Lat": 23.0266356, "Lon": 113.7096763, "geometric_height": 28100, "TId": "OKA2720", "gsp": 480.1, "tan": 83.5400391}, "windSpd_kt": 60.937, "windDir_deg": 50.946, "temperature_K": 496.82, "address": "7813e0", "createdAt": "07:00:55.327749"}