{"time": 24703.175596517, "bds50": {"value": {"rol": 0.2, "tan": 215.859, "gsp": 260, "tanR": null, "tas": 276}, "time": 24703.175596517, "msg": "02188d069677a80199e5807a00a8000e1980399920bffc8a780aab"}, "bds60": {"value": {"mhd": 219.902, "ias": 229, "mach": 0.42, "bar": -992, "ivv": -1120}, "time": 24703.16516914, "msg": "02188d069677a7627df4807a00a000073bce39cb1a7f0fdd780aab"}, "df17": {"time": 24702.78125, "Lat": 22.1872544, "Lon": 114.200542, "geometric_height": 11400, "TId": "CPA859", "gsp": 260.6, "tan": 215.9472656}, "windSpd_kt": 24.762, "windDir_deg": 87.659, "temperature_K": 568.562, "address": "780aab", "createdAt": 