{"time": 25083.182626128, "bds50": {"value": {"rol": -4.4, "tan": 322.91, "gsp": 402, "tanR": -0.188, "tas": 400}, "time": 25083.182626128, "msg": "02188d0696d02230b550829600a8000d03fcfe5b327fd4c87c4926"}, "bds60": {"value": {"mhd": 319.57, "ias": 264, "mach": 0.648, "bar": -128, "ivv": 64}, "time": 25082.822873157, "msg": "02188d0696d00cbf5045809e00a00010b7f1aa1128bfe4027c4926"}, "df17": {"time": 25083.171875, "Lat": 21.043067, "Lon": 115.0213623, "geometric_height": 27475, "TId": "QFA127", "gsp": 402.1, "tan": 322.9870605}, "windSpd_kt": 23.458, "windDir_deg": 46.351, "temperature_K": 501.682, "address": "7c4926", "createdAt": "06:58:03.239545"}