{"time": 24658.815869411, "bds50": {"value": {"rol": -0.2, "tan": 263.672, "gsp": 334, "tanR": null, "tas": 364}, "time": 24657.442356805, "msg": "02188d06966d0217be45808e00a8000e94fffbb929fffcb679a054"}, "bds60": {"value": {"mhd": 267.012, "ias": 279, "mach": 0.568, "bar": -2112, "ivv": -2080}, "time": 24658.815869411, "msg": "02188d06966d53f5e1e3819800a0000abadefa2f23bdf7bf79a054"}, "df17": {"time": 24658.5625, "Lat": 22.8478289, "Lon": 114.8818445, "geometric_height": 17350, "TId": "CSN6325", "gsp": 335.1, "tan": 263.6608887}, "windSpd_kt": 36.236, "windDir_deg": 119.493, "temperature_K": 540.71, "address": "79a054", "createdAt": 