{"time": 25302.994817719, "bds50": {"value": {"rol": 0.2, "tan": 70.664, "gsp": 126, "tanR": 0.062, "tas": 136}, "time": 25302.994817719, "msg": "02188d069703500492b7908600a800111d8033250fe01444780a9b"}, "bds60": {"value": {"mhd": 71.191, "ias": 133, "mach": 0.204, "bar": -704, "ivv": -672}, "time": 25302.980718121, "msg": "02188d0697034f2d6e29808700a000013f99590b0cff57eb780a9b"}, "df17": {"time": 25302.75, "Lat": 22.2843504, "Lon": 113.8156128, "geometric_height": 1575, "TId": "CPA188", "gsp": 125.9, "tan": 70.9881592}, "windSpd_kt": 10.072, "windDir_deg": -102.202, "temperature_K": 585.16, "address": "780a9b", "createdAt": "07:01:43.022394"}