{"time": 24614.137164012, "bds50": {"value": {"rol": 0.4, "tan": 175.781, "gsp": 360, "tanR": 0.031, "tas": 362}, "time": 24614.137164012, "msg": "02188d069662ece6f0ec808b00a8000f3c8057d12d200cb570e050"}, "bds60": {"value": {"mhd": 180.703, "ias": 292, "mach": 0.556, "bar": -64, "ivv": 0}, "time": 24614.11250429, "msg": "02188d069662eb6ea9e2808a00a00008b0c04a4922fff40070e050"}, "df17": {"time": 24613.859375, "Lat": 22.1750665, "Lon": 114.010663, "geometric_height": 13750, "TId": "JCC625", "gsp": 359.9, "tan": 175.6988525}, "windSpd_kt": 31.067, "windDir_deg": 84.554, "temperature_K": 558.118, "address": "70e050", "createdAt": 