{"time": 24610.832882031, "bds50": {"value": {"rol": 0.0, "tan": 192.656, "gsp": 406, "tanR": 0.031, "tas": 460}, "time": 24609.563263284, "msg": "02188d069661dc46c134829d00a000149c80189132e00ce67810e6"}, "bds60": {"value": {"mhd": 203.555, "ias": 280, "mach": 0.772, "bar": 96, "ivv": -32}, "time": 24610.832882031, "msg": "02188d06966227f3996f91af00a000149cc86a3130601fff7810e6"}, "df17": {"time": 24610.3203125, "Lat": 25.2745199, "Lon": 114.6487498, "geometric_height": 33800, "TId": "CQH8895", "gsp": 407.8, "tan": 192.6068115}, "windSpd_kt": 98.252, "windDir_deg": 74.936, "temperature_K": 467.454, "address": "7810e6", "createdAt": 