{"time": 25082.060117184, "bds50": {"value": {"rol": -18.1, "tan": 41.133, "gsp": 146, "tanR": -3.156, "tas": 154}, "time": 25081.041744734, "msg": "02188d0696cfa295735e808300a8001827f331d5127cdc4d781319"}, "bds60": {"value": {"mhd": 35.332, "ias": 151, "mach": 0.236, "bar": -224, "ivv": -64}, "time": 25082.060117184, "msg": "02188d0696cfdf4894c0807900a00001bb8c992f0effcffe781319"}, "df17": {"time": 25081.6484375, "Lat": 22.4814606, "Lon": 113.8602018, "geometric_height": 2325, "TId": "TBA9847", "gsp": 146.8, "tan": 40.8526611}, "windSpd_kt": 17.155, "windDir_deg": 155.991, "temperature_K": 560.628, "address": "781319", "createdAt": "06:58:02.100339"}