{"time": 25049.732649605, "bds50": {"value": {"rol": 0.2, "tan": 267.715, "gsp": 268, "tanR": 0.0, "tas": 280}, "time": 25049.725563549, "msg": "02188d0696c857fe729d808600a00007b9803be721a0048c789211"}, "bds60": {"value": {"mhd": 268.418, "ias": 230, "mach": 0.428, "bar": -544, "ivv": -512}, "time": 25049.732649605, "msg": "02188d0696c8586a9285808700a00007b9df79cd1aff7ff0789211"}, "df17": {"time": 25049.09375, "Lat": 22.2560692, "Lon": 114.5180726, "geometric_height": 12225, "TId": "CRK611", "gsp": 267.2, "tan": 267.857666}, "windSpd_kt": 12.462, "windDir_deg": 103.717, "temperature_K": 563.49, "address": "789211", "createdAt": "06:57:29.772682"}