{"time": 24578.043222698, "bds50": {"value": {"rol": 4.9, "tan": 189.668, "gsp": 390, "tanR": 0.25, "tas": 410}, "time": 24577.801737881, "msg": "02188d06965a77245699819a00a800100a83986f30e044cd780305"}, "bds60": {"value": {"mhd": 201.094, "ias": 292, "mach": 0.652, "bar": -2304, "ivv": -2336}, "time": 24578.043222698, "msg": "02188d06965a85891aaa819a00a0000e12c78a4928fdc7b7780305"}, "df17": {"time": 24575.9609375, "Lat": 24.8806858, "Lon": 114.6452308, "geometric_height": 22800, "TId": "CQH8855", "gsp": 392.0, "tan": 189.2449951}, "windSpd_kt": 82.085, "windDir_deg": 91.35, "temperature_K": 520.632, "address": "780305", "createdAt": 