{"time": 25106.421445686, "bds50": {"value": {"rol": 0.5, "tan": 245.918, "gsp": 446, "tanR": 0.0, "tas": 486}, "time": 25106.421445686, "msg": "02188d0696d58b54f43680a500a800030a807aef37e004f38880dc"}, "bds60": {"value": {"mhd": 249.609, "ias": 305, "mach": 0.8, "bar": 288, "ivv": null}, "time": 25105.294273913, "msg": "02188d0696d54825ad7980a600a0001338d8ca63322048008880dc"}, "df17": {"time": 25103.578125, "Lat": 20.9025621, "Lon": 116.8647265, "geometric_height": 31925, "TId": "VJC859", "gsp": 445.4, "tan": 246.0223389}, "windSpd_kt": 49.992, "windDir_deg": 104.661, "temperature_K": 485.904, "address": "8880dc", "createdAt": "06:58:26.461648"}