{"time": 25248.242451884, "bds50": {"value": {"rol": -0.5, "tan": 322.734, "gsp": 320, "tanR": 0.0, "tas": 330}, "time": 25248.242451884, "msg": "02188d0696f69085c5ac809100a8001912ffbe59282004a5780abc"}, "bds60": {"value": {"mhd": 322.734, "ias": 269, "mach": 0.504, "bar": -768, "ivv": -832}, "time": 25247.172607837, "msg": "02188d0696f650c13f5d809000a000081ff2ca1b1fbf47e6780abc"}, "df17": {"time": 25246, "Lat": 21.6810679, "Lon": 114.4586134, "geometric_height": 12800, "TId": "CPA134", "gsp": 319.7, "tan": 322.8771973}, "windSpd_kt": 10.0, "windDir_deg": 142.734, "temperature_K": 564.448, "address": "780abc", "createdAt": "07:00:48.282565"}