{"time": 24582.406991051, "bds50": {"value": {"rol": 0.4, "tan": 267.715, "gsp": 264, "tanR": 0.0, "tas": 276}, "time": 24582.406991051, "msg": "02188d06965b89a2eccb808000a8000e19805be72120048a780aab"}, "bds60": {"value": {"mhd": 268.945, "ias": 230, "mach": 0.424, "bar": 64, "ivv": 0}, "time": 24581.46653969, "msg": "02188d06965b5194c6aa808100a0000790dfa9cd1aa01400780aab"}, "df17": {"time": 24582.328125, "Lat": 22.24931, "Lon": 114.3345666, "geometric_height": 11525, "TId": "CPA859", "gsp": 263.2, "tan": 267.6049805}, "windSpd_kt": 13.326, "windDir_deg": 114.112, "temperature_K": 557.884, "address": "780aab", "createdAt": 