{"time": 24704.651722948, "bds50": {"value": {"rol": -13.0, "tan": 123.75, "gsp": 184, "tanR": -1.375, "tas": 192}, "time": 24703.270186607, "msg": "02188d069677ada4ee6f808300a80010b4f6d581173ea4607812a0"}, "bds60": {"value": {"mhd": 123.223, "ias": 183, "mach": 0.292, "bar": -736, "ivv": -768}, "time": 24704.651722948, "msg": "02188d069677fffd80c4808700a0000293abd96f127f4fe87812a0"}, "df17": {"time": 24704.203125, "Lat": 22.4615479, "Lon": 113.7823963, "geometric_height": 3325, "TId": "CHH7709", "gsp": 183.5, "tan": 122.3052979}, "windSpd_kt": 8.185, "windDir_deg": -68.71, "temperature_K": 569.238, "address": "7812a0", "createdAt": 