{"time": 25094.149795907, "bds50": {"value": {"rol": 9.5, "tan": 340.84, "gsp": 196, "tanR": 0.812, "tas": 186}, "time": 25094.149795907, "msg": "02188d0696d2afe27043808200a00002b086df2718a0d45d780a9b"}, "bds60": {"value": {"mhd": 343.477, "ias": 177, "mach": 0.284, "bar": -992, "ivv": -1056}, "time": 25093.305596782, "msg": "02188d0696d27d90fb6e828000a00002b1fa296311ff0fdf780a9b"}, "df17": {"time": 25094.09375, "Lat": 22.1723628, "Lon": 113.74506, "geometric_height": 3625, "TId": "CPA188", "gsp": 196.0, "tan": 340.6420898}, "windSpd_kt": 13.312, "windDir_deg": -59.164, "temperature_K": 564.738, "address": "780a9b", "createdAt": "06:58:14.182003"}