{"time": 24613.441077804, "bds50": {"value": {"rol": 1.8, "tan": 246.621, "gsp": 404, "tanR": 0.094, "tas": 464}, "time": 24612.183001735, "msg": "02188d069662786cca87819000a800063e815af732a01ce8780ead"}, "bds60": {"value": {"mhd": 250.664, "ias": 280, "mach": 0.776, "bar": -32, "ivv": -32}, "time": 24613.441077804, "msg": "02188d069662c369822c818f00a000149cd92a3130bfffff780ead"}, "df17": {"time": 24612.984375, "Lat": 22.0753312, "Lon": 112.9563832, "geometric_height": 33925, "TId": "CXA837", "gsp": 405.0, "tan": 246.7254639}, "windSpd_kt": 67.328, "windDir_deg": 95.692, "temperature_K": 470.728, "address": "780ead", "createdAt": 