{"time": 24641.213177404, "bds50": {"value": {"rol": 0.2, "tan": 146.777, "gsp": 206, "tanR": 0.031, "tas": 208}, "time": 24641.213177404, "msg": "02188d0696693ac21e3c808100a80010b480368719e00c687812a0"}, "bds60": {"value": {"mhd": 150.293, "ias": 196, "mach": 0.316, "bar": -32, "ivv": 32}, "time": 24641.2056488, "msg": "02188d0696693a4f3da0808100a00002bab5798913fffc017812a0"}, "df17": {"time": 24641.125, "Lat": 22.5057292, "Lon": 113.7470984, "geometric_height": 3900, "TId": "CHH7709", "gsp": 205.2, "tan": 146.9311523}, "windSpd_kt": 12.857, "windDir_deg": 49.59, "temperature_K": 570.44, "address": "7812a0", "createdAt": 