{"time": 24652.025798208, "bds50": {"value": {"rol": -13.7, "tan": 70.84, "gsp": 398, "tanR": -0.625, "tas": 376}, "time": 24650.945951769, "msg": "02188d06966b7ee07819808200a8001e31f6532731ff64bc7805f5"}, "bds60": {"value": {"mhd": 71.895, "ias": 310, "mach": 0.576, "bar": -32, "ivv": -32}, "time": 24652.025798208, "msg": "02188d06966bbf3d9e40808200a0000810999a6d243fffff7805f5"}, "df17": {"time": 24651.9296875, "Lat": 22.9077601, "Lon": 114.1928172, "geometric_height": 12475, "TId": "DKH1034", "gsp": 397.9, "tan": 70.4718018}, "windSpd_kt": 23.124, "windDir_deg": 53.42, "temperature_K": 561.034, "address": "7805f5", "createdAt": 