{"time": 25009.364903091, "bds50": {"value": {"rol": -0.2, "tan": 222.012, "gsp": 358, "tanR": null, "tas": 384}, "time": 25009.364903091, "msg": "02188d0696bef24fa4b3829000a8001c3cfff9df2cfffcc07807ac"}, "bds60": {"value": {"mhd": 226.582, "ias": 298, "mach": 0.596, "bar": -64, "ivv": -32}, "time": 25009.357544479, "msg": "02188d0696bef1df5c1f818d00a0000a3cd09a55257ff7ff7807ac"}, "df17": {"time": 25008.359375, "Lat": 23.854537, "Lon": 113.6972094, "geometric_height": 16475, "TId": "CSZ9876", "gsp": 358.4, "tan": 222.0611572}, "windSpd_kt": 39.372, "windDir_deg": 93.009, "temperature_K": 546.548, "address": "7807ac", "createdAt": "06:56:49.392689"}