{"time": 25027.339890698, "bds50": {"value": {"rol": 0.9, "tan": 111.621, "gsp": 214, "tanR": 0.062, "tas": 214}, "time": 25027.339890698, "msg": "02188d0696c321b4300a808100a800092680b4f71ae0146b7811e2"}, "bds60": {"value": {"mhd": 116.719, "ias": 196, "mach": 0.328, "bar": -896, "ivv": -864}, "time": 25027.329140847, "msg": "02188d0696c32110286f808300a0000417a9898914bf27e57811e2"}, "df17": {"time": 25026.75, "Lat": 22.5219297, "Lon": 113.5864234, "geometric_height": 5925, "TId": "CSC8783", "gsp": 215.1, "tan": 111.5551758}, "windSpd_kt": 19.035, "windDir_deg": 24.17, "temperature_K": 560.45, "address": "7811e2", "createdAt": "06:57:07.378162"}