{"time": 25122.928268256, "bds50": {"value": {"rol": -19.9, "tan": 177.363, "gsp": 198, "tanR": -2.031, "tas": 204}, "time": 25122.928268256, "msg": "02188d0696d9633713e0809400a8000920f1f7e318fdfc66780192"}, "bds60": {"value": {"mhd": 173.672, "ias": 191, "mach": 0.308, "bar": -480, "ivv": -480}, "time": 25122.294422375, "msg": "02188d0696d93d6f5b67808b00a00002babdc97f137f8ff1780192"}, "df17": {"time": 25122.8515625, "Lat": 21.9379807, "Lon": 113.1524205, "geometric_height": 3950, "TId": "CPA9993", "gsp": 198.0, "tan": 180}, "windSpd_kt": 14.268, "windDir_deg": -69.628, "temperature_K": 577.586, "address": "780192", "createdAt": "06:58:42.965426"}