{"time": 25060.603188978, "bds50": {"value": {"rol": -0.2, "tan": 13.887, "gsp": 202, "tanR": 0.0, "tas": 196}, "time": 25059.567923194, "msg": "02188d0696caa2a4effa80aa00a8001c32fff09f19600462780b12"}, "bds60": {"value": {"mhd": 16.348, "ias": 181, "mach": 0.296, "bar": 0, "ivv": 0}, "time": 25060.603188978, "msg": "02188d0696cae059d6f2828e00a000039285d96b12a00400780b12"}, "df17": {"time": 25059.6484375, "Lat": 23.0674911, "Lon": 113.2001853, "geometric_height": 4925, "TId": "CSN3438", "gsp": 203.0, "tan": 13.9691162}, "windSpd_kt": 10.442, "windDir_deg": -39.82, "temperature_K": 577.28, "address": "780b12", "createdAt": "06:57:40.639383"}