{"time": 24682.612545816, "bds50": {"value": {"rol": -0.2, "tan": 96.152, "gsp": 326, "tanR": 0.031, "tas": 298}, "time": 24682.612545816, "msg": "02188d069672de5a5918918c00a80010b2fff44728e00c95780a22"}, "bds60": {"value": {"mhd": 100.02, "ias": 230, "mach": 0.464, "bar": -768, "ivv": -800}, "time": 24681.412098954, "msg": "02188d06967296ccfb8a818b00a0000a3ea399cd1d3f47e7780a22"}, "df17": {"time": 24682.234375, "Lat": 21.4565349, "Lon": 113.4708953, "geometric_height": 16675, "TId": "CRK108", "gsp": 325.0, "tan": 96.1853027}, "windSpd_kt": 35.023, "windDir_deg": 61.123, "temperature_K": 543.068, "address": "780a22", "createdAt": 