{"time": 24608.405095038, "bds50": {"value": {"rol": 0.4, "tan": 262.969, "gsp": 398, "tanR": null, "tas": 464}, "time": 24608.380556289, "msg": "02188d06966195c81401819c00a00015bc805bb131fffce870e059"}, "bds60": {"value": {"mhd": 261.562, "ias": 271, "mach": 0.784, "bar": 32, "ivv": 0}, "time": 24608.405095038, "msg": "02188d069661973e827e829e00a00015bcdd0a1f31200c0070e059"}, "df17": {"time": 24606.46875, "Lat": 22.8225517, "Lon": 109.5006895, "geometric_height": 35975, "TId": "SWM214", "gsp": 397.9, "tan": 263.0731201}, "windSpd_kt": 66.838, "windDir_deg": 73.154, "temperature_K": 461.17, "address": "70e059", "createdAt": 