{"time": 24563.776298742, "bds50": {"value": {"rol": -0.4, "tan": 206.367, "gsp": 230, "tanR": null, "tas": 240}, "time": 24563.204856637, "msg": "02188d06965711199b3d819600a8000c3cffd92d1cfffc78780ed0"}, "bds60": {"value": {"mhd": 209.883, "ias": 219, "mach": 0.368, "bar": -1056, "ivv": -1056}, "time": 24563.776298742, "msg": "02188d06965733291ef6818d00a000041bcaa9b7173effdf780ed0"}, "df17": {"time": 24563.15625, "Lat": 23.1629992, "Lon": 113.478899, "geometric_height": 6050, "TId": "CSN602", "gsp": 229.4, "tan": 206.6748047}, "windSpd_kt": 17.544, "windDir_deg": 83.395, "temperature_K": 559.996, "address": "780ed0", "createdAt": 