{"time": 24587.984283492, "bds50": {"value": {"rol": 22.9, "tan": 318.691, "gsp": 432, "tanR": 1.031, "tas": 454}, "time": 24587.984283492, "msg": "02188d06965cd611a764908f00a80004b3905e2b36210ce37809e4"}, "bds60": {"value": {"mhd": 315.527, "ias": 299, "mach": 0.736, "bar": 32, "ivv": 32}, "time": 24586.883833225, "msg": "02188d06965c947a1d89828a00a0001130f03a572e200c017809e4"}, "df17": {"time": 24587.5703125, "Lat": 23.197825, "Lon": 113.8742566, "geometric_height": 28075, "TId": "CSN8549", "gsp": 430.9, "tan": 318.7628174}, "windSpd_kt": 32.893, "windDir_deg": 89.067, "temperature_K": 500.972, "address": "7809e4", "createdAt": 