{"time": 24662.916706863, "bds50": {"value": {"rol": 19.9, "tan": 260.156, "gsp": 408, "tanR": 0.969, "tas": 462}, "time": 24662.683229457, "msg": "02188d06966e3a791d11809f00a80011258e3b913320fce77805e0"}, "bds60": {"value": {"mhd": 262.266, "ias": 301, "mach": 0.756, "bar": 64, "ivv": 0}, "time": 24662.916706863, "msg": "02188d06966e4863b22f90a400a00011b8dd4a5b2f6014007805e0"}, "df17": {"time": 24662.1875, "Lat": 22.9466414, "Lon": 116.3231993, "geometric_height": 29150, "TId": "CXA8643", "gsp": 408.0, "tan": 257.9754639}, "windSpd_kt": 56.317, "windDir_deg": 97.736, "temperature_K": 491.698, "address": "7805e0", "createdAt": 