{"time": 25013.187383517, "bds50": {"value": {"rol": 0.2, "tan": 224.121, "gsp": 408, "tanR": 0.0, "tas": 466}, "time": 25013.187383517, "msg": "02188d0696bfd62610dd818a00a80019918039f7332004e97809ab"}, "bds60": {"value": {"mhd": 230.449, "ias": 281, "mach": 0.776, "bar": -192, "ivv": 0}, "time": 25012.223678862, "msg": "02188d0696bf9cb5198e808f00a000149cd1fa3330bfd4007809ab"}, "df17": {"time": 25012.234375, "Lat": 23.165381, "Lon": 113.3896351, "geometric_height": 33925, "TId": "CQH8579", "gsp": 408.0, "tan": 224.1046143}, "windSpd_kt": 75.371, "windDir_deg": 87.079, "temperature_K": 474.796, "address": "7809ab", "createdAt": "06:56:53.221825"}