{"time": 24616.914367205, "bds50": {"value": {"rol": -0.2, "tan": 268.066, "gsp": 382, "tanR": 0.0, "tas": 408}, "time": 24616.905857902, "msg": "02188d06966391eddb6e818600a0280c9bfffbeb2fe004cc789211"}, "bds60": {"value": {"mhd": 269.121, "ias": 301, "mach": 0.644, "bar": -1952, "ivv": -1888}, "time": 24616.914367205, "msg": "02188d069663926fb2e5808f00a0280c9bdfba5b287e1fc5789211"}, "df17": {"time": 24616.1875, "Lat": 22.2796297, "Lon": 115.2325058, "geometric_height": 20400, "TId": "CRK611", "gsp": 381.2, "tan": 268.1982422}, "windSpd_kt": 26.997, "windDir_deg": 104.222, "temperature_K": 528.452, "address": "789211", "createdAt": 