{"time": 24613.447679783, "bds50": {"value": {"rol": -0.2, "tan": 334.512, "gsp": 386, "tanR": null, "tas": 388}, "time": 24613.447679783, "msg": "02188d069662c3ce3f27818400a80013a7fffedf307ffcc27813f7"}, "bds60": {"value": {"mhd": 334.336, "ias": 310, "mach": 0.596, "bar": -992, "ivv": -1024}, "time": 24613.437204044, "msg": "02188d069662c32e664c908b00a000091df6ea6d257f0fe07813f7"}, "df17": {"time": 24613.1796875, "Lat": 22.9900074, "Lon": 113.9029884, "geometric_height": 14475, "TId": "CSN3092", "gsp": 385.6, "tan": 334.5007324}, "windSpd_kt": 2.327, "windDir_deg": 123.697, "temperature_K": 557.992, "address": "7813f7", "createdAt": 