{"time": 24639.469803279, "bds50": {"value": {"rol": -0.4, "tan": 227.461, "gsp": 286, "tanR": 0.0, "tas": 306}, "time": 24638.389914589, "msg": "02188d069668927a8bdd809800a8001e94ffda1d23e004997811ab"}, "bds60": {"value": {"mhd": 231.855, "ias": 252, "mach": 0.468, "bar": -896, "ivv": -960}, "time": 24639.469803279, "msg": "02188d069668d2d8570f828f00a00007b0d279f91d7f27e27811ab"}, "df17": {"time": 24637.921875, "Lat": 23.6531997, "Lon": 113.6826396, "geometric_height": 11950, "TId": "CSZ9676", "gsp": 285.2, "tan": 227.4169922}, "windSpd_kt": 30.24, "windDir_deg": 98.29, "temperature_K": 562.872, "address": "7811ab", "createdAt": 