{"time": 25290.98340746, "bds50": {"value": {"rol": 0.4, "tan": 78.047, "gsp": 310, "tanR": 0.0, "tas": 298}, "time": 25290.98340746, "msg": "02188d0697008414ff64808900a8001f3980537926e004957805d1"}, "bds60": {"value": {"mhd": 81.562, "ias": 249, "mach": 0.452, "bar": 2176, "ivv": 2112}, "time": 25290.976072458, "msg": "02188d06970083a5130a808900a00007159d09f31c6224427805d1"}, "df17": {"time": 25290.6171875, "Lat": 22.3647094, "Lon": 113.8098621, "geometric_height": 10825, "TId": "CQH8616", "gsp": 310.7, "tan": 78.112793}, "windSpd_kt": 22.171, "windDir_deg": 22.555, "temperature_K": 572.286, "address": "7805d1", "createdAt": "07:01:31.019296"}