{"time": 25197.446266782, "bds50": {"value": {"rol": -0.5, "tan": 24.434, "gsp": 480, "tanR": null, "tas": 452}, "time": 25197.43786537, "msg": "02188d0696eabc554d9a819900a0001530ffb1173c3ffce2780d0e"}, "bds60": {"value": {"mhd": 23.027, "ias": 268, "mach": 0.76, "bar": -192, "ivv": 0}, "time": 25197.446266782, "msg": "02188d0696eabcd57f9e819900a0001530883a192fbfd400780d0e"}, "df17": {"time": 25196.4140625, "Lat": 20.0470662, "Lon": 112.9069448, "geometric_height": 35000, "TId": "CSN3835", "gsp": 480.1, "tan": 24.4830322}, "windSpd_kt": 30.246, "windDir_deg": 45.961, "temperature_K": 465.702, "address": "780d0e", "createdAt": "06:59:57.487131"}