{"time": 24619.571451166, "bds50": {"value": {"rol": -3.9, "tan": 86.836, "gsp": 294, "tanR": -0.438, "tas": 278}, "time": 24619.556266588, "msg": "02188d0696642fe7e25c828c00a00004b1fd53dd24ff948b781005"}, "bds60": {"value": {"mhd": 90.703, "ias": 250, "mach": 0.424, "bar": -96, "ivv": 0}, "time": 24619.571451166, "msg": "02188d06966430cf951e919000a00004b1a049f51abfec00781005"}, "df17": {"time": 24619.0625, "Lat": 23.5349679, "Lon": 113.6034179, "geometric_height": 7025, "TId": "CSZ9993", "gsp": 293.3, "tan": 86.8743896}, "windSpd_kt": 25.063, "windDir_deg": 38.414, "temperature_K": 565.998, "address": "781005", "createdAt": 