{"time": 25051.113897675, "bds50": {"value": {"rol": -0.2, "tan": 267.715, "gsp": 264, "tanR": 0.0, "tas": 278}, "time": 25051.113897675, "msg": "02188d0696c8aabebecb808200a828160ffffbe72120048b780a49"}, "bds60": {"value": {"mhd": 268.77, "ias": 230, "mach": 0.424, "bar": 96, "ivv": 0}, "time": 25049.805160779, "msg": "02188d0696c85cbd014b807e00a0280790df99cd1aa01c00780a49"}, "df17": {"time": 25050.984375, "Lat": 22.2489238, "Lon": 114.3195891, "geometric_height": 11550, "TId": "CPA495", "gsp": 264.3, "tan": 267.6159668}, "windSpd_kt": 14.862, "windDir_deg": 107.86, "temperature_K": 565.998, "address": "780a49", "createdAt": "06:57:31.153380"}