{"time": 24679.260639073, "bds50": {"value": {"rol": -0.2, "tan": 268.066, "gsp": 366, "tanR": null, "tas": 396}, "time": 24679.260639073, "msg": "02188d06967216904f61808f00a8200e2efffbeb2dfffcc6789211"}, "bds60": {"value": {"mhd": 269.824, "ias": 300, "mach": 0.62, "bar": -1856, "ivv": -1888}, "time": 24678.937018553, "msg": "02188d069672034640b9809000a0200b3cdffa5926fe37c5789211"}, "df17": {"time": 24679.1953125, "Lat": 22.2758746, "Lon": 115.1154542, "geometric_height": 18300, "TId": "CRK611", "gsp": 365.2, "tan": 268.1158447}, "windSpd_kt": 32.194, "windDir_deg": 110.236, "temperature_K": 537.112, "address": "789211", "createdAt": 