{"time": 25288.386987958, "bds50": {"value": {"rol": 0.4, "tan": 58.887, "gsp": 370, "tanR": -0.062, "tas": 346}, "time": 25287.40741695, "msg": "02188d0696ffaeefb676808600a80001a680529f2e7ff4ad780a9e"}, "bds60": {"value": {"mhd": 58.535, "ias": 273, "mach": 0.532, "bar": -800, "ivv": -864}, "time": 25288.386987958, "msg": "02188d0696ffe952c7b6808800a000093a94da23217f3fe5780a9e"}, "df17": {"time": 25288.015625, "Lat": 21.6722274, "Lon": 113.6596584, "geometric_height": 14900, "TId": "CRK170", "gsp": 369.1, "tan": 58.8482666}, "windSpd_kt": 24.1, "windDir_deg": 63.947, "temperature_K": 556.912, "address": "780a9e", "createdAt": "07:01:28.419216"}