{"time": 24650.721941947, "bds50": {"value": {"rol": 2.5, "tan": 273.516, "gsp": 372, "tanR": 0.125, "tas": 424}, "time": 24650.721941947, "msg": "02188d06966b718659bb909400a800181181dc292ea024d4780612"}, "bds60": {"value": {"mhd": 273.164, "ias": 263, "mach": 0.7, "bar": -128, "ivv": 64}, "time": 24650.704680952, "msg": "02188d06966b707ef7f8818c00a000133ce12a0f2bffe402780612"}, "df17": {"time": 24649.328125, "Lat": 22.9050994, "Lon": 115.9062123, "geometric_height": 31850, "TId": "CES5343", "gsp": 371.6, "tan": 273.0871582}, "windSpd_kt": 52.057, "windDir_deg": 90.648, "temperature_K": 483.052, "address": "780612", "createdAt": 