{"time": 24633.102856552, "bds50": {"value": {"rol": -0.2, "tan": 145.195, "gsp": 260, "tanR": null, "tas": 268}, "time": 24633.102856552, "msg": "02188d06966757587168908300a8000a16fff67520bffc86780296"}, "bds60": {"value": {"mhd": 149.59, "ias": 248, "mach": 0.408, "bar": 0, "ivv": 32}, "time": 24633.084871725, "msg": "02188d0696675646042d908200a0000392b539f119a00401780296"}, "df17": {"time": 24632.0703125, "Lat": 22.6605892, "Lon": 113.6288452, "geometric_height": 4925, "TId": "CSN6889", "gsp": 259.3, "tan": 145.2062988}, "windSpd_kt": 21.767, "windDir_deg": 35.846, "temperature_K": 568.076, "address": "780296", "createdAt": 