{"time": 24645.938042901, "bds50": {"value": {"rol": -0.2, "tan": 131.836, "gsp": 398, "tanR": null, "tas": 386}, "time": 24645.938042901, "msg": "02188d06966a5461d815808d00a80019aefff5dd31fffcc1780129"}, "bds60": {"value": {"mhd": 137.109, "ias": 308, "mach": 0.592, "bar": 1920, "ivv": 1856}, "time": 24645.930947002, "msg": "02188d06966a53f591ba809400a0000930b0ca692521e43a780129"}, "df17": {"time": 24645.0625, "Lat": 22.0577145, "Lon": 114.5207763, "geometric_height": 14450, "TId": "CPA420", "gsp": 397.3, "tan": 131.8359375}, "windSpd_kt": 38.004, "windDir_deg": 62.859, "temperature_K": 559.744, "address": "780129", "createdAt": 