{"time": 24620.79211057, "bds50": {"value": {"rol": -0.2, "tan": 189.141, "gsp": 408, "tanR": 0.0, "tas": 422}, "time": 24620.79211057, "msg": "02188d06966479915dea919000a8001098fff869332004d3780add"}, "bds60": {"value": {"mhd": 195.82, "ias": 310, "mach": 0.668, "bar": -64, "ivv": -192}, "time": 24620.781583401, "msg": "02188d06966478f0bc29818e00a0000cbdc5aa6d29fff7fa780add"}, "df17": {"time": 24619.9140625, "Lat": 22.9763603, "Lon": 112.9784632, "geometric_height": 20800, "TId": "CES5736", "gsp": 407.2, "tan": 189.1845703}, "windSpd_kt": 50.329, "windDir_deg": 86.358, "temperature_K": 525.448, "address": "780add", "createdAt": 