{"time": 25011.054464292, "bds50": {"value": {"rol": -0.2, "tan": 267.715, "gsp": 270, "tanR": null, "tas": 282}, "time": 25011.054464292, "msg": "02188d0696bf57044d24808400a8000e2efffbe721fffc8d789211"}, "bds60": {"value": {"mhd": 268.418, "ias": 230, "mach": 0.432, "bar": -544, "ivv": -512}, "time": 25010.010530629, "msg": "02188d0696bf18cb2345808000a0000816df79cd1b3f7ff0789211"}, "df17": {"time": 25010.8046875, "Lat": 22.2578931, "Lon": 114.5693779, "geometric_height": 12575, "TId": "CRK611", "gsp": 269.2, "tan": 267.8686523}, "windSpd_kt": 12.468, "windDir_deg": 103.826, "temperature_K": 561.034, "address": "789211", "createdAt": "06:56:51.082798"}