{"time": 25055.089797811, "bds50": {"value": {"rol": 0.0, "tan": 76.992, "gsp": 346, "tanR": -0.062, "tas": 332}, "time": 25053.748004374, "msg": "02188d0696c947c00616807800a000071480136d2b7ff4a6780239"}, "bds60": {"value": {"mhd": 79.98, "ias": 279, "mach": 0.508, "bar": 2112, "ivv": 2144}, "time": 25055.089797811, "msg": "02188d0696c997ba2ab3808500a00007159c7a2f1fe21443780239"}, "df17": {"time": 25054.9609375, "Lat": 22.3262358, "Lon": 114.3134522, "geometric_height": 10825, "TId": "HDA704", "gsp": 346.9, "tan": 77.0031738}, "windSpd_kt": 22.546, "windDir_deg": 26.855, "temperature_K": 562.35, "address": "780239", "createdAt": "06:57:35.146222"}