{"time": 25048.13270535, "bds50": {"value": {"rol": -7.9, "tan": 100.723, "gsp": 436, "tanR": -0.344, "tas": 394}, "time": 25048.13270535, "msg": "02188d0696c7f90d5c46909e00a8001683fa747b36bfacc5780650"}, "bds60": {"value": {"mhd": 106.348, "ias": 254, "mach": 0.64, "bar": -1920, "ivv": -1952}, "time": 25047.587083955, "msg": "02188d0696c7d887d6b390a100a000119ea5d9fd283e27c3780650"}, "df17": {"time": 25047.734375, "Lat": 23.0235243, "Lon": 112.4643373, "geometric_height": 28875, "TId": "CES733", "gsp": 437.0, "tan": 100.947876}, "windSpd_kt": 58.467, "windDir_deg": 59.383, "temperature_K": 498.988, "address": "780650", "createdAt": "06:57:28.170446"}