{"time": 24586.609969415, "bds50": {"value": {"rol": -4.7, "tan": 222.012, "gsp": 398, "tanR": -0.312, "tas": 450}, "time": 24586.609969415, "msg": "02188d06965c84274907929600a80013bcfcb9df31ffb4e178061f"}, "bds60": {"value": {"mhd": 228.164, "ias": 290, "mach": 0.736, "bar": -160, "ivv": 0}, "time": 24586.152784282, "msg": "02188d06965c68e7319a809d00a0001218d12a452e3fdc0078061f"}, "df17": {"time": 24586.5234375, "Lat": 23.4373569, "Lon": 116.7667937, "geometric_height": 29600, "TId": "CQH8615", "gsp": 397.7, "tan": 222.7587891}, "windSpd_kt": 69.042, "windDir_deg": 86.317, "temperature_K": 492.184, "address": "78061f", "createdAt": 