{"time": 24659.827115671, "bds50": {"value": {"rol": -0.2, "tan": 225.0, "gsp": 394, "tanR": 0.0, "tas": 434}, "time": 24659.827115671, "msg": "02188d06966d903c469790a800a800083dfffa01316004d97811ef"}, "bds60": {"value": {"mhd": 229.043, "ias": 298, "mach": 0.7, "bar": -1056, "ivv": -960}, "time": 24659.81990121, "msg": "02188d06966d8fce311a82a100a0000f9ed17a552bfeffe27811ef"}, "df17": {"time": 24659.6953125, "Lat": 22.2182393, "Lon": 112.4479651, "geometric_height": 25475, "TId": "CHH7072", "gsp": 392.4, "tan": 225.1043701}, "windSpd_kt": 49.508, "windDir_deg": 83.175, "temperature_K": 506.106, "address": "7811ef", "createdAt": 