{"time": 24656.726880367, "bds50": {"value": {"rol": 0.4, "tan": 331.699, "gsp": 398, "tanR": null, "tas": 408}, "time": 24656.726880367, "msg": "02188d06966cd772706f829c00a8000b20805ebf31fffccc780297"}, "bds60": {"value": {"mhd": 329.062, "ias": 300, "mach": 0.644, "bar": 1568, "ivv": 1568}, "time": 24656.720457945, "msg": "02188d06966cd71070d9819e00a0000cb3f50a5928618c31780297"}, "df17": {"time": 24654.171875, "Lat": 23.4714532, "Lon": 113.4220362, "geometric_height": 20400, "TId": "CSN8249", "gsp": 396.8, "tan": 331.5618896}, "windSpd_kt": 21.069, "windDir_deg": 88.707, "temperature_K": 528.452, "address": "780297", "createdAt": 