{"time": 24571.288680386, "bds50": {"value": {"rol": 24.6, "tan": 241.699, "gsp": 226, "tanR": 2.062, "tas": 228}, "time": 24571.288680386, "msg": "02188d069658f2eef7c2807a00a800180a919abf1c6214727801c2"}, "bds60": {"value": {"mhd": 243.105, "ias": 210, "mach": 0.344, "bar": -640, "ivv": -608}, "time": 24570.738620172, "msg": "02188d069658d225b70c807c00a0000394d679a515bf67ed7801c2"}, "df17": {"time": 24571.171875, "Lat": 22.0604181, "Lon": 113.9308619, "geometric_height": 5050, "TId": "HDA207", "gsp": 225.9, "tan": 239.6887207}, "windSpd_kt": 5.918, "windDir_deg": 132.653, "temperature_K": 578.376, "address": "7801c2", "createdAt": 