{"time": 24711.493449637, "bds50": {"value": {"rol": -0.5, "tan": 262.266, "gsp": 392, "tanR": null, "tas": 446}, "time": 24710.612297959, "msg": "02188d0696796344a8e7809200a800113effbba9313ffcdf7807da"}, "bds60": {"value": {"mhd": 262.441, "ias": 300, "mach": 0.724, "bar": 0, "ivv": -32}, "time": 24711.493449637, "msg": "02188d06967997c9f7a5818b00a0001098dd5a592d6007ff7807da"}, "df17": {"time": 24710.9609375, "Lat": 23.3237386, "Lon": 115.8040953, "geometric_height": 27000, "TId": "CSN3650", "gsp": 391.6, "tan": 262.364502}, "windSpd_kt": 54.015, "windDir_deg": 83.711, "temperature_K": 499.632, "address": "7807da", "createdAt": 