{"time": 25236.76212314, "bds50": {"value": {"rol": 0.4, "tan": 237.48, "gsp": 414, "tanR": 0.0, "tas": 442}, "time": 25236.621692562, "msg": "02188d0696f3dbdf0e9280a200a0000e1c805a8f33e004dd780d33"}, "bds60": {"value": {"mhd": 239.766, "ias": 315, "mach": 0.704, "bar": 224, "ivv": 32}, "time": 25236.76212314, "msg": "02188d0696f3e43ddb84829500a0000e1cd54a772c203c01780d33"}, "df17": {"time": 25235.9375, "Lat": 21.6053438, "Lon": 111.8866539, "geometric_height": 22975, "TId": "GCR6536", "gsp": 414.2, "tan": 237.4200439}, "windSpd_kt": 32.791, "windDir_deg": 90.004, "temperature_K": 518.988, "address": "780d33", "createdAt": "07:00:36.798523"}