{"time": 24610.206924722, "bds50": {"value": {"rol": 0.2, "tan": 268.594, "gsp": 376, "tanR": null, "tas": 426}, "time": 24610.206924722, "msg": "02188d06966202a43fb2819500a8000b1f803bf12f0004d5780172"}, "bds60": {"value": {"mhd": 269.121, "ias": 270, "mach": 0.7, "bar": -608, "ivv": -640}, "time": 24608.880650235, "msg": "02188d069661b396e7fb829700a000123edfba1d2bff6fec780172"}, "df17": {"time": 24609.546875, "Lat": 22.3102498, "Lon": 116.3754272, "geometric_height": 30200, "TId": "CPA501", "gsp": 377.1, "tan": 268.4783936}, "windSpd_kt": 50.135, "windDir_deg": 93.076, "temperature_K": 487.62, "address": "780172", "createdAt": 