{"time": 24595.224184535, "bds50": {"value": {"rol": -0.2, "tan": 239.238, "gsp": 430, "tanR": null, "tas": 462}, "time": 24595.218985783, "msg": "02188d06965e854a7337819e00a8001603fffaa335fffce788044b"}, "bds60": {"value": {"mhd": 240.469, "ias": 270, "mach": 0.78, "bar": 32, "ivv": 0}, "time": 24595.224184535, "msg": "02188d06965e8599c6d7819e00a00015b8d58a1d30e00c0088044b"}, "df17": {"time": 24592.546875, "Lat": 18.8744259, "Lon": 112.6185536, "geometric_height": 36100, "TId": "AIQ851", "gsp": 429.6, "tan": 239.1943359}, "windSpd_kt": 33.402, "windDir_deg": 76.524, "temperature_K": 461.904, "address": "88044b", "createdAt": 