{"time": 24683.339375808, "bds50": {"value": {"rol": 0.9, "tan": 193.008, "gsp": 398, "tanR": null, "tas": 406}, "time": 24682.056804172, "msg": "02188d069672bd3a674c819d00a800003080b89531fffccb780674"}, "bds60": {"value": {"mhd": 200.566, "ias": 321, "mach": 0.632, "bar": -992, "ivv": -992}, "time": 24683.339375808, "msg": "02188d06967309ace4c082a100a00009bac75a8327bf0fe1780674"}, "df17": {"time": 24682.5078125, "Lat": 24.4044542, "Lon": 114.1768098, "geometric_height": 15650, "TId": "CSN3244", "gsp": 396.4, "tan": 193.1231689}, "windSpd_kt": 53.588, "windDir_deg": 98.22, "temperature_K": 543.344, "address": "780674", "createdAt": 