{"time": 24611.633576227, "bds50": {"value": {"rol": -11.1, "tan": 257.52, "gsp": 422, "tanR": -0.531, "tas": 462}, "time": 24611.633576227, "msg": "02188d06966257ad3923808900a80013adf83b7334ff7ce7780d33"}, "bds60": {"value": {"mhd": 257.695, "ias": 316, "mach": 0.748, "bar": -2112, "ivv": -1952}, "time": 24610.392495605, "msg": "02188d0696620db3d5f5908b00a0001018dbaa792efdf7c3780d33"}, "df17": {"time": 24611.25, "Lat": 22.1073246, "Lon": 113.0455613, "geometric_height": 26250, "TId": "GCR6536", "gsp": 421.2, "tan": 257.9425049}, "windSpd_kt": 40.023, "windDir_deg": 79.541, "temperature_K": 502.272, "address": "780d33", "createdAt": 