{"time": 25021.167862377, "bds50": {"value": {"rol": 0.4, "tan": 19.16, "gsp": 400, "tanR": null, "tas": 378}, "time": 25021.167862377, "msg": "02188d0696c1b1d28269819400a8000b248050db323ffcbd781549"}, "bds60": {"value": {"mhd": 17.402, "ias": 280, "mach": 0.596, "bar": 0, "ivv": 0}, "time": 25021.1572876, "msg": "02188d0696c1b13126b0828b00a0000c34863a3125600400781549"}, "df17": {"time": 25020.609375, "Lat": 23.3178377, "Lon": 113.4793496, "geometric_height": 19675, "TId": "CNM1434", "gsp": 399.0, "tan": 19.1601562}, "windSpd_kt": 25.027, "windDir_deg": 46.764, "temperature_K": 529.602, "address": "781549", "createdAt": "06:57:01.186667"}