{"time": 24738.603892847, "bds50": {"value": {"rol": -0.2, "tan": 87.012, "gsp": 292, "tanR": 0.031, "tas": 278}, "time": 24738.596619047, "msg": "02188d06967fe7438327818b00a8000a24fff3df24a00c8b86dcc4"}, "bds60": {"value": {"mhd": 91.582, "ias": 251, "mach": 0.428, "bar": 32, "ivv": 32}, "time": 24738.603892847, "msg": "02188d06967fe7b2806f809300a00004b1a099f71ae00c0186dcc4"}, "df17": {"time": 24737.9921875, "Lat": 23.531599, "Lon": 113.5477781, "geometric_height": 6950, "TId": "JAL088", "gsp": 291.4, "tan": 87.0501709}, "windSpd_kt": 26.686, "windDir_deg": 30.911, "temperature_K": 555.468, "address": "86dcc4", "createdAt": 