{"time": 24590.198883591, "bds50": {"value": {"rol": -0.4, "tan": 83.672, "gsp": 446, "tanR": 0.0, "tas": 410}, "time": 24590.198883591, "msg": "02188d06965d5a11c507919300a8001a25ffd3b937e004cd78046f"}, "bds60": {"value": {"mhd": 86.484, "ias": 300, "mach": 0.652, "bar": 2464, "ivv": 2368}, "time": 24588.880698856, "msg": "02188d06965d0b7fdde8819400a0000d159eca5928e26c4a78046f"}, "df17": {"time": 24590.109375, "Lat": 22.790451, "Lon": 115.3053117, "geometric_height": 21075, "TId": "CSZ9073", "gsp": 445.6, "tan": 83.6883545}, "windSpd_kt": 41.67, "windDir_deg": 54.81, "temperature_K": 520.632, "address": "78046f", "createdAt": 