{"time": 24615.783474934, "bds50": {"value": {"rol": 0.2, "tan": 251.016, "gsp": 418, "tanR": 0.062, "tas": 466}, "time": 24615.189364156, "msg": "02188d0696632b9e3dbc818900a820160a803b29346014e98880ae"}, "bds60": {"value": {"mhd": 252.598, "ias": 273, "mach": 0.784, "bar": -480, "ivv": -32}, "time": 24615.783474934, "msg": "02188d0696634f07a6f6809100a02015b7d9da23313f8fff8880ae"}, "df17": {"time": 24615.40625, "Lat": 21.0236692, "Lon": 113.593483, "geometric_height": 35975, "TId": "HVN577", "gsp": 418.4, "tan": 251.1749268}, "windSpd_kt": 49.523, "windDir_deg": 86.073, "temperature_K": 465.154, "address": "8880ae", "createdAt": 