{"time": 24683.634258132, "bds50": {"value": {"rol": 0.2, "tan": 83.496, "gsp": 492, "tanR": 0.0, "tas": 424}, "time": 24683.233583718, "msg": "02188d069673035ea266809300a80016878033b73da004d478143e"}, "bds60": {"value": {"mhd": 87.539, "ias": 242, "mach": 0.72, "bar": 32, "ivv": 0}, "time": 24683.634258132, "msg": "02188d0696731b4070d4809300a00016949f29e52d200c0078143e"}, "df17": {"time": 24683.2421875, "Lat": 23.0085468, "Lon": 113.5401392, "geometric_height": 37050, "TId": "CXA8406", "gsp": 492.2, "tan": 83.4686279}, "windSpd_kt": 75.248, "windDir_deg": 60.088, "temperature_K": 456.588, "address": "78143e", "createdAt": 