{"time": 25093.895672066, "bds50": {"value": {"rol": 0.4, "tan": 249.258, "gsp": 236, "tanR": 0.031, "tas": 238}, "time": 25093.888117555, "msg": "02188d0696d2a0498b33808300a0000531805b151da00c778990f5"}, "bds60": {"value": {"mhd": 249.785, "ias": 212, "mach": 0.364, "bar": -928, "ivv": -928}, "time": 25093.895672066, "msg": "02188d0696d2a0bcd102817d00a0000531d8d9a916ff1fe38990f5"}, "df17": {"time": 25093.8203125, "Lat": 22.0674562, "Lon": 113.9803648, "geometric_height": 7825, "TId": "CAL7863", "gsp": 237.3, "tan": 249.274292}, "windSpd_kt": 2.958, "windDir_deg": 116.986, "temperature_K": 562.872, "address": "8990f5", "createdAt": "06:58:13.933168"}