{"time": 24579.268450854, "bds50": {"value": {"rol": -0.7, "tan": 268.242, "gsp": 386, "tanR": null, "tas": 414}, "time": 24578.500174568, "msg": "02188d06965aa0c5a2e8809600a8000e2eff9bed307ffccf789211"}, "bds60": {"value": {"mhd": 269.297, "ias": 300, "mach": 0.656, "bar": -1856, "ivv": -1920}, "time": 24579.268450854, "msg": "02188d06965ace909a26818c00a0000d3bdfca59293e37c4789211"}, "df17": {"time": 24579.0390625, "Lat": 22.2817755, "Lon": 115.3037667, "geometric_height": 21675, "TId": "CRK611", "gsp": 386.3, "tan": 268.2202148}, "windSpd_kt": 28.951, "windDir_deg": 103.507, "temperature_K": 524.386, "address": "789211", "createdAt": 