{"time": 25275.352059109, "bds50": {"value": {"rol": 0.0, "tan": 234.492, "gsp": 188, "tanR": 0.031, "tas": 194}, "time": 25275.021748316, "msg": "02188d0696fcccb1685c808400a8000e94801a6d17a00c6179a054"}, "bds60": {"value": {"mhd": 235.898, "ias": 177, "mach": 0.296, "bar": -1088, "ivv": -1024}, "time": 25275.352059109, "msg": "02188d0696fce0618ce5808300a8000e94d3e96312bef7e079a054"}, "df17": {"time": 25274.8046875, "Lat": 22.7510333, "Lon": 114.098618, "geometric_height": 5650, "TId": "CSN6325", "gsp": 187.9, "tan": 234.5306396}, "windSpd_kt": 7.613, "windDir_deg": 93.192, "temperature_K": 565.558, "address": "79a054", "createdAt": "07:01:15.394132"}