{"time": 24573.777233528, "bds50": {"value": {"rol": 1.1, "tan": 337.676, "gsp": 246, "tanR": 0.062, "tas": 240}, "time": 24573.770204238, "msg": "02188d06965986d8044e807d00a00005b680df031ee01478780a9b"}, "bds60": {"value": {"mhd": 339.785, "ias": 211, "mach": 0.372, "bar": -160, "ivv": -480}, "time": 24573.777233528, "msg": "02188d06965987434678807e00a00005b6f8d9a7177fdff1780a9b"}, "df17": {"time": 24572.609375, "Lat": 22.0615339, "Lon": 114.1763806, "geometric_height": 8750, "TId": "CPA188", "gsp": 246.5, "tan": 337.5933838}, "windSpd_kt": 10.77, "windDir_deg": -77.419, "temperature_K": 548.018, "address": "780a9b", "createdAt": 