{"time": 24669.327650121, "bds50": {"value": {"rol": -9.8, "tan": 294.961, "gsp": 410, "tanR": -0.5, "tas": 464}, "time": 24669.321916701, "msg": "02188d06966fc62b711d81a800a000123ef91d1d337f84e87805a1"}, "bds60": {"value": {"mhd": 291.797, "ias": 297, "mach": 0.76, "bar": 1312, "ivv": 1248}, "time": 24669.327650121, "msg": "02188d06966fc682ed4981a800a000123ee7ca532fa14c277805a1"}, "df17": {"time": 24666.46875, "Lat": 24.2350888, "Lon": 116.5876865, "geometric_height": 29875, "TId": "CSC8132", "gsp": 410.4, "tan": 296.317749}, "windSpd_kt": 59.127, "windDir_deg": 89.294, "temperature_K": 490.758, "address": "7805a1", "createdAt": 