{"time": 24693.347726742, "bds50": {"value": {"rol": -0.2, "tan": 267.891, "gsp": 288, "tanR": 0.0, "tas": 300}, "time": 24693.347726742, "msg": "02188d0696755e383596808f00a800160ffffbe924200496780a49"}, "bds60": {"value": {"mhd": 269.473, "ias": 240, "mach": 0.46, "bar": -320, "ivv": -416}, "time": 24692.413963818, "msg": "02188d06967526901e2a828900a00008b6dfd9e11cffb7f3780a49"}, "df17": {"time": 24692.546875, "Lat": 22.2657251, "Lon": 114.7988462, "geometric_height": 13850, "TId": "CPA495", "gsp": 288.3, "tan": 268.0114746}, "windSpd_kt": 14.487, "windDir_deg": 122.761, "temperature_K": 559.996, "address": "780a49", "createdAt": 