{"time": 25244.853836322, "bds50": {"value": {"rol": 1.2, "tan": 70.84, "gsp": 150, "tanR": null, "tas": 152}, "time": 25244.845190655, "msg": "02188d0696f5c607adff808800a000011480f32712c0044c780170"}, "bds60": {"value": {"mhd": 71.191, "ias": 149, "mach": 0.228, "bar": -864, "ivv": -832}, "time": 25244.853836322, "msg": "02188d0696f5c68b9a22818000a000011499592b0e7f2fe6780170"}, "df17": {"time": 25244.8515625, "Lat": 22.2966242, "Lon": 113.8533139, "geometric_height": 950, "TId": "CPA543", "gsp": 149.2, "tan": 70.8343506}, "windSpd_kt": 2.204, "windDir_deg": -84.163, "temperature_K": 585.16, "address": "780170", "createdAt": "07:00:44.896663"}