{"time": 24625.066122007, "bds50": {"value": {"rol": 0.7, "tan": 197.93, "gsp": 298, "tanR": null, "tas": 314}, "time": 24625.066122007, "msg": "02188d06966578519b17819200a8001a148098cd2540049d780cb1"}, "bds60": {"value": {"mhd": 203.027, "ias": 264, "mach": 0.476, "bar": -864, "ivv": 480}, "time": 24625.058766584, "msg": "02188d06966577e15ef8819000a00006b3c83a111dff2c0f780cb1"}, "df17": {"time": 24624.5, "Lat": 23.5489154, "Lon": 113.4661746, "geometric_height": 10325, "TId": "CSN300", "gsp": 298.2, "tan": 197.7648926}, "windSpd_kt": 31.56, "windDir_deg": 80.049, "temperature_K": 572.932, "address": "780cb1", "createdAt": 