{"time": 25067.375221134, "bds50": {"value": {"rol": 16.3, "tan": 153.105, "gsp": 462, "tanR": 0.719, "tas": 464}, "time": 25067.375221134, "msg": "02188d0696cc73fed98e808c00a8001db08bb6cf39e0bce878074b"}, "bds60": {"value": {"mhd": 161.543, "ias": 300, "mach": 0.756, "bar": 1088, "ivv": 1056}, "time": 25066.511256637, "msg": "02188d0696cc407fcc3d808c00a0001211b97a592f61142178074b"}, "df17": {"time": 25067.1796875, "Lat": 21.6180253, "Lon": 113.7764955, "geometric_height": 29450, "TId": "CSN6049", "gsp": 462.5, "tan": 152.4353027}, "windSpd_kt": 68.154, "windDir_deg": 65.647, "temperature_K": 495.964, "address": "78074b", "createdAt": "06:57:47.415560"}