{"time": 24605.417986958, "bds50": {"value": {"rol": -0.2, "tan": 225.352, "gsp": 388, "tanR": 0.0, "tas": 438}, "time": 24604.422656391, "msg": "02188d069660a9df5187829700a800083dfffa0530a004db7811ef"}, "bds60": {"value": {"mhd": 229.57, "ias": 293, "mach": 0.712, "bar": -2496, "ivv": -2432}, "time": 24605.417986958, "msg": "02188d069660e532db8e91a400a0001099d1aa4b2cbd97b47811ef"}, "df17": {"time": 24604.7734375, "Lat": 22.2879553, "Lon": 112.5232387, "geometric_height": 27100, "TId": "CHH7072", "gsp": 388.3, "tan": 225.3131104}, "windSpd_kt": 58.486, "windDir_deg": 78.776, "temperature_K": 498.248, "address": "7811ef", "createdAt": 