{"time": 24563.186293235, "bds50": {"value": {"rol": -0.5, "tan": 113.203, "gsp": 282, "tanR": -0.062, "tas": 286}, "time": 24563.186293235, "msg": "02188d0696570ffe59f3807500a8000daeffb509237ff48f78018d"}, "bds60": {"value": {"mhd": 117.246, "ias": 258, "mach": 0.436, "bar": 1056, "ivv": 1024}, "time": 24562.486621563, "msg": "02188d069656e64a357b807100a000043ca9ba051b610c2078018d"}, "df17": {"time": 24563.1796875, "Lat": 22.3132753, "Lon": 114.1212559, "geometric_height": 6425, "TId": "CPA919", "gsp": 281.7, "tan": 113.1976318}, "windSpd_kt": 20.431, "windDir_deg": 13.941, "temperature_K": 566.522, "address": "78018d", "createdAt": 