{"time": 25027.501755292, "bds50": {"value": {"rol": -0.5, "tan": 211.992, "gsp": 404, "tanR": null, "tas": 458}, "time": 25027.501755292, "msg": "02188d0696c32b5a0b9c819400a80007bcffb96d32bffce578122c"}, "bds60": {"value": {"mhd": 220.781, "ias": 259, "mach": 0.78, "bar": -128, "ivv": 0}, "time": 25026.892046572, "msg": "02188d0696c30702a0ec808f00a000171cce8a0730ffe40078122c"}, "df17": {"time": 25027.21875, "Lat": 23.293612, "Lon": 113.6472559, "geometric_height": 38125, "TId": "CES5602", "gsp": 404.7, "tan": 212.0800781}, "windSpd_kt": 85.214, "windDir_deg": 87.201, "temperature_K": 453.942, "address": "78122c", "createdAt": "06:57:07.538625"}