{"time": 24696.595354858, "bds50": {"value": {"rol": 0.4, "tan": 80.332, "gsp": 392, "tanR": 0.0, "tas": 362}, "time": 24696.595354858, "msg": "02188d0696761fcb14ea819300a80014b3805393312004b5780861"}, "bds60": {"value": {"mhd": 82.266, "ias": 278, "mach": 0.56, "bar": 2272, "ivv": 2112}, "time": 24695.263674429, "msg": "02188d069675d06b403d819000a80014b39d4a2d23223c42780861"}, "df17": {"time": 24694.765625, "Lat": 23.6095333, "Lon": 114.0791345, "geometric_height": 16925, "TId": "CSN3795", "gsp": 389.4, "tan": 80.3924561}, "windSpd_kt": 32.583, "windDir_deg": 58.311, "temperature_K": 550.172, "address": "780861", "createdAt": 