{"time": 25144.214228597, "bds50": {"value": {"rol": 0.2, "tan": 111.973, "gsp": 210, "tanR": -0.094, "tas": 212}, "time": 25143.285605682, "msg": "02188d0696de209b6532808000a80009268034fb1a7fec6a7811e2"}, "bds60": {"value": {"mhd": 117.07, "ias": 196, "mach": 0.32, "bar": -128, "ivv": -160}, "time": 25144.214228597, "msg": "02188d0696de57f50e75818900a0000392a9a989143fe7fb7811e2"}, "df17": {"time": 25143.9296875, "Lat": 22.4786282, "Lon": 113.7012649, "geometric_height": 4950, "TId": "CSC8783", "gsp": 211.4, "tan": 111.9506836}, "windSpd_kt": 18.87, "windDir_deg": 18.444, "temperature_K": 577.87, "address": "7811e2", "createdAt": "06:59:04.250169"}