{"time": 24699.205692253, "bds50": {"value": {"rol": -14.6, "tan": 332.051, "gsp": 410, "tanR": -0.688, "tas": 412}, "time": 24699.205692253, "msg": "02188d069676bb61ab5d909c00a0001139f5bec3337f54ce780abc"}, "bds60": {"value": {"mhd": 328.359, "ias": 268, "mach": 0.668, "bar": -1504, "ivv": -1280}, "time": 24699.046096662, "msg": "02188d069676b1de6f16829800a0001139f4ca1929fe8fd8780abc"}, "df17": {"time": 24698.515625, "Lat": 20.9611201, "Lon": 115.0759506, "geometric_height": 28425, "TId": "CPA134", "gsp": 411.1, "tan": 332.6220703}, "windSpd_kt": 26.555, "windDir_deg": 64.522, "temperature_K": 500.84, "address": "780abc", "createdAt": 