{"time": 24653.674953042, "bds50": {"value": {"rol": -0.4, "tan": 112.148, "gsp": 362, "tanR": null, "tas": 358}, "time": 24652.955837382, "msg": "02188d06966bf6ace3c6807900a0000539ffd4fd2d7ffcb378018d"}, "bds60": {"value": {"mhd": 115.312, "ias": 320, "mach": 0.552, "bar": 1056, "ivv": 992}, "time": 24653.674953042, "msg": "02188d06966c2189b952807c00a0000539a90a8122a10c1f78018d"}, "df17": {"time": 24653.328125, "Lat": 22.2604895, "Lon": 114.2595077, "geometric_height": 8025, "TId": "CPA919", "gsp": 361.5, "tan": 112.0935059}, "windSpd_kt": 20.276, "windDir_deg": 35.104, "temperature_K": 553.79, "address": "78018d", "createdAt": 