{"time": 25033.607907755, "bds50": {"value": {"rol": -0.2, "tan": 1.582, "gsp": 490, "tanR": null, "tas": 466}, "time": 25033.607907755, "msg": "02188d0696c4974e89ab91a600a8000f38fff0133d7ffce9780340"}, "bds60": {"value": {"mhd": 354.727, "ias": 287, "mach": 0.776, "bar": -32, "ivv": -32}, "time": 25032.444950349, "msg": "02188d0696c451fd374d80a500a0001412fe2a3f30bfffff780340"}, "df17": {"time": 25031.890625, "Lat": 25.777874, "Lon": 113.4606814, "geometric_height": 32550, "TId": "AMU016", "gsp": 489.1, "tan": 1.5216064}, "windSpd_kt": 61.973, "windDir_deg": 65.413, "temperature_K": 474.796, "address": "780340", "createdAt": "06:57:13.642786"}