{"time": 24712.977564523, "bds50": {"value": {"rol": -1.1, "tan": 113.379, "gsp": 268, "tanR": -0.094, "tas": 270}, "time": 24712.977564523, "msg": "02188d069679f03fc36b807200a80009bbff550b21bfec8778115c"}, "bds60": {"value": {"mhd": 118.125, "ias": 245, "mach": 0.412, "bar": 3072, "ivv": 2944}, "time": 24712.960585556, "msg": "02188d069679ef3caf54807300a0000432aa09eb19e3045c78115c"}, "df17": {"time": 24712.6953125, "Lat": 22.3270082, "Lon": 114.090271, "geometric_height": 6200, "TId": "CCA112", "gsp": 267.0, "tan": 113.3953857}, "windSpd_kt": 22.365, "windDir_deg": 20.626, "temperature_K": 565.446, "address": "78115c", "createdAt": 