{"time": 25298.132126774, "bds50": {"value": {"rol": 0.4, "tan": 114.609, "gsp": 236, "tanR": 0.031, "tas": 234}, "time": 25298.132126774, "msg": "02188d0697022e2dcc36808e00a80012228055191da00c75780749"}, "bds60": {"value": {"mhd": 120.234, "ias": 214, "mach": 0.356, "bar": -640, "ivv": -608}, "time": 25297.75072283, "msg": "02188d0697021772090e808f00a00003bdaac9ad167f67ed780749"}, "df17": {"time": 25296.953125, "Lat": 23.0373001, "Lon": 113.0141258, "geometric_height": 5675, "TId": "CSN8516", "gsp": 235.3, "tan": 114.6038818}, "windSpd_kt": 23.148, "windDir_deg": 32.372, "temperature_K": 568.84, "address": "780749", "createdAt": "07:01:38.177207"}