{"time": 25288.982745146, "bds50": {"value": {"rol": 0.2, "tan": 70.664, "gsp": 478, "tanR": null, "tas": 430}, "time": 25288.982745146, "msg": "02188d0697000cd5503a818c00a80002a18033253bc004d7780132"}, "bds60": {"value": {"mhd": 73.828, "ias": 277, "mach": 0.704, "bar": -1856, "ivv": -1824}, "time": 25288.911883922, "msg": "02188d069700089c0e92928c00a00012149a4a2b2c3e37c7780132"}, "df17": {"time": 25288.296875, "Lat": 21.257236, "Lon": 112.7386951, "geometric_height": 29575, "TId": "CPA750", "gsp": 477.9, "tan": 70.6915283}, "windSpd_kt": 54.135, "windDir_deg": 44.662, "temperature_K": 491.19, "address": "780132", "createdAt": "07:01:29.024985"}