{"time": 25153.69479165, "bds50": {"value": {"rol": 0.0, "tan": 213.398, "gsp": 406, "tanR": null, "tas": 444}, "time": 25153.69479165, "msg": "02188d0696e08d0af7e2809000a8000f3c80197d32fffcde70e050"}, "bds60": {"value": {"mhd": 218.32, "ias": 292, "mach": 0.724, "bar": 1376, "ivv": 1216}, "time": 25153.677690793, "msg": "02188d0696e08c0607a9818a00a0001137cdaa492d615c2670e050"}, "df17": {"time": 25153.1953125, "Lat": 21.2432241, "Lon": 113.8967443, "geometric_height": 28350, "TId": "JCC625", "gsp": 405.4, "tan": 213.5357666}, "windSpd_kt": 52.664, "windDir_deg": 79.731, "temperature_K": 495.162, "address": "70e050", "createdAt": "06:59:13.734170"}