{"time": 24588.872876946, "bds50": {"value": {"rol": 0.2, "tan": 263.496, "gsp": 368, "tanR": null, "tas": 424}, "time": 24588.864898559, "msg": "02188d06965d0a8ec5ff929200a000133c803bb72e3ffcd4780612"}, "bds60": {"value": {"mhd": 264.551, "ias": 262, "mach": 0.7, "bar": -320, "ivv": -32}, "time": 24588.872876946, "msg": "02188d06965d0b088392819200a000133cde1a0d2bffb7ff780612"}, "df17": {"time": 24588, "Lat": 22.9146051, "Lon": 116.0199165, "geometric_height": 31850, "TId": "CES5343", "gsp": 369.4, "tan": 263.4741211}, "windSpd_kt": 56.47, "windDir_deg": 91.442, "temperature_K": 483.052, "address": "780612", "createdAt": 