{"time": 24582.564785566, "bds50": {"value": {"rol": 0.2, "tan": 337.852, "gsp": 244, "tanR": 0.094, "tas": 238}, "time": 24581.695581255, "msg": "02188d06965b5f3bac47807c00a00005b4803f051ea01c77780a9b"}, "bds60": {"value": {"mhd": 339.785, "ias": 209, "mach": 0.368, "bar": -96, "ivv": -416}, "time": 24582.564785566, "msg": "02188d06965b930aad9e908400a00005b3f8d9a3173feff3780a9b"}, "df17": {"time": 24582.390625, "Lat": 22.0718551, "Lon": 114.1718531, "geometric_height": 8700, "TId": "CPA188", "gsp": 244.1, "tan": 337.8515625}, "windSpd_kt": 10.104, "windDir_deg": -74.759, "temperature_K": 550.702, "address": "780a9b", "createdAt": 