{"time": 25079.299186097, "bds50": {"value": {"rol": -0.2, "tan": 183.516, "gsp": 382, "tanR": null, "tas": 380}, "time": 25079.299186097, "msg": "02188d0696cf3ab81db1808b00a80009abfff8292ffffcbe780126"}, "bds60": {"value": {"mhd": 189.668, "ias": 301, "mach": 0.584, "bar": 1760, "ivv": 1824}, "time": 25078.045906786, "msg": "02188d0696cef0049762808a00a000093ec37a5b24a1bc39780126"}, "df17": {"time": 25078.6015625, "Lat": 21.6129398, "Lon": 114.0464759, "geometric_height": 14850, "TId": "HDA694", "gsp": 381.7, "tan": 183.6035156}, "windSpd_kt": 40.938, "windDir_deg": 99.388, "temperature_K": 557.442, "address": "780126", "createdAt": "06:57:59.336207"}