{"time": 24633.250076138, "bds50": {"value": {"rol": 0.4, "tan": 70.84, "gsp": 258, "tanR": 0.031, "tas": 252}, "time": 24633.250076138, "msg": "02188d069667601ed5ea808900a8000f3080532720600c7e780f95"}, "bds60": {"value": {"mhd": 74.883, "ias": 229, "mach": 0.388, "bar": 1280, "ivv": 1184}, "time": 24633.232955975, "msg": "02188d0696675f199a47908800a00004389aa9cb18614425780f95"}, "df17": {"time": 24632.859375, "Lat": 22.7881551, "Lon": 113.8207626, "geometric_height": 6275, "TId": "CSH9332", "gsp": 259.3, "tan": 70.8673096}, "windSpd_kt": 18.963, "windDir_deg": 1.295, "temperature_K": 555.386, "address": "780f95", "createdAt": 