{"time": 24569.554240778, "bds50": {"value": {"rol": 0.2, "tan": 267.715, "gsp": 264, "tanR": 0.0, "tas": 278}, "time": 24569.547216481, "msg": "02188d0696588b225661807800a0000790803be72120048b780aab"}, "bds60": {"value": {"mhd": 268.945, "ias": 230, "mach": 0.424, "bar": -64, "ivv": 0}, "time": 24569.554240778, "msg": "02188d0696588b8d850a807800a0000790dfa9cd1abff400780aab"}, "df17": {"time": 24569.0078125, "Lat": 22.2499752, "Lon": 114.3520117, "geometric_height": 11525, "TId": "CPA859", "gsp": 263.2, "tan": 267.6049805}, "windSpd_kt": 15.16, "windDir_deg": 110.896, "temperature_K": 565.998, "address": "780aab", "createdAt": 