{"time": 25127.312705977, "bds50": {"value": {"rol": -0.2, "tan": 344.531, "gsp": 200, "tanR": 0.0, "tas": 192}, "time": 25125.920027553, "msg": "02188d0696da1589b3a1808800a000023bffff5119200460780a9b"}, "bds60": {"value": {"mhd": 349.98, "ias": 182, "mach": 0.288, "bar": -864, "ivv": -928}, "time": 25127.312705977, "msg": "02188d0696da688c49b9808300a000023bfc796d123f2fe3780a9b"}, "df17": {"time": 25126.46875, "Lat": 22.2012234, "Lon": 113.7365198, "geometric_height": 3100, "TId": "CPA188", "gsp": 199.1, "tan": 344.5697021}, "windSpd_kt": 20.274, "windDir_deg": -79.532, "temperature_K": 585.16, "address": "780a9b", "createdAt": "06:58:47.356152"}