{"time": 24639.079317629, "bds50": {"value": {"rol": 0.0, "tan": 267.891, "gsp": 262, "tanR": 0.0, "tas": 278}, "time": 24639.079317629, "msg": "02188d069668bb92007d808e00a8001798801be920e0048b8990f5"}, "bds60": {"value": {"mhd": 268.594, "ias": 229, "mach": 0.424, "bar": -480, "ivv": -512}, "time": 24639.072096846, "msg": "02188d069668bb23d24e808e00a0000794df89cb1abf8ff08990f5"}, "df17": {"time": 24639.03125, "Lat": 22.2557044, "Lon": 114.5102406, "geometric_height": 11675, "TId": "CAL7863", "gsp": 263.2, "tan": 267.824707}, "windSpd_kt": 16.339, "windDir_deg": 99.94, "temperature_K": 565.998, "address": "8990f5", "createdAt": 