{"time": 25263.48892938, "bds50": {"value": {"rol": 0.0, "tan": 64.863, "gsp": 446, "tanR": 0.094, "tas": 404}, "time": 25263.48892938, "msg": "02188d0696fa1d488e64809400a0000dba8012e337e01cca7810b1"}, "bds60": {"value": {"mhd": 65.391, "ias": 289, "mach": 0.644, "bar": -2432, "ivv": -2528}, "time": 25262.644081262, "msg": "02188d0696f9eaed326e818e00a0000dbb974a43287da7b17810b1"}, "df17": {"time": 25262.1796875, "Lat": 23.1555104, "Lon": 115.3794694, "geometric_height": 22525, "TId": "GCR7441", "gsp": 447.8, "tan": 64.753418}, "windSpd_kt": 42.182, "windDir_deg": 59.8, "temperature_K": 518.142, "address": "7810b1", "createdAt": "07:01:03.534166"}