{"time": 24687.532359461, "bds50": {"value": {"rol": 0.0, "tan": 346.113, "gsp": 190, "tanR": -0.062, "tas": 186}, "time": 24687.532359461, "msg": "02188d0696740398bf25909f00a800030f801f6317fff45d780dc0"}, "bds60": {"value": {"mhd": 350.156, "ias": 178, "mach": 0.284, "bar": -128, "ivv": -64}, "time": 24686.597318308, "msg": "02188d069673cbdd26a4819800a0000237fc896511ffe7fe780dc0"}, "df17": {"time": 24687.375, "Lat": 23.0577493, "Lon": 113.2346034, "geometric_height": 3025, "TId": "CHH7982", "gsp": 190.7, "tan": 346.036377}, "windSpd_kt": 13.853, "windDir_deg": -85.093, "temperature_K": 564.738, "address": "780dc0", "createdAt": 