{"time": 25207.279477292, "bds50": {"value": {"rol": 0.2, "tan": 112.148, "gsp": 178, "tanR": 0.0, "tas": 178}, "time": 25207.279477292, "msg": "02188d0696ed06f0622c908200a80009268034fd166004597811e2"}, "bds60": {"value": {"mhd": 116.016, "ias": 166, "mach": 0.268, "bar": -1248, "ivv": -1216}, "time": 25207.271753429, "msg": "02188d0696ed067a86d5808200a0000317a9494d10fecfda7811e2"}, "df17": {"time": 25207.09375, "Lat": 22.4573207, "Lon": 113.7576342, "geometric_height": 4300, "TId": "CSC8783", "gsp": 178.0, "tan": 112.098999}, "windSpd_kt": 12.014, "windDir_deg": 24.082, "temperature_K": 580.802, "address": "7811e2", "createdAt": "07:00:07.321767"}