{"time": 24603.910968062, "bds50": {"value": {"rol": -0.5, "tan": 216.211, "gsp": 416, "tanR": null, "tas": 454}, "time": 24603.54634597, "msg": "02188d06966075a3e1f2829a00a8001da4ffb99d343ffce370e063"}, "bds60": {"value": {"mhd": 221.309, "ias": 265, "mach": 0.764, "bar": 32, "ivv": 32}, "time": 24603.910968062, "msg": "02188d0696608b5f92fe829c00a00015b7ceba132fe00c0170e063"}, "df17": {"time": 24602.4296875, "Lat": 20.2171826, "Lon": 113.4358549, "geometric_height": 35975, "TId": "MKR978", "gsp": 415.7, "tan": 216.293335}, "windSpd_kt": 54.205, "windDir_deg": 84.305, "temperature_K": 464.924, "address": "70e063", "createdAt": 