{"time": 25125.547787118, "bds50": {"value": {"rol": 0.5, "tan": 183.691, "gsp": 356, "tanR": 0.125, "tas": 354}, "time": 25125.234577299, "msg": "02188d0696d9ecae8f93808100a8000cb980782b2ca024b17801c1"}, "bds60": {"value": {"mhd": 186.328, "ias": 319, "mach": 0.544, "bar": 576, "ivv": 704}, "time": 25125.547787118, "msg": "02188d0696d9ff59c36e807a00a00004bac24a7f222094167801c1"}, "df17": {"time": 25125.546875, "Lat": 22.0985484, "Lon": 114.0817738, "geometric_height": 7275, "TId": "HDA254", "gsp": 355.7, "tan": 183.7078857}, "windSpd_kt": 16.459, "windDir_deg": 101.987, "temperature_K": 557.528, "address": "7801c1", "createdAt": "06:58:45.588441"}