{"time": 25030.218562105, "bds50": {"value": {"rol": -0.7, "tan": 71.016, "gsp": 216, "tanR": -0.062, "tas": 222}, "time": 25029.835692688, "msg": "02188d0696c3b6771a90907c00a8001ca5ff93291b3ff46f8880ca"}, "bds60": {"value": {"mhd": 75.059, "ias": 208, "mach": 0.336, "bar": 1280, "ivv": 1280}, "time": 25030.218562105, "msg": "02188d0696c3cd493a39906600a00002bf9ab9a1152144288880ca"}, "df17": {"time": 25030.234375, "Lat": 22.3360205, "Lon": 114.0216064, "geometric_height": 4000, "TId": "HVN593", "gsp": 216.9, "tan": 70.8947754}, "windSpd_kt": 16.573, "windDir_deg": -38.174, "temperature_K": 574.758, "address": "8880ca", "createdAt": "06:57:10.250659"}