{"time": 25295.133097198, "bds50": {"value": {"rol": 0.7, "tan": 18.984, "gsp": 420, "tanR": 0.031, "tas": 398}, "time": 25295.133097198, "msg": "02188d0697017b6c3cee819900a80000898090d934a00cc7780d64"}, "bds60": {"value": {"mhd": 17.227, "ias": 298, "mach": 0.624, "bar": 1280, "ivv": 1472}, "time": 25295.125733463, "msg": "02188d0697017afbe05780a000a0000c11862a552721442e780d64"}, "df17": {"time": 25293.859375, "Lat": 23.2463837, "Lon": 113.4519053, "geometric_height": 19175, "TId": "CHH7704", "gsp": 418.8, "tan": 18.9569092}, "windSpd_kt": 25.322, "windDir_deg": 47.795, "temperature_K": 535.618, "address": "780d64", "createdAt": "07:01:35.203904"}