{"time": 25061.944949507, "bds50": {"value": {"rol": 0.2, "tan": 309.199, "gsp": 240, "tanR": 0.0, "tas": 226}, "time": 25061.944949507, "msg": "02188d0696cb30537b03808100a8000e19803dbf1e200471780aab"}, "bds60": {"value": {"mhd": 309.902, "ias": 209, "mach": 0.344, "bar": -800, "ivv": -768}, "time": 25061.927780745, "msg": "02188d0696cb2f4d8189808200a000039aee39a315bf3fe8780aab"}, "df17": {"time": 25061.578125, "Lat": 22.0593023, "Lon": 113.8571548, "geometric_height": 5125, "TId": "CPA859", "gsp": 240.2, "tan": 309.2541504}, "windSpd_kt": 14.289, "windDir_deg": -61.991, "temperature_K": 568.274, "address": "780aab", "createdAt": "06:57:41.983496"}