{"time": 25041.670747305, "bds50": {"value": {"rol": -4.9, "tan": 262.441, "gsp": 350, "tanR": -0.344, "tas": 376}, "time": 25041.670747305, "msg": "02188d0696c677e3b4a9808700a8001e91fc9bab2bffacbc780e17"}, "bds60": {"value": {"mhd": 264.902, "ias": 290, "mach": 0.584, "bar": -640, "ivv": -960}, "time": 25041.309180834, "msg": "02188d0696c66256a3a2808700a0000a9ede3a4524bf67e2780e17"}, "df17": {"time": 25041.46875, "Lat": 22.8511977, "Lon": 114.9187303, "geometric_height": 17150, "TId": "CDC8835", "gsp": 350.7, "tan": 262.7929688}, "windSpd_kt": 30.311, "windDir_deg": 114.626, "temperature_K": 545.768, "address": "780e17", "createdAt": "06:57:21.706948"}