{"time": 25057.384342995, "bds50": {"value": {"rol": 0.0, "tan": 268.77, "gsp": 396, "tanR": 0.0, "tas": 450}, "time": 25057.375269245, "msg": "02188d0696ca1ff3b17d819500a8000a1f801bf331a004e184116c"}, "bds60": {"value": {"mhd": 268.77, "ias": 254, "mach": 0.768, "bar": -224, "ivv": 0}, "time": 25057.384342995, "msg": "02188d0696ca207e25d3819400a0001718df99fd303fcc0084116c"}, "df17": {"time": 25057.0234375, "Lat": 22.3260427, "Lon": 117.1063185, "geometric_height": 38125, "TId": "VNL303", "gsp": 396.2, "tan": 268.6981201}, "windSpd_kt": 54.0, "windDir_deg": 88.77, "temperature_K": 452.022, "address": "84116c", "createdAt": "06:57:37.417165"}