{"time": 24679.894817469, "bds50": {"value": {"rol": 0.5, "tan": 250.84, "gsp": 418, "tanR": null, "tas": 466}, "time": 24678.618234147, "msg": "02188d069671f045fd23819000a800160a807b27347ffce98880ae"}, "bds60": {"value": {"mhd": 252.598, "ias": 274, "mach": 0.788, "bar": -384, "ivv": 32}, "time": 24679.894817469, "msg": "02188d0696723c5d1abd818f00a00015b7d9da25317fa4018880ae"}, "df17": {"time": 24677.2734375, "Lat": 20.9848952, "Lon": 113.4736204, "geometric_height": 35975, "TId": "HVN577", "gsp": 419.0, "tan": 250.916748}, "windSpd_kt": 49.874, "windDir_deg": 87.497, "temperature_K": 460.444, "address": "8880ae", "createdAt": 