{"time": 25223.641724585, "bds50": {"value": {"rol": -0.4, "tan": 262.617, "gsp": 388, "tanR": -0.062, "tas": 432}, "time": 25223.634552889, "msg": "02188d0696f0d5c70839819100a0000f38ffdbad30bff4d87807da"}, "bds60": {"value": {"mhd": 262.969, "ias": 300, "mach": 0.696, "bar": 0, "ivv": 0}, "time": 25223.641724585, "msg": "02188d0696f0d63476a9919300a0000f38dd8a592ba004007807da"}, "df17": {"time": 25221.8359375, "Lat": 23.2582498, "Lon": 114.8159695, "geometric_height": 24900, "TId": "CSN3650", "gsp": 387.2, "tan": 262.5787354}, "windSpd_kt": 44.072, "windDir_deg": 86.069, "temperature_K": 507.232, "address": "7807da", "createdAt": "07:00:23.682114"}