{"time": 25093.280781187, "bds50": {"value": {"rol": 0.0, "tan": 268.066, "gsp": 348, "tanR": 0.0, "tas": 360}, "time": 25093.273392956, "msg": "02188d0696d27ba5973c808d00a0000914801beb2ba004b4780124"}, "bds60": {"value": {"mhd": 269.648, "ias": 288, "mach": 0.556, "bar": -768, "ivv": -736}, "time": 25093.280781187, "msg": "02188d0696d27c165383808b00a0000914dfea4122ff47e9780124"}, "df17": {"time": 25092.8046875, "Lat": 22.2681713, "Lon": 114.8736048, "geometric_height": 14250, "TId": "HDA865", "gsp": 348.3, "tan": 268.0224609}, "windSpd_kt": 15.476, "windDir_deg": 128.023, "temperature_K": 551.968, "address": "780124", "createdAt": "06:58:13.321435"}