{"time": 25097.849320699, "bds50": {"value": {"rol": 0.7, "tan": 226.406, "gsp": 344, "tanR": 0.031, "tas": 392}, "time": 25097.849320699, "msg": "02188d0696d38c64b4fb919600a8001534809a112b200cc4780b74"}, "bds60": {"value": {"mhd": 232.383, "ias": 271, "mach": 0.632, "bar": 128, "ivv": 0}, "time": 25097.559676056, "msg": "02188d0696d37b211498819100a0000f38d2aa1f27a02400780b74"}, "df17": {"time": 25096.8984375, "Lat": 23.5465336, "Lon": 116.8882656, "geometric_height": 24900, "TId": "CSN6527", "gsp": 343.7, "tan": 226.4117432}, "windSpd_kt": 61.401, "windDir_deg": 88.072, "temperature_K": 506.518, "address": "780b74", "createdAt": "06:58:17.885881"}