{"time": 24615.678255198, "bds50": {"value": {"rol": 0.4, "tan": 227.461, "gsp": 284, "tanR": 0.031, "tas": 304}, "time": 24615.66952683, "msg": "02188d069663483cf12e809200a00007bf805a1d23a00c987811ab"}, "bds60": {"value": {"mhd": 232.031, "ias": 249, "mach": 0.468, "bar": -448, "ivv": -544}, "time": 24615.678255198, "msg": "02188d06966348c2205e909300a00007bfd289f31d7f97ef7811ab"}, "df17": {"time": 24614.5546875, "Lat": 23.6740565, "Lon": 113.7073588, "geometric_height": 12350, "TId": "CSZ9676", "gsp": 283.0, "tan": 227.2906494}, "windSpd_kt": 30.805, "windDir_deg": 99.301, "temperature_K": 555.538, "address": "7811ab", "createdAt": 