{"time": 25017.007348156, "bds50": {"value": {"rol": 2.5, "tan": 157.852, "gsp": 420, "tanR": 0.125, "tas": 412}, "time": 25015.997229999, "msg": "02188d0696c07da0ebaf809000a0000b9c81d70534a024ce7813bd"}, "bds60": {"value": {"mhd": 165.41, "ias": 311, "mach": 0.644, "bar": -96, "ivv": -32}, "time": 25017.007348156, "msg": "02188d0696c0b9d619bc818b00a0000b9cbada6f287fefff7813bd"}, "df17": {"time": 25017.015625, "Lat": 23.0460548, "Lon": 113.1785989, "geometric_height": 18650, "TId": "CSN335", "gsp": 419.2, "tan": 157.7142334}, "windSpd_kt": 55.414, "windDir_deg": 79.914, "temperature_K": 538.866, "address": "7813bd", "createdAt": "06:56:57.031552"}