{"time": 24582.232352343, "bds50": {"value": {"rol": 14.9, "tan": 210.938, "gsp": 352, "tanR": 0.812, "tas": 372}, "time": 24582.232352343, "msg": "02188d06965b7f3a2657819b00a80007248ab9612c20d4ba780470"}, "bds60": {"value": {"mhd": 218.32, "ias": 290, "mach": 0.576, "bar": -1056, "ivv": -992}, "time": 24581.684816136, "msg": "02188d06965b5e976908819400a0000a1ccdaa45243effe1780470"}, "df17": {"time": 24580.953125, "Lat": 23.9742708, "Lon": 114.0658522, "geometric_height": 16050, "TId": "CSZ9972", "gsp": 352.7, "tan": 208.4545898}, "windSpd_kt": 50.701, "windDir_deg": 101.447, "temperature_K": 549.16, "address": "780470", "createdAt": 