{"time": 25221.03756903, "bds50": {"value": {"rol": 22.3, "tan": 309.902, "gsp": 238, "tanR": 1.969, "tas": 234}, "time": 25220.584190676, "msg": "02188d0696f01ff632d4808900a80010b28ffdc71de1fc75780a22"}, "bds60": {"value": {"mhd": 316.406, "ias": 209, "mach": 0.36, "bar": -992, "ivv": -1088}, "time": 25221.03756903, "msg": "02188d0696f03afc3406808300a0000513f089a316bf0fde780a22"}, "df17": {"time": 25220.9921875, "Lat": 21.9619918, "Lon": 113.8463831, "geometric_height": 7500, "TId": "CRK108", "gsp": 238.6, "tan": 309.8968506}, "windSpd_kt": 27.072, "windDir_deg": -128.363, "temperature_K": 556.268, "address": "780a22", "createdAt": "07:00:21.068690"}