{"time": 24658.798363541, "bds50": {"value": {"rol": -0.2, "tan": 250.84, "gsp": 418, "tanR": null, "tas": 466}, "time": 24658.798363541, "msg": "02188d06966d52eac395928c00a800160afffb27347ffce98880ae"}, "bds60": {"value": {"mhd": 252.422, "ias": 273, "mach": 0.788, "bar": -64, "ivv": 0}, "time": 24657.549611136, "msg": "02188d06966d087c5080918b00a00015b7d9ca23317ff4008880ae"}, "df17": {"time": 24658.3984375, "Lat": 20.996654, "Lon": 113.5099053, "geometric_height": 35975, "TId": "HVN577", "gsp": 419.0, "tan": 250.916748}, "windSpd_kt": 49.523, "windDir_deg": 85.897, "temperature_K": 460.444, "address": "8880ae", "createdAt": 