{"time": 25009.853662333, "bds50": {"value": {"rol": 0.0, "tan": 288.984, "gsp": 408, "tanR": null, "tas": 454}, "time": 25009.294095972, "msg": "02188d0696beee173664819300a80004b3801cd9333ffce37809e4"}, "bds60": {"value": {"mhd": 285.996, "ias": 300, "mach": 0.74, "bar": 0, "ivv": 32}, "time": 25009.853662333, "msg": "02188d0696bf0f71847d819200a0001130e5ba592e6004017809e4"}, "df17": {"time": 25009.4453125, "Lat": 23.9463329, "Lon": 113.4664965, "geometric_height": 28025, "TId": "CSN8549", "gsp": 406.1, "tan": 288.9678955}, "windSpd_kt": 51.183, "windDir_deg": 81.443, "temperature_K": 495.572, "address": "7809e4", "createdAt": "06:56:49.874764"}