{"time": 24563.194037152, "bds50": {"value": {"rol": -0.4, "tan": 227.109, "gsp": 374, "tanR": 0.0, "tas": 394}, "time": 24563.194037152, "msg": "02188d069657107483a0808300a800101fffda192ee004c5780476"}, "bds60": {"value": {"mhd": 230.098, "ias": 319, "mach": 0.604, "bar": -64, "ivv": 0}, "time": 24563.180594867, "msg": "02188d0696570fa766b3908000a0000897d1da7f25fff400780476"}, "df17": {"time": 24563.0703125, "Lat": 22.5963664, "Lon": 113.9024305, "geometric_height": 13400, "TId": "CSZ8909", "gsp": 374.4, "tan": 227.2741699}, "windSpd_kt": 28.301, "windDir_deg": 93.656, "temperature_K": 560.242, "address": "780476", "createdAt": 