{"time": 24591.857490058, "bds50": {"value": {"rol": -0.2, "tan": 225.352, "gsp": 390, "tanR": 0.0, "tas": 436}, "time": 24591.857490058, "msg": "02188d06965dbcee188a819800a800083dfffa0530e004da7811ef"}, "bds60": {"value": {"mhd": 230.098, "ias": 290, "mach": 0.712, "bar": -2432, "ivv": -2464}, "time": 24591.849555313, "msg": "02188d06965dbc750571819b00a00010bfd1da452cbda7b37811ef"}, "df17": {"time": 24589.828125, "Lat": 22.3069668, "Lon": 112.5439882, "geometric_height": 27750, "TId": "CHH7072", "gsp": 390.2, "tan": 225.4174805}, "windSpd_kt": 57.289, "windDir_deg": 84.379, "temperature_K": 493.708, "address": "7811ef", "createdAt": 