{"time": 25036.899905561, "bds50": {"value": {"rol": 0.0, "tan": 8.438, "gsp": 386, "tanR": 0.0, "tas": 382}, "time": 25036.891054838, "msg": "02188d0696c55aff62f6808800a800189f801061306004bf780bcf"}, "bds60": {"value": {"mhd": 6.152, "ias": 299, "mach": 0.588, "bar": -32, "ivv": 0}, "time": 25036.899905561, "msg": "02188d0696c55b867019808b00a00009b8823a5724fffc00780bcf"}, "df17": {"time": 25036.6875, "Lat": 22.7451324, "Lon": 113.9275146, "geometric_height": 15575, "TId": "CSN3070", "gsp": 386.3, "tan": 8.4869385}, "windSpd_kt": 15.833, "windDir_deg": 82.665, "temperature_K": 555.686, "address": "780bcf", "createdAt": "06:57:16.958065"}