{"time": 25013.620224718, "bds50": {"value": {"rol": -0.2, "tan": 1.406, "gsp": 468, "tanR": 0.0, "tas": 436}, "time": 25013.620224718, "msg": "02188d0696bfeff2b2ce819d00a8000b35fff0113aa004da781225"}, "bds60": {"value": {"mhd": 354.375, "ias": 262, "mach": 0.732, "bar": 512, "ivv": 416}, "time": 25012.594976144, "msg": "02188d0696bfb2d6a59081a200a00014b8fe0a0d2de0840d781225"}, "df17": {"time": 25012.109375, "Lat": 25.3755856, "Lon": 113.4490514, "geometric_height": 33975, "TId": "CSZ9605", "gsp": 466.3, "tan": 1.4776611}, "windSpd_kt": 63.975, "windDir_deg": 57.94, "temperature_K": 467.098, "address": "781225", "createdAt": "06:56:53.648727"}