{"time": 24598.006180252, "bds50": {"value": {"rol": -0.4, "tan": 333.809, "gsp": 200, "tanR": 0.0, "tas": 188}, "time": 24598.006180252, "msg": "02188d06965f2b6ba99c808a00a80002b0ffded71920045e780ac2"}, "bds60": {"value": {"mhd": 337.5, "ias": 177, "mach": 0.284, "bar": -1216, "ivv": -1248}, "time": 24597.989321469, "msg": "02188d06965f2a6a6afd828400a000029ef8096311fed7d9780ac2"}, "df17": {"time": 24597.609375, "Lat": 22.2165442, "Lon": 113.7211132, "geometric_height": 3625, "TId": "CRK772", "gsp": 199.5, "tan": 333.8195801}, "windSpd_kt": 17.32, "windDir_deg": -70.519, "temperature_K": 576.948, "address": "780ac2", "createdAt": 