{"time": 25099.080509921, "bds50": {"value": {"rol": -0.5, "tan": 193.711, "gsp": 270, "tanR": -0.156, "tas": 280}, "time": 25099.080509921, "msg": "02188d0696d3d5c729e1918b00a8000a83ffb89d21ffdc8c780ccb"}, "bds60": {"value": {"mhd": 198.984, "ias": 251, "mach": 0.432, "bar": -2080, "ivv": -1952}, "time": 25099.072800306, "msg": "02188d0696d3d5518632909500a000051ac6c9f71b3dffc3780ccb"}, "df17": {"time": 25097.9921875, "Lat": 23.354187, "Lon": 113.4046984, "geometric_height": 7700, "TId": "CSN3086", "gsp": 267.6, "tan": 193.6230469}, "windSpd_kt": 27.2, "windDir_deg": 84.801, "temperature_K": 553.104, "address": "780ccb", "createdAt": "06:58:19.115612"}