{"time": 24627.076992172, "bds50": {"value": {"rol": -0.5, "tan": 251.367, "gsp": 448, "tanR": null, "tas": 478}, "time": 24627.076992172, "msg": "02188d069665f02d0cac819000a80018acffbb2d383ffcef4bb474"}, "bds60": {"value": {"mhd": 252.422, "ias": 343, "mach": 0.76, "bar": 1792, "ivv": 1632}, "time": 24627.059774748, "msg": "02188d069665ef26551c829300a0000e12d9caaf2fa1c4334bb474"}, "df17": {"time": 24626.2578125, "Lat": 21.022532, "Lon": 113.5883975, "geometric_height": 22575, "TId": "SVA987", "gsp": 447.4, "tan": 251.3616943}, "windSpd_kt": 31.187, "windDir_deg": 87.759, "temperature_K": 520.818, "address": "4bb474", "createdAt": 