{"time": 24583.702106459, "bds50": {"value": {"rol": 0.9, "tan": 250.84, "gsp": 418, "tanR": 0.031, "tas": 466}, "time": 24583.466309921, "msg": "02188d06965bc8c6d921828900a820160a80bb2734600ce98880ae"}, "bds60": {"value": {"mhd": 252.598, "ias": 273, "mach": 0.788, "bar": 160, "ivv": -32}, "time": 24583.702106459, "msg": "02188d06965bd6d4d15b908f00a02015b7d9da2331602fff8880ae"}, "df17": {"time": 24583.4375, "Lat": 21.0439467, "Lon": 113.6565685, "geometric_height": 35975, "TId": "HVN577", "gsp": 417.7, "tan": 250.9991455}, "windSpd_kt": 49.874, "windDir_deg": 87.497, "temperature_K": 460.444, "address": "8880ae", "createdAt": 