{"time": 25112.930521904, "bds50": {"value": {"rol": 0.0, "tan": 70.84, "gsp": 132, "tanR": -0.219, "tas": 140}, "time": 25112.930521904, "msg": "02188d0696d70f4d9330808300a80018b780132710bfcc46780a71"}, "bds60": {"value": {"mhd": 70.137, "ias": 138, "mach": 0.212, "bar": -736, "ivv": -640}, "time": 25112.923084467, "msg": "02188d0696d70edc16b3808300a000013698f9150d7f4fec780a71"}, "df17": {"time": 25112.15625, "Lat": 22.2878051, "Lon": 113.826406, "geometric_height": 1425, "TId": "HKE553", "gsp": 132.5, "tan": 70.6091309}, "windSpd_kt": 8.172, "windDir_deg": -121.294, "temperature_K": 574.172, "address": "780a71", "createdAt": "06:58:32.965164"}