{"time": 24643.325575661, "bds50": {"value": {"rol": 0.2, "tan": 338.027, "gsp": 340, "tanR": null, "tas": 348}, "time": 24643.157401075, "msg": "02188d069669aea49df3808d00a8000b24803f072abffcae781549"}, "bds60": {"value": {"mhd": 336.094, "ias": 272, "mach": 0.536, "bar": -128, "ivv": -192}, "time": 24643.325575661, "msg": "02188d069669b8aac1ed908900a00009b9f78a2121bfe7fa781549"}, "df17": {"time": 24643.2421875, "Lat": 22.8561759, "Lon": 113.7689209, "geometric_height": 15575, "TId": "CNM1434", "gsp": 341.0, "tan": 337.9504395}, "windSpd_kt": 14.095, "windDir_deg": 101.637, "temperature_K": 554.992, "address": "781549", "createdAt": 