{"time": 24683.247242924, "bds50": {"value": {"rol": -0.2, "tan": 268.066, "gsp": 364, "tanR": 0.0, "tas": 394}, "time": 24682.950833961, "msg": "02188d069672f2843729809000a8000e2efffbeb2da004c5789211"}, "bds60": {"value": {"mhd": 269.824, "ias": 299, "mach": 0.616, "bar": -1920, "ivv": -1920}, "time": 24683.247242924, "msg": "02188d069673042f0eac828900a0000b37dffa5726be27c4789211"}, "df17": {"time": 24683.1875, "Lat": 22.27566, "Lon": 115.1081586, "geometric_height": 18175, "TId": "CRK611", "gsp": 364.3, "tan": 268.1103516}, "windSpd_kt": 32.172, "windDir_deg": 110.134, "temperature_K": 538.628, "address": "789211", "createdAt": 