{"time": 24683.290977121, "bds50": {"value": {"rol": -0.5, "tan": 227.109, "gsp": 380, "tanR": null, "tas": 398}, "time": 24683.290977121, "msg": "02188d06967306ca6361808100a800101fffba192fbffcc7780476"}, "bds60": {"value": {"mhd": 229.922, "ias": 320, "mach": 0.612, "bar": 1088, "ivv": 1056}, "time": 24683.280324889, "msg": "02188d0696730627d919808100a00008bcd1ca8126611421780476"}, "df17": {"time": 24683.109375, "Lat": 22.4544668, "Lon": 113.7369704, "geometric_height": 13950, "TId": "CSZ8909", "gsp": 379.9, "tan": 227.2412109}, "windSpd_kt": 26.239, "windDir_deg": 95.217, "temperature_K": 556.828, "address": "780476", "createdAt": 