{"time": 24576.993285185, "bds50": {"value": {"rol": -0.2, "tan": 224.297, "gsp": 418, "tanR": -0.094, "tas": 478}, "time": 24576.993285185, "msg": "02188d06965a46f45441918900a80012b9fff9f9347fecef781392"}, "bds60": {"value": {"mhd": 231.328, "ias": 271, "mach": 0.816, "bar": -64, "ivv": 0}, "time": 24576.976579522, "msg": "02188d06965a45f56bc2818900a000171cd24a1f333ff400781392"}, "df17": {"time": 24576.2890625, "Lat": 22.6205277, "Lon": 112.8413486, "geometric_height": 38125, "TId": "CES235", "gsp": 418.6, "tan": 224.2254639}, "windSpd_kt": 81.271, "windDir_deg": 90.346, "temperature_K": 451.786, "address": "781392", "createdAt": 