{"time": 25167.243209614, "bds50": {"value": {"rol": 0.0, "tan": 229.395, "gsp": 244, "tanR": null, "tas": 266}, "time": 25167.235906187, "msg": "02188d0696e3b427fa8b818900a0000737801a331e800485780bf6"}, "bds60": {"value": {"mhd": 232.383, "ias": 221, "mach": 0.404, "bar": -384, "ivv": 480}, "time": 25167.243209614, "msg": "02188d0696e3b4976b8e828b00a0000737d2a9bb197fa40f780bf6"}, "df17": {"time": 25166.3828125, "Lat": 23.6780906, "Lon": 113.4449315, "geometric_height": 11250, "TId": "CCA1339", "gsp": 243.2, "tan": 229.4989014}, "windSpd_kt": 25.7, "windDir_deg": 82.046, "temperature_K": 570.766, "address": "780bf6", "createdAt": "06:59:27.280743"}