{"time": 24668.831907227, "bds50": {"value": {"rol": 17.1, "tan": 115.312, "gsp": 362, "tanR": 0.906, "tas": 360}, "time": 24668.822998433, "msg": "02188d06966fa86e8da1807300a00005948c35212d60ecb478018d"}, "bds60": {"value": {"mhd": 120.234, "ias": 319, "mach": 0.552, "bar": 832, "ivv": 800}, "time": 24668.831907227, "msg": "02188d06966fa8f67d9b807300a0000594aaca7f22a0d41978018d"}, "df17": {"time": 24668.6484375, "Lat": 22.2506618, "Lon": 114.2848277, "geometric_height": 8275, "TId": "CPA919", "gsp": 362.8, "tan": 115.2960205}, "windSpd_kt": 31.067, "windDir_deg": 31.461, "temperature_K": 559.996, "address": "78018d", "createdAt": 