{"time": 24592.223134447, "bds50": {"value": {"rol": -0.2, "tan": 66.621, "gsp": 484, "tanR": null, "tas": 442}, "time": 24592.223134447, "msg": "02188d06965dd2b962ef819b00a8001539fff2f73cbffcdd781200"}, "bds60": {"value": {"mhd": 68.379, "ias": 290, "mach": 0.716, "bar": -64, "ivv": 0}, "time": 24591.460621546, "msg": "02188d06965da5465cea81a200a0001130985a452cfff400781200"}, "df17": {"time": 24590.7421875, "Lat": 21.6700816, "Lon": 112.2107506, "geometric_height": 28050, "TId": "GCR6549", "gsp": 484.7, "tan": 66.6595459}, "windSpd_kt": 44.333, "windDir_deg": 48.811, "temperature_K": 501.738, "address": "781200", "createdAt": 