{"time": 25301.852854276, "bds50": {"value": {"rol": 0.4, "tan": 181.758, "gsp": 448, "tanR": 0.0, "tas": 492}, "time": 25301.852854276, "msg": "02188d0697030bf39804809f00a000149c805815382004f6780abd"}, "bds60": {"value": {"mhd": 193.359, "ias": 301, "mach": 0.828, "bar": 192, "ivv": 0}, "time": 25301.747042252, "msg": "02188d06970305a507cc819700a000149cc4ca5b33e03400780abd"}, "df17": {"time": 25299.5390625, "Lat": 25.260551, "Lon": 113.9122581, "geometric_height": 33625, "TId": "CPA278", "gsp": 448.2, "tan": 181.6644287}, "windSpd_kt": 104.601, "windDir_deg": 72.819, "temperature_K": 464.866, "address": "780abd", "createdAt": "07:01:41.891768"}