{"time": 24562.433749726, "bds50": {"value": {"rol": 0.0, "tan": 70.84, "gsp": 332, "tanR": null, "tas": 306}, "time": 24562.426299294, "msg": "02188d069656e2b1c39e828f00a0000b3c80132729bffc99780a22"}, "bds60": {"value": {"mhd": 72.949, "ias": 230, "mach": 0.48, "bar": -896, "ivv": -800}, "time": 24562.433749726, "msg": "02188d069656e32372de829000a0000b3c99f9cd1e3f27e7780a22"}, "df17": {"time": 24561.546875, "Lat": 21.434412, "Lon": 113.2795787, "geometric_height": 18375, "TId": "CRK108", "gsp": 331.3, "tan": 70.8013916}, "windSpd_kt": 28.524, "windDir_deg": 47.587, "temperature_K": 535.08, "address": "780a22", "createdAt": 