{"time": 25047.936910374, "bds50": {"value": {"rol": 0.2, "tan": 139.043, "gsp": 412, "tanR": null, "tas": 394}, "time": 25047.936910374, "msg": "02188d0696c7ed61c426818f00a800151f80362f33bffcc5780e0d"}, "bds60": {"value": {"mhd": 145.195, "ias": 301, "mach": 0.616, "bar": -1504, "ivv": -1472}, "time": 25047.476700343, "msg": "02188d0696c7d1f384b7829200a0000b15b3aa5b26be8fd2780e0d"}, "df17": {"time": 25047.9375, "Lat": 22.7746582, "Lon": 112.6279306, "geometric_height": 17600, "TId": "CSZ9324", "gsp": 411.8, "tan": 139.0374756}, "windSpd_kt": 46.837, "windDir_deg": 74.686, "temperature_K": 538.628, "address": "780e0d", "createdAt": "06:57:27.981398"}