{"time": 25006.747007917, "bds50": {"value": {"rol": 0.4, "tan": 217.617, "gsp": 400, "tanR": 0.0, "tas": 446}, "time": 25006.747007917, "msg": "02188d0696be5645bbad809f00a80013bc8059ad322004df78061f"}, "bds60": {"value": {"mhd": 223.945, "ias": 288, "mach": 0.732, "bar": -160, "ivv": 0}, "time": 25005.684367609, "msg": "02188d0696be16ef20f9909d00a0001218cfaa412dffdc0078061f"}, "df17": {"time": 25003.234375, "Lat": 22.8240108, "Lon": 116.2565088, "geometric_height": 29625, "TId": "CQH8615", "gsp": 400.1, "tan": 217.5842285}, "windSpd_kt": 65.497, "windDir_deg": 86.254, "temperature_K": 488.77, "address": "78061f", "createdAt": "06:56:46.798165"}