{"time": 25130.416856615, "bds50": {"value": {"rol": 0.0, "tan": 247.852, "gsp": 350, "tanR": 0.0, "tas": 370}, "time": 25130.408389568, "msg": "02188d0696db2110abc0827d00a0000898801b052be004b9780265"}, "bds60": {"value": {"mhd": 249.609, "ias": 300, "mach": 0.568, "bar": 32, "ivv": 0}, "time": 25130.416856615, "msg": "02188d0696db2191de27808200a0000898d8ca5923a00c00780265"}, "df17": {"time": 25129.4765625, "Lat": 22.6186609, "Lon": 113.7940907, "geometric_height": 13425, "TId": "CSN3690", "gsp": 349.8, "tan": 247.835083}, "windSpd_kt": 22.842, "windDir_deg": 97.63, "temperature_K": 558.682, "address": "780265", "createdAt": "06:58:50.458713"}