{"time": 24615.024213966, "bds50": {"value": {"rol": 4.2, "tan": 24.082, "gsp": 484, "tanR": 0.188, "tas": 458}, "time": 24615.01909822, "msg": "02188d0696632178306c81a700a00011908311133ca034e5780d0e"}, "bds60": {"value": {"mhd": 23.73, "ias": 300, "mach": 0.744, "bar": -32, "ivv": 0}, "time": 24615.024213966, "msg": "02188d06966321c63fce81a400a0001190887a592ebffc00780d0e"}, "df17": {"time": 24611.3671875, "Lat": 18.8583112, "Lon": 112.3367929, "geometric_height": 28675, "TId": "CSN3835", "gsp": 482.7, "tan": 22.7911377}, "windSpd_kt": 26.16, "windDir_deg": 30.257, "temperature_K": 498.934, "address": "780d0e", "createdAt": 