{"time": 24615.846551651, "bds50": {"value": {"rol": -0.2, "tan": 66.973, "gsp": 484, "tanR": null, "tas": 442}, "time": 24615.846551651, "msg": "02188d06966352ca2063919b00a8001539fff2fb3cbffcdd781200"}, "bds60": {"value": {"mhd": 68.73, "ias": 290, "mach": 0.716, "bar": -64, "ivv": 32}, "time": 24615.836255689, "msg": "02188d069663522d05c9919b00a0001130987a452cfff401781200"}, "df17": {"time": 24615.5546875, "Lat": 21.6920543, "Lon": 112.2656822, "geometric_height": 28050, "TId": "GCR6549", "gsp": 484.7, "tan": 66.9232178}, "windSpd_kt": 44.33, "windDir_deg": 49.172, "temperature_K": 501.738, "address": "781200", "createdAt": 