{"time": 24606.980663184, "bds50": {"value": {"rol": 0.0, "tan": 71.191, "gsp": 394, "tanR": 0.0, "tas": 372}, "time": 24605.670181799, "msg": "02188d069660f43b0ba7808100a8001e3180132b316004ba7805f5"}, "bds60": {"value": {"mhd": 74.004, "ias": 306, "mach": 0.572, "bar": 128, "ivv": -32}, "time": 24606.980663184, "msg": "02188d06966142576790808800a00008109a5a6523e027ff7805f5"}, "df17": {"time": 24606.390625, "Lat": 22.8804231, "Lon": 114.1071153, "geometric_height": 12450, "TId": "DKH1034", "gsp": 394.0, "tan": 71.1968994}, "windSpd_kt": 28.935, "windDir_deg": 32.071, "temperature_K": 556.868, "address": "7805f5", "createdAt": 