{"time": 25297.88787866, "bds50": {"value": {"rol": 0.2, "tan": 203.73, "gsp": 400, "tanR": 0.031, "tas": 464}, "time": 25297.88787866, "msg": "02188d0697021f9ede0491a100a800080080390f32200ce87814fb"}, "bds60": {"value": {"mhd": 214.98, "ias": 282, "mach": 0.78, "bar": -128, "ivv": 0}, "time": 25297.647089823, "msg": "02188d0697021144b89f81b400a000149ccc7a3530ffe4007814fb"}, "df17": {"time": 25295.125, "Lat": 25.7926798, "Lon": 114.7515321, "geometric_height": null, "TId": "CSN6581", "gsp": null, "tan": null}, "windSpd_kt": 105.965, "windDir_deg": 82.409, "temperature_K": 465.912, "address": "7814fb", "createdAt": "07:01:37.930418"}