{"time": 25007.583457527, "bds50": {"value": {"rol": 0.2, "tan": 45.352, "gsp": 426, "tanR": 0.031, "tas": 382}, "time": 25007.575378817, "msg": "02188d0696be87a5ab81819500a00011be80320535600cbf780f05"}, "bds60": {"value": {"mhd": 44.473, "ias": 245, "mach": 0.624, "bar": 1120, "ivv": 992}, "time": 25007.583457527, "msg": "02188d0696be8820f0f7829600a00011be8fd9eb27211c1f780f05"}, "df17": {"time": 25006.203125, "Lat": 22.1944427, "Lon": 111.6302347, "geometric_height": 29325, "TId": "CDC6004", "gsp": 425.6, "tan": 45.3790283}, "windSpd_kt": 44.433, "windDir_deg": 52.931, "temperature_K": 493.418, "address": "780f05", "createdAt": "06:56:47.617345"}