{"time": 25069.471626204, "bds50": {"value": {"rol": 1.1, "tan": 263.496, "gsp": 380, "tanR": 0.031, "tas": 422}, "time": 25069.471626204, "msg": "02188d0696ccf0f373dc919300a800112580dbb72fa00cd37805e0"}, "bds60": {"value": {"mhd": 264.727, "ias": 296, "mach": 0.676, "bar": -2528, "ivv": -2528}, "time": 25069.127163576, "msg": "02188d0696ccdc6b5eb8819300a0000e9fde2a512a7d8fb17805e0"}, "df17": {"time": 25068.171875, "Lat": 22.9121161, "Lon": 115.5035162, "geometric_height": 23950, "TId": "CXA8643", "gsp": 381.4, "tan": 263.3752441}, "windSpd_kt": 42.872, "windDir_deg": 95.704, "temperature_K": 513.084, "address": "7805e0", "createdAt": "06:57:49.507480"}