{"time": 25271.099177358, "bds50": {"value": {"rol": -6.9, "tan": 336.621, "gsp": 176, "tanR": -0.719, "tas": 172}, "time": 25271.099177358, "msg": "02188d0696fbe2e3b98e808500a8000435fb3ef7163f4c56780447"}, "bds60": {"value": {"mhd": 340.312, "ias": 167, "mach": 0.264, "bar": -64, "ivv": 32}, "time": 25271.084988365, "msg": "02188d0696fbe20b37cd808400a00001baf9094f10bff401780447"}, "df17": {"time": 25270.9765625, "Lat": 22.5084758, "Lon": 113.8653088, "geometric_height": 2300, "TId": "CSZ9902", "gsp": 174.2, "tan": 336.6705322}, "windSpd_kt": 11.899, "windDir_deg": -91.901, "temperature_K": 558.864, "address": "780447", "createdAt": "07:01:11.136128"}