{"time": 25027.966306138, "bds50": {"value": {"rol": -0.2, "tan": 229.395, "gsp": 394, "tanR": 0.0, "tas": 432}, "time": 25027.966306138, "msg": "02188d0696c3470a875a80a300a800132bfffa33316004d8780471"}, "bds60": {"value": {"mhd": 231.504, "ias": 299, "mach": 0.696, "bar": -32, "ivv": -32}, "time": 25027.942502525, "msg": "02188d0696c3459f507d819b00a0000f38d25a572bbfffff780471"}, "df17": {"time": 25027.8671875, "Lat": 21.186769, "Lon": 111.3457704, "geometric_height": 24900, "TId": "CSZ9751", "gsp": 394.4, "tan": 229.5263672}, "windSpd_kt": 40.922, "windDir_deg": 72.256, "temperature_K": 507.232, "address": "780471", "createdAt": "06:57:07.999346"}