{"time": 24639.837146869, "bds50": {"value": {"rol": 1.4, "tan": 36.914, "gsp": 396, "tanR": 0.031, "tas": 376}, "time": 24639.837146869, "msg": "02188d069668e8bd8ef5918a00a80014b28111a531a00cbc780fc7"}, "bds60": {"value": {"mhd": 34.98, "ias": 282, "mach": 0.588, "bar": 2720, "ivv": 2816}, "time": 24639.829073271, "msg": "02188d069668e8425d77828c00a0000bb68c7a3524e2ac58780fc7"}, "df17": {"time": 24639.4375, "Lat": 23.6955571, "Lon": 114.3637919, "geometric_height": 18825, "TId": "CSN3501", "gsp": 397.3, "tan": 36.8096924}, "windSpd_kt": 23.867, "windDir_deg": 69.032, "temperature_K": 538.368, "address": "780fc7", "createdAt": 