{"time": 25260.487198628, "bds50": {"value": {"rol": -1.1, "tan": 248.027, "gsp": 264, "tanR": -0.125, "tas": 266}, "time": 25260.487198628, "msg": "02188d0696f96a5dc7a4807100a0000619ff5b07213fe485780a49"}, "bds60": {"value": {"mhd": 249.082, "ias": 230, "mach": 0.408, "bar": -928, "ivv": -928}, "time": 25259.197643388, "msg": "02188d0696f91d80ba7c807100a000061ad899cd19bf1fe3780a49"}, "df17": {"time": 25260.0234375, "Lat": 22.16084, "Lon": 114.0622473, "geometric_height": 9275, "TId": "CPA495", "gsp": 263.0, "tan": 248.1152344}, "windSpd_kt": 5.273, "windDir_deg": 136.267, "temperature_K": 559.63, "address": "780a49", "createdAt": "07:01:00.530601"}