{"time": 25011.326205324, "bds50": {"value": {"rol": -0.2, "tan": 336.445, "gsp": 206, "tanR": null, "tas": 194}, "time": 25011.326205324, "msg": "02188d0696bf6736bd8c818000a8001f2efffef519c00461780170"}, "bds60": {"value": {"mhd": 339.961, "ias": 183, "mach": 0.292, "bar": -992, "ivv": -992}, "time": 25010.816992694, "msg": "02188d0696bf48dcc5b6828400a0000297f8e96f127f0fe1780170"}, "df17": {"time": 25011.203125, "Lat": 22.1952152, "Lon": 113.7406611, "geometric_height": 3450, "TId": "CPA543", "gsp": 206.1, "tan": 336.5441895}, "windSpd_kt": 17.159, "windDir_deg": -67.451, "temperature_K": 581.16, "address": "780170", "createdAt": "06:56:51.351326"}