{"time": 24610.229228585, "bds50": {"value": {"rol": -0.4, "tan": 327.48, "gsp": 220, "tanR": null, "tas": 208}, "time": 24610.229228585, "msg": "02188d06966203f89429808800a8000807ffde8f1bbffc68780a0e"}, "bds60": {"value": {"mhd": 330.293, "ias": 195, "mach": 0.316, "bar": -544, "ivv": -544}, "time": 24609.875165161, "msg": "02188d069661eeddffe9808900a00002bcf5798713ff7fef780a0e"}, "df17": {"time": 24610.078125, "Lat": 22.1260357, "Lon": 113.7689209, "geometric_height": 4000, "TId": "CPA110", "gsp": 220.8, "tan": 327.387085}, "windSpd_kt": 15.946, "windDir_deg": -72.323, "temperature_K": 570.44, "address": "780a0e", "createdAt": 