{"time": 24611.44635688, "bds50": {"value": {"rol": 0.2, "tan": 193.184, "gsp": 452, "tanR": 0.031, "tas": 496}, "time": 24611.44635688, "msg": "02188d0696624c847b90818d00a800139780389738a00cf876bcc4"}, "bds60": {"value": {"mhd": 200.039, "ias": 272, "mach": 0.856, "bar": -320, "ivv": 32}, "time": 24611.154274491, "msg": "02188d0696623b1ba8bb818d00a000183bc72a2135bfb40176bcc4"}, "df17": {"time": 24610.9296875, "Lat": 20.983479, "Lon": 113.7216926, "geometric_height": 40325, "TId": "TGW157", "gsp": 450.9, "tan": 193.2055664}, "windSpd_kt": 71.703, "windDir_deg": 68.838, "temperature_K": 442.052, "address": "76bcc4", "createdAt": 