{"time": 25135.834280877, "bds50": {"value": {"rol": 0.0, "tan": 162.07, "gsp": 414, "tanR": 0.0, "tas": 410}, "time": 25134.920718674, "msg": "02188d0696dc2e055952808b00a0000b9c80173533e004cd7813bd"}, "bds60": {"value": {"mhd": 169.453, "ias": 309, "mach": 0.64, "bar": 160, "ivv": 0}, "time": 25135.834280877, "msg": "02188d0696dc647933ad808c00a0000b9cbc4a6b28202c007813bd"}, "df17": {"time": 25135.8203125, "Lat": 22.8288817, "Lon": 113.2573485, "geometric_height": 18650, "TId": "CSN335", "gsp": 414.2, "tan": 162.0043945}, "windSpd_kt": 53.203, "windDir_deg": 80.064, "temperature_K": 540.338, "address": "7813bd", "createdAt": "06:58:55.875647"}