{"time": 24621.92911615, "bds50": {"value": {"rol": 2.5, "tan": 217.441, "gsp": 414, "tanR": 0.062, "tas": 462}, "time": 24621.92911615, "msg": "02188d069664bd56b1f6819900a800112581d9ab33e014e77805e0"}, "bds60": {"value": {"mhd": 223.594, "ias": 300, "mach": 0.756, "bar": 32, "ivv": -32}, "time": 24620.615053357, "msg": "02188d0696646f03b02d929700a00011b8cf8a592f600fff7805e0"}, "df17": {"time": 24621.3125, "Lat": 22.9878831, "Lon": 116.3913059, "geometric_height": 29150, "TId": "CXA8643", "gsp": 414.4, "tan": 217.4523926}, "windSpd_kt": 67.139, "windDir_deg": 84.964, "temperature_K": 491.698, "address": "7805e0", "createdAt": 