{"time": 24633.926047387, "bds50": {"value": {"rol": -0.7, "tan": 327.48, "gsp": 210, "tanR": -0.062, "tas": 196}, "time": 24633.926047387, "msg": "02188d0696678869569b808d00a8000807ff9e8f1a7ff462780a0e"}, "bds60": {"value": {"mhd": 330.293, "ias": 185, "mach": 0.296, "bar": -576, "ivv": -640}, "time": 24633.709153494, "msg": "02188d0696677b7bccd6808800a00002b3f5797312bf77ec780a0e"}, "df17": {"time": 24632.8125, "Lat": 22.1452188, "Lon": 113.7557888, "geometric_height": 3800, "TId": "CPA110", "gsp": 211.4, "tan": 327.3651123}, "windSpd_kt": 17.181, "windDir_deg": -66.566, "temperature_K": 577.28, "address": "780a0e", "createdAt": 