{"time": 25172.368408988, "bds50": {"value": {"rol": 0.5, "tan": 70.664, "gsp": 138, "tanR": 0.062, "tas": 140}, "time": 25172.368408988, "msg": "02188d0696e4e613c19c808100a82018b780732511601446780a71"}, "bds60": {"value": {"mhd": 71.367, "ias": 139, "mach": 0.212, "bar": -672, "ivv": -672}, "time": 25172.361074445, "msg": "02188d0696e4e5a3d70d908c00a02000ba9969170d7f5feb780a71"}, "df17": {"time": 25172.3671875, "Lat": 22.3003149, "Lon": 113.8652015, "geometric_height": 675, "TId": "HKE553", "gsp": 138.0, "tan": 70.5157471}, "windSpd_kt": 2.628, "windDir_deg": -68.529, "temperature_K": 574.172, "address": "780a71", "createdAt": "06:59:32.403889"}