{"time": 24638.377488978, "bds50": {"value": {"rol": 0.4, "tan": 245.391, "gsp": 408, "tanR": 0.0, "tas": 456}, "time": 24638.371009013, "msg": "02188d069668915a11f582aa00a00015bc805ae9332004e4781371"}, "bds60": {"value": {"mhd": 247.148, "ias": 266, "mach": 0.772, "bar": 32, "ivv": 0}, "time": 24638.377488978, "msg": "02188d06966891bcf25282aa00a00015bcd7ea1530600c00781371"}, "df17": {"time": 24636.7265625, "Lat": 20.6036568, "Lon": 110.4767776, "geometric_height": 36075, "TId": "CSH833", "gsp": 407.2, "tan": 245.324707}, "windSpd_kt": 49.789, "windDir_deg": 81.7, "temperature_K": 459.36, "address": "781371", "createdAt": 