{"time": 24652.93827814, "bds50": {"value": {"rol": 0.4, "tan": 140.977, "gsp": 470, "tanR": null, "tas": 452}, "time": 24652.929723994, "msg": "02188d06966bf51e6e5a80a000a8001a308056453afffce2781308"}, "bds60": {"value": {"mhd": 148.711, "ias": 268, "mach": 0.756, "bar": 0, "ivv": 0}, "time": 24652.93827814, "msg": "02188d06966bf5a0f4fc819600a0001530b4ea192f600400781308"}, "df17": {"time": 24645.671875, "Lat": 20.7729578, "Lon": 116.0119343, "geometric_height": 35050, "TId": "CSN397", "gsp": 469.1, "tan": 140.8831787}, "windSpd_kt": 64.722, "windDir_deg": 70.954, "temperature_K": 470.642, "address": "781308", "createdAt": 