{"time": 24699.052634938, "bds50": {"value": {"rol": 0.2, "tan": 187.207, "gsp": 308, "tanR": null, "tas": 318}, "time": 24699.052634938, "msg": "02188d069676b242333a829200a800002880385326bffc9f780e07"}, "bds60": {"value": {"mhd": 195.645, "ias": 257, "mach": 0.488, "bar": -192, "ivv": -32}, "time": 24697.846981804, "msg": "02188d0696766a6564ac819200a0000898c59a031ebfd7ff780e07"}, "df17": {"time": 24698.3125, "Lat": 24.4096255, "Lon": 113.7173581, "geometric_height": 13375, "TId": "CSN8296", "gsp": 308.5, "tan": 187.2619629}, "windSpd_kt": 47.122, "windDir_deg": 89.207, "temperature_K": 559.078, "address": "780e07", "createdAt": 