{"time": 25204.410554344, "bds50": {"value": {"rol": 0.4, "tan": 289.336, "gsp": 372, "tanR": null, "tas": 400}, "time": 25204.099250467, "msg": "02188d0696ec4961f923807d00a8000caf805cdd2ebffcc8780239"}, "bds60": {"value": {"mhd": 290.391, "ias": 312, "mach": 0.616, "bar": 3328, "ivv": 3200}, "time": 25204.410554344, "msg": "02188d0696ec5bf017e8807f00a0000a18e74a7126a34464780239"}, "df17": {"time": 25203.921875, "Lat": 22.4887776, "Lon": 114.2854285, "geometric_height": 16025, "TId": "HDA704", "gsp": 372.0, "tan": 289.3139648}, "windSpd_kt": 28.887, "windDir_deg": 124.107, "temperature_K": 555.158, "address": "780239", "createdAt": "07:00:04.442151"}