{"time": 25027.28869845, "bds50": {"value": {"rol": 0.0, "tan": 64.688, "gsp": 492, "tanR": 0.0, "tas": 440}, "time": 25026.7889198, "msg": "02188d0696c300dd09f8808d00a800153d8012e13da004dc7810b1"}, "bds60": {"value": {"mhd": 66.27, "ias": 290, "mach": 0.716, "bar": 64, "ivv": 32}, "time": 25027.28869845, "msg": "02188d0696c31ea70e52808d00a0001130979a452ce014017810b1"}, "df17": {"time": 25027.2421875, "Lat": 22.935698, "Lon": 114.8774457, "geometric_height": 28125, "TId": "GCR7441", "gsp": 493.3, "tan": 64.6820068}, "windSpd_kt": 53.563, "windDir_deg": 51.58, "temperature_K": 497.206, "address": "7810b1", "createdAt": "06:57:07.324355"}