{"time": 25130.060731437, "bds50": {"value": {"rol": 0.5, "tan": 24.434, "gsp": 478, "tanR": 0.031, "tas": 450}, "time": 25130.054964564, "msg": "02188d0696db0bffd554829d00a00014b78071173be00ce1780d0e"}, "bds60": {"value": {"mhd": 23.203, "ias": 269, "mach": 0.752, "bar": 960, "ivv": 896}, "time": 25130.060731437, "msg": "02188d0696db0c57d42d819b00a00014b7884a1b2f20f41c780d0e"}, "df17": {"time": 25128.2109375, "Lat": 19.9096942, "Lon": 112.8407693, "geometric_height": 34300, "TId": "CSN3835", "gsp": 479.2, "tan": 24.5324707}, "windSpd_kt": 29.72, "windDir_deg": 43.417, "temperature_K": 471.462, "address": "780d0e", "createdAt": "06:58:50.103701"}