{"time": 25139.486670698, "bds50": {"value": {"rol": 0.5, "tan": 58.711, "gsp": 424, "tanR": -0.062, "tas": 400}, "time": 25139.486670698, "msg": "02188d0696dd3e2c3f6a818900a80001a680729d353ff4c8780a9e"}, "bds60": {"value": {"mhd": 59.766, "ias": 296, "mach": 0.632, "bar": -2784, "ivv": -2624}, "time": 25138.204987976, "msg": "02188d0696dcf1c75248818a00a0000c90954a5127bd4fae780a9e"}, "df17": {"time": 25138.1328125, "Lat": 21.5258431, "Lon": 113.4024668, "geometric_height": 20275, "TId": "CRK170", "gsp": 424.1, "tan": 58.5955811}, "windSpd_kt": 25.169, "windDir_deg": 41.697, "temperature_K": 527.404, "address": "780a9e", "createdAt": "06:58:59.537671"}