{"time": 25039.207228164, "bds50": {"value": {"rol": -0.2, "tan": 332.754, "gsp": 150, "tanR": -0.156, "tas": 150}, "time": 25039.207228164, "msg": "02188d0696c5e50d6304808000a8000a16fffecb12ffdc4b780296"}, "bds60": {"value": {"mhd": 338.203, "ias": 147, "mach": 0.228, "bar": -832, "ivv": -832}, "time": 25039.200670371, "msg": "02188d0696c5e4a952a3808100a0000193f849270e7f37e6780296"}, "df17": {"time": 25039.0625, "Lat": 22.5468421, "Lon": 113.8438511, "geometric_height": 1700, "TId": "CSN6889", "gsp": 150.7, "tan": 332.7539062}, "windSpd_kt": 14.26, "windDir_deg": -114.522, "temperature_K": 569.864, "address": "780296", "createdAt": "06:57:19.242643"}