{"time": 24584.819276187, "bds50": {"value": {"rol": -4.7, "tan": 222.539, "gsp": 398, "tanR": -0.188, "tas": 450}, "time": 24584.810857549, "msg": "02188d06965c18eb044d829d00a80013bcfcb9e531ffd4e178061f"}, "bds60": {"value": {"mhd": 228.516, "ias": 290, "mach": 0.736, "bar": 224, "ivv": 32}, "time": 24584.819276187, "msg": "02188d06965c196b799b80a100a0001218d14a452e203c0178061f"}, "df17": {"time": 24584.53125, "Lat": 23.4401035, "Lon": 116.7694974, "geometric_height": 29600, "TId": "CQH8615", "gsp": 397.7, "tan": 222.7587891}, "windSpd_kt": 68.2, "windDir_deg": 85.938, "temperature_K": 492.184, "address": "78061f", "createdAt": 