{"time": 24575.259821466, "bds50": {"value": {"rol": 0.0, "tan": 145.371, "gsp": 264, "tanR": null, "tas": 272}, "time": 24575.252173944, "msg": "02188d069659df2d1478808600a02003b3801677213ffc88780296"}, "bds60": {"value": {"mhd": 150.293, "ias": 250, "mach": 0.412, "bar": -896, "ivv": -896}, "time": 24575.259821466, "msg": "02188d069659dfa1c59a808500a02003b3b579f519ff27e4780296"}, "df17": {"time": 24575.0703125, "Lat": 22.7175808, "Lon": 113.5862947, "geometric_height": 5375, "TId": "CSN6889", "gsp": 265.2, "tan": 145.2886963}, "windSpd_kt": 24.364, "windDir_deg": 38.681, "temperature_K": 573.854, "address": "780296", "createdAt": 