{"time": 25034.771527121, "bds50": {"value": {"rol": 0.2, "tan": 258.223, "gsp": 394, "tanR": 0.031, "tas": 442}, "time": 25033.543238895, "msg": "02188d0696c49373c4ef918e00a0001192803b7b31600cdd780a5e"}, "bds60": {"value": {"mhd": 259.629, "ias": 290, "mach": 0.724, "bar": -928, "ivv": -992}, "time": 25034.771527121, "msg": "02188d0696c4dca9f5d1809600a0001191dc5a452d7f1fe1780a5e"}, "df17": {"time": 25033.171875, "Lat": 22.4936271, "Lon": 116.0494423, "geometric_height": 28675, "TId": "CRK237", "gsp": 394.4, "tan": 258.1512451}, "windSpd_kt": 49.08, "windDir_deg": 90.989, "temperature_K": 490.71, "address": "780a5e", "createdAt": "06:57:14.803007"}