{"time": 24708.912618999, "bds50": {"value": {"rol": -0.2, "tan": 259.102, "gsp": 324, "tanR": 0.0, "tas": 354}, "time": 24707.903839225, "msg": "02188d069678c1d4dbf9808500a0000a13fffb8528a004b179a054"}, "bds60": {"value": {"mhd": 262.266, "ias": 276, "mach": 0.548, "bar": -1632, "ivv": -1536}, "time": 24708.912618999, "msg": "02188d069678fdf59df7808200a0000a12dd4a29227e6fd079a054"}, "df17": {"time": 24708.046875, "Lat": 22.8362632, "Lon": 114.8028374, "geometric_height": 15875, "TId": "CSN6325", "gsp": 323.9, "tan": 259.1400146}, "windSpd_kt": 35.351, "windDir_deg": 112.655, "temperature_K": 549.418, "address": "79a054", "createdAt": 