{"time": 25021.567860439, "bds50": {"value": {"rol": -0.5, "tan": 333.105, "gsp": 162, "tanR": -0.156, "tas": 160}, "time": 25021.567860439, "msg": "02188d0696c1c9a9fed7908100a8000a16ffbecf147fdc50780296"}, "bds60": {"value": {"mhd": 338.555, "ias": 156, "mach": 0.244, "bar": -960, "ivv": -736}, "time": 25021.550192312, "msg": "02188d0696c1c89c66b8808300a000019cf869390f7f17e9780296"}, "df17": {"time": 25021.3203125, "Lat": 22.5354695, "Lon": 113.8500524, "geometric_height": 1950, "TId": "CSN6889", "gsp": 163.7, "tan": 333.1219482}, "windSpd_kt": 15.438, "windDir_deg": -106.735, "temperature_K": 566.132, "address": "780296", "createdAt": "06:57:01.626563"}