{"time": 25175.374495341, "bds50": {"value": {"rol": 20.6, "tan": 257.695, "gsp": 364, "tanR": 1.125, "tas": 380}, "time": 25175.374495341, "msg": "02188d0696e59940fe6d808e00a8000d028ebb752da124be7804a9"}, "bds60": {"value": {"mhd": 261.387, "ias": 298, "mach": 0.588, "bar": -1024, "ivv": -992}, "time": 25175.343994365, "msg": "02188d0696e5976f95fd808e00a00009bcdcfa5524ff07e17804a9"}, "df17": {"time": 25174.8828125, "Lat": 20.9927702, "Lon": 114.0429783, "geometric_height": 15725, "TId": "CSN3074", "gsp": 362.5, "tan": 256.7669678}, "windSpd_kt": 28.812, "windDir_deg": 135.828, "temperature_K": 549.882, "address": "7804a9", "createdAt": "06:59:35.418001"}