{"time": 24709.76803039, "bds50": {"value": {"rol": 0.0, "tan": 145.195, "gsp": 256, "tanR": -0.062, "tas": 264}, "time": 24708.435152126, "msg": "02188d069678e1800cfe907e00a8000a16801675203ff484780296"}, "bds60": {"value": {"mhd": 149.59, "ias": 244, "mach": 0.4, "bar": -64, "ivv": -32}, "time": 24709.76803039, "msg": "02188d06967930f228b6807f00a0000392b539e9193ff7ff780296"}, "df17": {"time": 24709.3046875, "Lat": 22.5855947, "Lon": 113.6850214, "geometric_height": 4950, "TId": "CSN6889", "gsp": 255.8, "tan": 145.1898193}, "windSpd_kt": 21.482, "windDir_deg": 35.545, "temperature_K": 573.516, "address": "780296", "createdAt": 