{"time": 24685.241692229, "bds50": {"value": {"rol": 0.7, "tan": 309.023, "gsp": 212, "tanR": 0.031, "tas": 200}, "time": 24685.234756618, "msg": "02188d0696737aa61c0a807f00a00002bf809dbd1aa00c647801c2"}, "bds60": {"value": {"mhd": 310.078, "ias": 187, "mach": 0.3, "bar": -480, "ivv": -448}, "time": 24685.241692229, "msg": "02188d0696737b0ff045907f00a00002bfee497712ff8ff27801c2"}, "df17": {"time": 24684.7421875, "Lat": 22.0980763, "Lon": 113.8123727, "geometric_height": 4075, "TId": "HDA207", "gsp": 213.4, "tan": 308.9135742}, "windSpd_kt": 12.585, "windDir_deg": -67.991, "temperature_K": 585.16, "address": "7801c2", "createdAt": 