{"time": 25252.624519061, "bds50": {"value": {"rol": -0.2, "tan": 184.043, "gsp": 378, "tanR": null, "tas": 384}, "time": 25252.624519061, "msg": "02188d0696f795b6cf95808400a0000797fff82f2f7ffcc07801c1"}, "bds60": {"value": {"mhd": 188.438, "ias": 320, "mach": 0.588, "bar": 1760, "ivv": 1824}, "time": 25252.173245608, "msg": "02188d0696f77ad0eca8808500a0000796c30a8124e1bc397801c1"}, "df17": {"time": 25252.2265625, "Lat": 21.8856025, "Lon": 114.0655947, "geometric_height": 11725, "TId": "HDA254", "gsp": 377.1, "tan": 184.1088867}, "windSpd_kt": 29.827, "windDir_deg": 84.644, "temperature_K": 561.52, "address": "7801c1", "createdAt": "07:00:52.660736"}