{"time": 25255.045730685, "bds50": {"value": {"rol": -8.1, "tan": 331.523, "gsp": 270, "tanR": -0.562, "tas": 274}, "time": 25255.045730685, "msg": "02188d0696f82607917d808e00a800189ffa5ebd21ff7489780bcf"}, "bds60": {"value": {"mhd": 328.184, "ias": 220, "mach": 0.42, "bar": -1472, "ivv": -1504}, "time": 25254.802748431, "msg": "02188d0696f8178bf40f829100a000089af4b9b91a7e97d1780bcf"}, "df17": {"time": 25254.9140625, "Lat": 23.0725336, "Lon": 113.8600087, "geometric_height": 13525, "TId": "CSN3070", "gsp": 269.4, "tan": 331.6278076}, "windSpd_kt": 16.346, "windDir_deg": 74.012, "temperature_K": 560.352, "address": "780bcf", "createdAt": "07:00:55.091392"}