{"time": 25220.69627228, "bds50": {"value": {"rol": 0.5, "tan": 322.383, "gsp": 330, "tanR": 0.062, "tas": 338}, "time": 25220.560682215, "msg": "02188d0696f01e8f7ce7828000a8001912807e55296014a9780abc"}, "bds60": {"value": {"mhd": 322.734, "ias": 275, "mach": 0.52, "bar": -864, "ivv": -864}, "time": 25220.69627228, "msg": "02188d0696f026a46d98908800a000083ef2ca2720bf2fe5780abc"}, "df17": {"time": 25220.703125, "Lat": 21.6508555, "Lon": 114.4831824, "geometric_height": 13175, "TId": "CPA134", "gsp": 329.4, "tan": 322.399292}, "windSpd_kt": 8.257, "windDir_deg": 156.905, "temperature_K": 556.268, "address": "780abc", "createdAt": "07:00:20.726586"}