{"time": 25211.87277845, "bds50": {"value": {"rol": -0.2, "tan": 262.969, "gsp": 406, "tanR": 0.031, "tas": 462}, "time": 25211.87277845, "msg": "02188d0696ee18b898d2929200a0001098fffbb132e00ce77809c2"}, "bds60": {"value": {"mhd": 263.32, "ias": 311, "mach": 0.748, "bar": 0, "ivv": 0}, "time": 25211.195434724, "msg": "02188d0696edf05926e4919300a0001098ddaa6f2ee004007809c2"}, "df17": {"time": 25211.6875, "Lat": 23.3132243, "Lon": 115.7117629, "geometric_height": 27025, "TId": "CES2476", "gsp": 407.2, "tan": 262.9467773}, "windSpd_kt": 56.063, "windDir_deg": 85.863, "temperature_K": 502.272, "address": "7809c2", "createdAt": "07:00:11.911748"}