{"time": 25003.032251063, "bds50": {"value": {"rol": -0.2, "tan": 183.691, "gsp": 404, "tanR": 0.0, "tas": 410}, "time": 25003.032251063, "msg": "02188d0696bd78db0ab7829100a8000cbcfff82b32a004cd76cdb0"}, "bds60": {"value": {"mhd": 189.668, "ias": 313, "mach": 0.64, "bar": 448, "ivv": 224}, "time": 25002.647065113, "msg": "02188d0696bd61e59219809900a0000b1fc37a732820740776cdb0"}, "df17": {"time": 25001.5078125, "Lat": 21.3994575, "Lon": 114.0320349, "geometric_height": 17900, "TId": "SIA863", "gsp": 402.8, "tan": 183.5595703}, "windSpd_kt": 42.859, "windDir_deg": 88.643, "temperature_K": 540.338, "address": "76cdb0", "createdAt": "06:56:43.057383"}