{"time": 25051.897919361, "bds50": {"value": {"rol": 0.0, "tan": 235.898, "gsp": 388, "tanR": null, "tas": 434}, "time": 25051.897919361, "msg": "02188d0696c8d979f78182a000a8001935801a7d30bffcd9780c4c"}, "bds60": {"value": {"mhd": 238.359, "ias": 290, "mach": 0.704, "bar": 32, "ivv": 0}, "time": 25051.065190796, "msg": "02188d0696c8a7d7898c809d00a0001098d4ca452c200c00780c4c"}, "df17": {"time": 25051.359375, "Lat": 21.6366506, "Lon": 111.9323158, "geometric_height": 27025, "TId": "CES5199", "gsp": 387.4, "tan": 235.9423828}, "windSpd_kt": 49.261, "windDir_deg": 78.127, "temperature_K": 500.37, "address": "780c4c", "createdAt": "06:57:31.934603"}