{"time": 25077.941811043, "bds50": {"value": {"rol": 0.5, "tan": 207.422, "gsp": 378, "tanR": -0.062, "tas": 428}, "time": 25076.863186184, "msg": "02188d0696cea985b508829600a8001a8a8079392f7ff4d6780f76"}, "bds60": {"value": {"mhd": 215.859, "ias": 288, "mach": 0.7, "bar": 64, "ivv": 32}, "time": 25077.941811043, "msg": "02188d0696cee9d03763819500a0001098ccca412be01401780f76"}, "df17": {"time": 25077.7265625, "Lat": 25.1125574, "Lon": 114.5089531, "geometric_height": 27000, "TId": "CSZ9610", "gsp": 378.4, "tan": 207.3779297}, "windSpd_kt": 77.471, "windDir_deg": 81.576, "temperature_K": 492.208, "address": "780f76", "createdAt": "06:57:57.979397"}