{"time": 24692.553025728, "bds50": {"value": {"rol": 0.0, "tan": 145.195, "gsp": 256, "tanR": null, "tas": 264}, "time": 24691.291814317, "msg": "02188d069674e3ad79ad808a00a8000a16801675203ffc84780296"}, "bds60": {"value": {"mhd": 149.766, "ias": 244, "mach": 0.4, "bar": -64, "ivv": -64}, "time": 24692.553025728, "msg": "02188d0696752eda08c0808500a0000393b549e9193ff7fe780296"}, "df17": {"time": 24692.3515625, "Lat": 22.6021814, "Lon": 113.6726403, "geometric_height": 4950, "TId": "CSN6889", "gsp": 255.8, "tan": 145.1898193}, "windSpd_kt": 22.224, "windDir_deg": 36.4, "temperature_K": 573.516, "address": "780296", "createdAt": 