{"time": 25276.499772217, "bds50": {"value": {"rol": -0.4, "tan": 181.23, "gsp": 446, "tanR": null, "tas": 462}, "time": 25276.499772217, "msg": "02188d0696fd24ca4339928c00a8001db0ffd80f37fffce778074b"}, "bds60": {"value": {"mhd": 189.492, "ias": 278, "mach": 0.768, "bar": 0, "ivv": 0}, "time": 25276.489472994, "msg": "02188d0696fd242d1be2909300a0001498c36a2d3020040078074b"}, "df17": {"time": 25274.453125, "Lat": 21.1935067, "Lon": 113.7884045, "geometric_height": 33900, "TId": "CSN6049", "gsp": 446.0, "tan": 181.2854004}, "windSpd_kt": 67.328, "windDir_deg": 81.65, "temperature_K": 476.452, "address": "78074b", "createdAt": "07:01:16.544777"}