{"time": 24593.360206306, "bds50": {"value": {"rol": -0.5, "tan": 206.543, "gsp": 230, "tanR": -0.062, "tas": 238}, "time": 24593.360206306, "msg": "02188d06965e167fb9e2928c00a8000c3cffb92f1cfff477780ed0"}, "bds60": {"value": {"mhd": 210.059, "ias": 220, "mach": 0.364, "bar": -1216, "ivv": -1216}, "time": 24593.35255108, "msg": "02188d06965e160aeaa8809300a00003b4cab9b916fed7da780ed0"}, "df17": {"time": 24593.2578125, "Lat": 23.1339669, "Lon": 113.4632993, "geometric_height": 5425, "TId": "CSN602", "gsp": 230.3, "tan": 206.5649414}, "windSpd_kt": 16.434, "windDir_deg": 89.186, "temperature_K": 562.872, "address": "780ed0", "createdAt": 