{"time": 25008.753576428, "bds50": {"value": {"rol": 0.4, "tan": 184.395, "gsp": 380, "tanR": 0.0, "tas": 398}, "time": 25008.745402043, "msg": "02188d0696becd62cebb829500a800000f8058332fa004c7781535"}, "bds60": {"value": {"mhd": 195.117, "ias": 280, "mach": 0.636, "bar": -1568, "ivv": -1472}, "time": 25008.753576428, "msg": "02188d0696becddf89ec919400a0000e90c56a3127fe7fd2781535"}, "df17": {"time": 25007.015625, "Lat": 24.8011637, "Lon": 114.0045047, "geometric_height": 23400, "TId": "CSZ9804", "gsp": 380.1, "tan": 184.3780518}, "windSpd_kt": 74.866, "windDir_deg": 85.906, "temperature_K": 515.596, "address": "781535", "createdAt": "06:56:48.774361"}