{"time": 24564.628966166, "bds50": {"value": {"rol": -0.5, "tan": 246.973, "gsp": 400, "tanR": -0.062, "tas": 452}, "time": 24564.628966166, "msg": "02188d06965765fbcb16829100a8001935ffbafb323ff4e2780c4c"}, "bds60": {"value": {"mhd": 249.434, "ias": 282, "mach": 0.748, "bar": -96, "ivv": 0}, "time": 24563.427404965, "msg": "02188d0696571e5d6ca5829100a000133cd8ba352effec00780c4c"}, "df17": {"time": 24564.4296875, "Lat": 22.0393896, "Lon": 112.7718687, "geometric_height": 31800, "TId": "CES5199", "gsp": 399.7, "tan": 247.0275879}, "windSpd_kt": 55.114, "windDir_deg": 87.592, "temperature_K": 480.764, "address": "780c4c", "createdAt": 