{"time": 24570.80506773, "bds50": {"value": {"rol": -0.4, "tan": 263.672, "gsp": 348, "tanR": 0.0, "tas": 382}, "time": 24570.80506773, "msg": "02188d069658d61b9fd2819a00a8000e94ffdbb92ba004bf79a054"}, "bds60": {"value": {"mhd": 266.309, "ias": 280, "mach": 0.604, "bar": -1760, "ivv": -1824}, "time": 24570.794773337, "msg": "02188d069658d57e8b59819800a0000c9fdeba3125fe4fc779a054"}, "df17": {"time": 24570.453125, "Lat": 22.8636003, "Lon": 115.031147, "geometric_height": 20475, "TId": "CSN6325", "gsp": 348.0, "tan": 263.7322998}, "windSpd_kt": 37.915, "windDir_deg": 111.288, "temperature_K": 526.636, "address": "79a054", "createdAt": 