{"time": 25010.810005972, "bds50": {"value": {"rol": 8.3, "tan": 63.633, "gsp": 158, "tanR": 0.938, "tas": 168}, "time": 25009.891302985, "msg": "02188d0696bf11afde49808500a80018b785f2d513e0f454780a71"}, "bds60": {"value": {"mhd": 71.543, "ias": 161, "mach": 0.256, "bar": -896, "ivv": -864}, "time": 25010.810005972, "msg": "02188d0696bf487229d4808b00a000021a997943103f27e5780a71"}, "df17": {"time": 25010.796875, "Lat": 22.2649741, "Lon": 113.7577844, "geometric_height": 2750, "TId": "HKE553", "gsp": 157.3, "tan": 63.5998535}, "windSpd_kt": 24.599, "windDir_deg": -46.338, "temperature_K": 567.018, "address": "780a71", "createdAt": "06:56:50.842052"}