{"time": 24680.401186097, "bds50": {"value": {"rol": 0.5, "tan": 262.969, "gsp": 398, "tanR": null, "tas": 466}, "time": 24679.812819081, "msg": "02188d0696723779e889819a00a800073b807bb131fffce970801b"}, "bds60": {"value": {"mhd": 262.793, "ias": 272, "mach": 0.784, "bar": 32, "ivv": 0}, "time": 24680.401186097, "msg": "02188d0696725a8bad3190a600a00015bcdd7a2131200c0070801b"}, "df17": {"time": 24679.3203125, "Lat": 23.0269146, "Lon": 111.1695814, "geometric_height": 35875, "TId": "LAO922", "gsp": 397.9, "tan": 263.0731201}, "windSpd_kt": 68.013, "windDir_deg": 81.763, "temperature_K": 465.154, "address": "70801b", "createdAt": 