{"time": 24687.822204232, "bds50": {"value": {"rol": 0.2, "tan": 37.266, "gsp": 410, "tanR": 0.0, "tas": 380}, "time": 24686.427224345, "msg": "02188d069673c1b9b91980a600a80014b28031a9336004be780fc7"}, "bds60": {"value": {"mhd": 36.035, "ias": 279, "mach": 0.6, "bar": 2016, "ivv": 1856}, "time": 24687.822204232, "msg": "02188d06967414df6d48818900a0000c9c8cda2f25a1fc3a780fc7"}, "df17": {"time": 24685.953125, "Lat": 23.7645864, "Lon": 114.4208908, "geometric_height": 20225, "TId": "CSN3501", "gsp": 408.9, "tan": 37.3480225}, "windSpd_kt": 31.176, "windDir_deg": 52.447, "temperature_K": 528.108, "address": "780fc7", "createdAt": 