{"time": 25117.511053705, "bds50": {"value": {"rol": -1.1, "tan": 174.199, "gsp": 260, "tanR": 0.0, "tas": 272}, "time": 25117.073482272, "msg": "02188d0696d8063e2220807200a8281ca5ff57bf20a004888880ca"}, "bds60": {"value": {"mhd": 176.66, "ias": 247, "mach": 0.416, "bar": 1856, "ivv": 1824}, "time": 25117.511053705, "msg": "02188d0696d82052f189807200a0280430bed9ef1a21d4398880ca"}, "df17": {"time": 25117.515625, "Lat": 22.2743511, "Lon": 114.0708947, "geometric_height": 6075, "TId": "HVN593", "gsp": 259.5, "tan": 174.0234375}, "windSpd_kt": 16.567, "windDir_deg": 39.029, "temperature_K": 562.872, "address": "8880ca", "createdAt": "06:58:37.544577"}