{"time": 24583.290432042, "bds50": {"value": {"rol": 25.0, "tan": 264.902, "gsp": 232, "tanR": 2.094, "tas": 226}, "time": 24582.64234784, "msg": "02188d06965b97aa2f40808800a800180a91dbc71d221c717801c2"}, "bds60": {"value": {"mhd": 270.0, "ias": 209, "mach": 0.344, "bar": -512, "ivv": -480}, "time": 24583.290432042, "msg": "02188d06965bbe4b2a2a807d00a000033fe009a315bf87f17801c2"}, "df17": {"time": 24582.8125, "Lat": 22.0571136, "Lon": 113.9182448, "geometric_height": 4925, "TId": "HDA207", "gsp": 232.0, "tan": 264.8034668}, "windSpd_kt": 21.233, "windDir_deg": -166.151, "temperature_K": 568.274, "address": "7801c2", "createdAt": 