{"time": 24689.156060952, "bds50": {"value": {"rol": 0.9, "tan": 70.312, "gsp": 186, "tanR": null, "tas": 188}, "time": 24689.156060952, "msg": "02188d06967464607718818400a8280ca880b321177ffc5e76aa77"}, "bds60": {"value": {"mhd": 72.598, "ias": 185, "mach": 0.284, "bar": 1280, "ivv": 1216}, "time": 24688.998510583, "msg": "02188d0696745afc6ff7807a00a028013699d97311e1442676aa77"}, "df17": {"time": 24689, "Lat": 22.3131466, "Lon": 113.9492941, "geometric_height": 1375, "TId": "JSA698", "gsp": 185.0, "tan": 70.0982666}, "windSpd_kt": 7.724, "windDir_deg": -33.549, "temperature_K": 576.948, "address": "76aa77", "createdAt": 