{"time": 25171.47343847, "bds50": {"value": {"rol": -0.4, "tan": 197.578, "gsp": 326, "tanR": 0.031, "tas": 340}, "time": 25171.47343847, "msg": "02188d0696e4b0bb9706828900a8001029ffd8c928e00caa78135d"}, "bds60": {"value": {"mhd": 203.027, "ias": 279, "mach": 0.52, "bar": 32, "ivv": 0}, "time": 25170.727054506, "msg": "02188d0696e4843eacaa828800a0000810c83a2f20a00c0078135d"}, "df17": {"time": 25171.4375, "Lat": 22.9550529, "Lon": 113.1665611, "geometric_height": 12350, "TId": "CSN3759", "gsp": 325.2, "tan": 197.545166}, "windSpd_kt": 34.608, "windDir_deg": 86.47, "temperature_K": 562.872, "address": "78135d", "createdAt": "06:59:31.508890"}