{"time": 24701.083963002, "bds50": {"value": {"rol": -1.8, "tan": 114.609, "gsp": 266, "tanR": -0.219, "tas": 274}, "time": 24701.083963002, "msg": "02188d0696772b55ce7a806e00a82809bbfed519217fcc8978115c"}, "bds60": {"value": {"mhd": 119.707, "ias": 251, "mach": 0.416, "bar": 3520, "ivv": 3552}, "time": 24700.696151715, "msg": "02188d069677143846a3806600a02803b7aa99f71a23746f78115c"}, "df17": {"time": 24700.71875, "Lat": 22.3330164, "Lon": 114.0756798, "geometric_height": 5475, "TId": "CCA112", "gsp": 266.3, "tan": 114.642334}, "windSpd_kt": 25.311, "windDir_deg": 8.751, "temperature_K": 571.178, "address": "78115c", "createdAt": 