{"time": 25005.708139736, "bds50": {"value": {"rol": 0.5, "tan": 70.84, "gsp": 396, "tanR": 0.0, "tas": 378}, "time": 25005.708139736, "msg": "02188d0696be1859dcd8808400a800048c80732731a004bd78029d"}, "bds60": {"value": {"mhd": 73.477, "ias": 313, "mach": 0.576, "bar": 864, "ivv": 736}, "time": 25005.209882982, "msg": "02188d0696bdfaa71166808400a000079d9a2a732420dc1778029d"}, "df17": {"time": 25005.375, "Lat": 22.870338, "Lon": 114.0752935, "geometric_height": 11925, "TId": "CSZ9847", "gsp": 394.6, "tan": 70.9222412}, "windSpd_kt": 25.318, "windDir_deg": 27.455, "temperature_K": 567.018, "address": "78029d", "createdAt": "06:56:45.750157"}