{"time": 24602.519964147, "bds50": {"value": {"rol": 0.2, "tan": 246.621, "gsp": 398, "tanR": 0.031, "tas": 452}, "time": 24602.510967209, "msg": "02188d06966037ed41a9919100a8001935803af731e00ce2780c4c"}, "bds60": {"value": {"mhd": 249.082, "ias": 281, "mach": 0.748, "bar": 32, "ivv": 0}, "time": 24602.519964147, "msg": "02188d069660387689f3819200a000133cd89a332ee00c00780c4c"}, "df17": {"time": 24600.0390625, "Lat": 22.0134044, "Lon": 112.7069378, "geometric_height": 31800, "TId": "CES5199", "gsp": 398.6, "tan": 246.6485596}, "windSpd_kt": 56.99, "windDir_deg": 86.532, "temperature_K": 480.764, "address": "780c4c", "createdAt": 