{"time": 25191.499954963, "bds50": {"value": {"rol": -0.5, "tan": 221.836, "gsp": 360, "tanR": null, "tas": 384}, "time": 25190.310786978, "msg": "02188d0696e91386b7a2819100a8001c3cffb9dd2d3ffcc07807ac"}, "bds60": {"value": {"mhd": 226.055, "ias": 300, "mach": 0.596, "bar": -1056, "ivv": -1056}, "time": 25191.499954963, "msg": "02188d0696e95a67fb13918f00a0000a1ad06a59257effdf7807ac"}, "df17": {"time": 25190.5078125, "Lat": 23.6275792, "Lon": 113.4750366, "geometric_height": 16025, "TId": "CSZ9876", "gsp": 361.2, "tan": 221.8579102}, "windSpd_kt": 36.404, "windDir_deg": 92.735, "temperature_K": 546.548, "address": "7807ac", "createdAt": "06:59:51.535512"}