{"time": 24699.085757985, "bds50": {"value": {"rol": -0.4, "tan": 310.605, "gsp": 346, "tanR": 0.0, "tas": 352}, "time": 24698.969450099, "msg": "02188d069676ad4ce673818b00a80013a7ffddcf2b6004b07813f7"}, "bds60": {"value": {"mhd": 310.078, "ias": 288, "mach": 0.54, "bar": -1024, "ivv": -832}, "time": 24699.085757985, "msg": "02188d069676b43b9e21828b00a000081aee4a4121ff07e67813f7"}, "df17": {"time": 24698.8203125, "Lat": 23.1149125, "Lon": 113.820312, "geometric_height": 12675, "TId": "CSN3092", "gsp": 345.4, "tan": 310.6549072}, "windSpd_kt": 6.805, "windDir_deg": 102.194, "temperature_K": 559.442, "address": "7813f7", "createdAt": 