{"time": 24709.189358008, "bds50": {"value": {"rol": -0.2, "tan": 150.645, "gsp": 430, "tanR": 0.0, "tas": 430}, "time": 24709.181480199, "msg": "02188d0696790dfc1d07828c00a8000e21fff6b335e004d77809df"}, "bds60": {"value": {"mhd": 159.082, "ias": 287, "mach": 0.696, "bar": 480, "ivv": 544}, "time": 24709.189358008, "msg": "02188d0696790e7451b8809200a0001099b89a3f2ba07c117809df"}, "df17": {"time": 24708.4921875, "Lat": 21.8674493, "Lon": 113.6257982, "geometric_height": 27075, "TId": "CSN319", "gsp": 429.3, "tan": 150.567627}, "windSpd_kt": 63.262, "windDir_deg": 64.864, "temperature_K": 502.546, "address": "7809df", "createdAt": 