{"time": 25101.86361997, "bds50": {"value": {"rol": -0.2, "tan": 183.516, "gsp": 384, "tanR": 0.0, "tas": 386}, "time": 25101.856144225, "msg": "02188d0696d47b37fb61829400a80009abfff829302004c1780126"}, "bds60": {"value": {"mhd": 189.668, "ias": 303, "mach": 0.6, "bar": 2720, "ivv": 2688}, "time": 25101.86361997, "msg": "02188d0696d47baa0d82808800a0000a11c37a5f25a2ac54780126"}, "df17": {"time": 25101.0703125, "Lat": 21.5731359, "Lon": 114.0437722, "geometric_height": 15700, "TId": "HDA694", "gsp": 383.6, "tan": 183.5870361}, "windSpd_kt": 41.367, "windDir_deg": 93.825, "temperature_K": 544.916, "address": "780126", "createdAt": "06:58:21.904821"}