{"time": 25011.892523694, "bds50": {"value": {"rol": 0.2, "tan": 235.898, "gsp": 388, "tanR": null, "tas": 434}, "time": 25011.892523694, "msg": "02188d0696bf88f812ae82a700a8001935803a7d30bffcd9780c4c"}, "bds60": {"value": {"mhd": 238.359, "ias": 290, "mach": 0.704, "bar": 32, "ivv": -32}, "time": 25011.352353949, "msg": "02188d0696bf68c5bc9d80a100a0001098d4ca452c200fff780c4c"}, "df17": {"time": 25010.7890625, "Lat": 21.6775274, "Lon": 111.9971824, "geometric_height": 27025, "TId": "CES5199", "gsp": 388.9, "tan": 235.9039307}, "windSpd_kt": 49.261, "windDir_deg": 78.127, "temperature_K": 500.37, "address": "780c4c", "createdAt": "06:56:51.915077"}