{"time": 24649.322536354, "bds50": {"value": {"rol": 0.0, "tan": 331.875, "gsp": 356, "tanR": 0.0, "tas": 368}, "time": 24649.308545472, "msg": "02188d06966b1d47a1c0808300a0000b31801ec12ca004b8780bcf"}, "bds60": {"value": {"mhd": 329.414, "ias": 279, "mach": 0.576, "bar": -960, "ivv": -928}, "time": 24649.322536354, "msg": "02188d06966b1e1d1da2808500a0000b31f52a2f243f17e3780bcf"}, "df17": {"time": 24649.3046875, "Lat": 22.1191049, "Lon": 114.0037966, "geometric_height": 17975, "TId": "CSN3070", "gsp": 355.7, "tan": 331.9958496}, "windSpd_kt": 19.638, "windDir_deg": 98.3, "temperature_K": 537.414, "address": "780bcf", "createdAt": 