{"time": 25070.205083972, "bds50": {"value": {"rol": -0.4, "tan": 195.82, "gsp": 416, "tanR": 0.0, "tas": 458}, "time": 25068.883274396, "msg": "02188d0696cccde1ea9c809100a8000004ffd8b5342004e5789226"}, "bds60": {"value": {"mhd": 205.664, "ias": 296, "mach": 0.744, "bar": 96, "ivv": 32}, "time": 25070.205083972, "msg": "02188d0696cd1cab2144818b00a00011b8c92a512ea01c01789226"}, "df17": {"time": 25070, "Lat": 23.9395308, "Lon": 113.9883471, "geometric_height": 29050, "TId": "CRK337", "gsp": 416.8, "tan": 195.869751}, "windSpd_kt": 85.874, "windDir_deg": 81.58, "temperature_K": 498.934, "address": "789226", "createdAt": "06:57:50.242499"}