{"time": 25303.532535658, "bds50": {"value": {"rol": -0.2, "tan": 268.242, "gsp": 366, "tanR": 0.0, "tas": 408}, "time": 25303.524694242, "msg": "02188d0697036f99d8e2829000a0000f92fffbed2de004cc789207"}, "bds60": {"value": {"mhd": 267.891, "ias": 280, "mach": 0.656, "bar": -1280, "ivv": -1312}, "time": 25303.532535658, "msg": "02188d06970370117f6a918f00a0000f92df4a31293ec7d7789207"}, "df17": {"time": 25303.1171875, "Lat": 22.2921824, "Lon": 115.6715512, "geometric_height": 25275, "TId": "HKE619", "gsp": 367.2, "tan": 268.2806396}, "windSpd_kt": 42.067, "windDir_deg": 84.836, "temperature_K": 509.296, "address": "789207", "createdAt": "07:01:43.572391"}