{"time": 25028.357037705, "bds50": {"value": {"rol": -0.4, "tan": 211.992, "gsp": 404, "tanR": null, "tas": 458}, "time": 25028.357037705, "msg": "02188d0696c35e549e89808e00a000171cffd96d32bffce578122c"}, "bds60": {"value": {"mhd": 220.781, "ias": 259, "mach": 0.784, "bar": -64, "ivv": 0}, "time": 25027.482257296, "msg": "02188d0696c32a308790809b00a000171cce8a07313ff40078122c"}, "df17": {"time": 25028.3203125, "Lat": 23.2918954, "Lon": 113.6460972, "geometric_height": 38125, "TId": "CES5602", "gsp": 404.7, "tan": 212.0800781}, "windSpd_kt": 85.214, "windDir_deg": 87.201, "temperature_K": 449.32, "address": "78122c", "createdAt": "06:57:08.397010"}