{"time": 24701.293889178, "bds50": {"value": {"rol": -13.7, "tan": 126.562, "gsp": 184, "tanR": -1.469, "tas": 192}, "time": 24700.698104015, "msg": "02188d069677145610cf808500a80010b4f655a1173e8c607812a0"}, "bds60": {"value": {"mhd": 127.793, "ias": 183, "mach": 0.292, "bar": -768, "ivv": -800}, "time": 24701.293889178, "msg": "02188d06967737d9069a808700a0000295ad796f127f47e77812a0"}, "df17": {"time": 24701.171875, "Lat": 22.4629426, "Lon": 113.7801003, "geometric_height": 3375, "TId": "CHH7709", "gsp": 184.4, "tan": 126.6229248}, "windSpd_kt": 8.961, "windDir_deg": -26.033, "temperature_K": 569.238, "address": "7812a0", "createdAt": 