{"time": 24691.251937397, "bds50": {"value": {"rol": -0.2, "tan": 268.066, "gsp": 362, "tanR": 0.0, "tas": 394}, "time": 24690.952087588, "msg": "02188d069674cf6da824809000a8000e2efffbeb2d6004c5789211"}, "bds60": {"value": {"mhd": 269.648, "ias": 299, "mach": 0.612, "bar": -1824, "ivv": -1856}, "time": 24691.251937397, "msg": "02188d069674e14d0075808e00a0000b1ddfea57267e3fc6789211"}, "df17": {"time": 24689.2265625, "Lat": 22.2753382, "Lon": 115.0973225, "geometric_height": 17950, "TId": "CRK611", "gsp": 363.2, "tan": 268.1048584}, "windSpd_kt": 33.656, "windDir_deg": 106.922, "temperature_K": 545.692, "address": "789211", "createdAt": 