{"time": 25012.179264681, "bds50": {"value": {"rol": 0.5, "tan": 185.977, "gsp": 218, "tanR": null, "tas": 222}, "time": 25012.172029211, "msg": "02188d0696bf99a0fd1b808a00a000033d8078451b40046f780cb1"}, "bds60": {"value": {"mhd": 189.844, "ias": 206, "mach": 0.34, "bar": -256, "ivv": 480}, "time": 25012.179264681, "msg": "02188d0696bf9a0f64a9808a00a000033dc3899d157fc40f780cb1"}, "df17": {"time": 25011.421875, "Lat": 23.1014585, "Lon": 113.3627272, "geometric_height": 4825, "TId": "CSN300", "gsp": 219.3, "tan": 186.0205078}, "windSpd_kt": 15.374, "windDir_deg": 82.839, "temperature_K": 561.314, "address": "780cb1", "createdAt": "06:56:52.202775"}