{"time": 24603.233267671, "bds50": {"value": {"rol": -1.4, "tan": 70.137, "gsp": 168, "tanR": -0.188, "tas": 176}, "time": 24602.030917825, "msg": "02188d0696601b5048c1828f00a82809bbff131f153fd45878115c"}, "bds60": {"value": {"mhd": 72.949, "ias": 169, "mach": 0.268, "bar": 2848, "ivv": 2912}, "time": 24603.233267671, "msg": "02188d06966062faafd7807300a000021e99f95310e2cc5b78115c"}, "df17": {"time": 24603.0078125, "Lat": 22.320056, "Lon": 113.975172, "geometric_height": 2775, "TId": "CCA112", "gsp": 166.1, "tan": 69.9279785}, "windSpd_kt": 11.628, "windDir_deg": -61.913, "temperature_K": 567.824, "address": "78115c", "createdAt": 