{"time": 25165.772924488, "bds50": {"value": {"rol": 1.4, "tan": 38.32, "gsp": 260, "tanR": 0.094, "tas": 250}, "time": 25165.765786802, "msg": "02188d0696e35c87bcb2908100a000041f8111b520a01c7d7805d1"}, "bds60": {"value": {"mhd": 42.012, "ias": 228, "mach": 0.384, "bar": 256, "ivv": 160}, "time": 25165.772924488, "msg": "02188d0696e35cf4a648808100a000041f8ef9c9182044057805d1"}, "df17": {"time": 25165.7734375, "Lat": 22.2957659, "Lon": 113.6544871, "geometric_height": 6125, "TId": "CQH8616", "gsp": 258.4, "tan": 38.2434082}, "windSpd_kt": 19.23, "windDir_deg": -18.519, "temperature_K": 558.052, "address": "7805d1", "createdAt": "06:59:25.802872"}