{"time": 25216.830269422, "bds50": {"value": {"rol": 0.5, "tan": 184.219, "gsp": 304, "tanR": 0.125, "tas": 312}, "time": 25216.275841664, "msg": "02188d0696ef1f2a0280807d00a8001ca58078312620249c8880ca"}, "bds60": {"value": {"mhd": 187.031, "ias": 281, "mach": 0.48, "bar": -128, "ivv": 64}, "time": 25216.830269422, "msg": "02188d0696ef4035e7ee807a00a00004b7c28a331e3fe4028880ca"}, "df17": {"time": 25216.6640625, "Lat": 22.1395111, "Lon": 114.0848207, "geometric_height": 7100, "TId": "HVN593", "gsp": 302.8, "tan": 184.3560791}, "windSpd_kt": 17.1, "windDir_deg": 67.741, "temperature_K": 556.268, "address": "8880ca", "createdAt": "07:00:16.867471"}