{"time": 24650.300125326, "bds50": {"value": {"rol": -0.4, "tan": 339.785, "gsp": 424, "tanR": 0.0, "tas": 426}, "time": 24650.300125326, "msg": "02188d06966b5861f08e90a600a8001912ffdf1b352004d5780abc"}, "bds60": {"value": {"mhd": 337.5, "ias": 270, "mach": 0.696, "bar": -1984, "ivv": -1760}, "time": 24649.126239782, "msg": "02188d06966b1269de2680ac00a0001239f80a1d2bbe17c9780abc"}, "df17": {"time": 24649.3515625, "Lat": 20.8721995, "Lon": 115.1128578, "geometric_height": 30125, "TId": "CPA134", "gsp": 423.0, "tan": 339.8071289}, "windSpd_kt": 17.066, "windDir_deg": 75.371, "temperature_K": 493.24, "address": "780abc", "createdAt": 