{"time": 25225.219119438, "bds50": {"value": {"rol": 0.0, "tan": 245.039, "gsp": 444, "tanR": 0.0, "tas": 492}, "time": 25225.105456939, "msg": "02188d0696f12d733f2b819e00a8000e3b801ae537a004f686d974"}, "bds60": {"value": {"mhd": 245.215, "ias": 261, "mach": 0.856, "bar": 0, "ivv": -32}, "time": 25225.219119438, "msg": "02188d0696f13439994e819c00a0001998d73a0b35a007ff86d974"}, "df17": {"time": 25221.984375, "Lat": 19.6508288, "Lon": 113.9534354, "geometric_height": 42325, "TId": "JAL737", "gsp": 442.5, "tan": 245.0006104}, "windSpd_kt": 48.021, "windDir_deg": 66.842, "temperature_K": 434.952, "address": "86d974", "createdAt": "07:00:25.259637"}