{"time": 25073.943290198, "bds50": {"value": {"rol": 0.2, "tan": 184.043, "gsp": 340, "tanR": 0.0, "tas": 350}, "time": 25073.943290198, "msg": "02188d0696cdfb7ba156808000a8000ca880382f2aa004af76aa77"}, "bds60": {"value": {"mhd": 187.383, "ias": 297, "mach": 0.532, "bar": 2016, "ivv": 2048}, "time": 25073.926069213, "msg": "02188d0696cdfa74dbdd817900a00006b0c2aa532161fc4076aa77"}, "df17": {"time": 25073.5625, "Lat": 21.9289899, "Lon": 114.0690494, "geometric_height": 10275, "TId": "JSA698", "gsp": 339.9, "tan": 184.0484619}, "windSpd_kt": 22.456, "windDir_deg": 69.282, "temperature_K": 569.864, "address": "76aa77", "createdAt": "06:57:53.995407"}