{"time": 25049.815562621, "bds50": {"value": {"rol": 0.0, "tan": 267.715, "gsp": 264, "tanR": 0.0, "tas": 278}, "time": 25049.815562621, "msg": "02188d0696c85d5bb97d808700a828160f801be72120048b780a49"}, "bds60": {"value": {"mhd": 268.77, "ias": 230, "mach": 0.424, "bar": 96, "ivv": 0}, "time": 25049.798461762, "msg": "02188d0696c85c56c942808200a0280790df99cd1aa01c00780a49"}, "df17": {"time": 25049.5625, "Lat": 22.2489882, "Lon": 114.3214345, "geometric_height": 11550, "TId": "CPA495", "gsp": 264.3, "tan": 267.6159668}, "windSpd_kt": 14.862, "windDir_deg": 107.86, "temperature_K": 565.998, "address": "780a49", "createdAt": "06:57:29.853629"}