{"time": 24678.469492872, "bds50": {"value": {"rol": 0.5, "tan": 149.941, "gsp": 426, "tanR": 0.031, "tas": 430}, "time": 24677.471836556, "msg": "02188d069671abf1598c808700a00010368076ab35600cd77809df"}, "bds60": {"value": {"mhd": 158.555, "ias": 290, "mach": 0.696, "bar": 640, "ivv": 896}, "time": 24678.469492872, "msg": "02188d069671e7686088808900a0001037b86a452ba0a41c7809df"}, "df17": {"time": 24678.1640625, "Lat": 21.9199133, "Lon": 113.5938478, "geometric_height": 26600, "TId": "CSN319", "gsp": 426.9, "tan": 150.0732422}, "windSpd_kt": 64.41, "windDir_deg": 60.698, "temperature_K": 502.546, "address": "7809df", "createdAt": 