{"time": 24660.845834745, "bds50": {"value": {"rol": 0.2, "tan": 145.195, "gsp": 252, "tanR": 0.031, "tas": 260}, "time": 24660.845834745, "msg": "02188d06966dccf4b1f9808400a8000a168036751fa00c82780296"}, "bds60": {"value": {"mhd": 149.59, "ias": 240, "mach": 0.396, "bar": 32, "ivv": 0}, "time": 24660.839230511, "msg": "02188d06966dcc8fec2f808300a0000392b539e118e00c00780296"}, "df17": {"time": 24660.4296875, "Lat": 22.6329088, "Lon": 113.6496377, "geometric_height": 4925, "TId": "CSN6889", "gsp": 251.4, "tan": 145.0469971}, "windSpd_kt": 21.197, "windDir_deg": 35.237, "temperature_K": 567.562, "address": "780296", "createdAt": 