{"time": 24711.640063536, "bds50": {"value": {"rol": -0.2, "tan": 8.438, "gsp": 388, "tanR": 0.0, "tas": 378}, "time": 24711.142240154, "msg": "02188d06967982daef9a908c00a8001812fff06130a004bd780c75"}, "bds60": {"value": {"mhd": 7.91, "ias": 300, "mach": 0.584, "bar": -576, "ivv": -576}, "time": 24711.640063536, "msg": "02188d069679a0871e30908c00a000099182da5924bf77ee780c75"}, "df17": {"time": 24711.2265625, "Lat": 22.6875186, "Lon": 113.9184165, "geometric_height": 15025, "TId": "CSN644", "gsp": 388.3, "tan": 8.4429932}, "windSpd_kt": 10.604, "windDir_deg": 27.614, "temperature_K": 551.59, "address": "780c75", "createdAt": 