{"time": 24631.71803221, "bds50": {"value": {"rol": 0.0, "tan": 339.609, "gsp": 452, "tanR": null, "tas": 454}, "time": 24631.607756311, "msg": "02188d069666fe3b0617818d00a0001130801f1938bffce37809e4"}, "bds60": {"value": {"mhd": 334.863, "ias": 300, "mach": 0.74, "bar": 0, "ivv": 0}, "time": 24631.71803221, "msg": "02188d06966704cdb352818d00a0001130f71a592e6004007809e4"}, "df17": {"time": 24631.203125, "Lat": 23.2802224, "Lon": 113.8344312, "geometric_height": 28075, "TId": "CSN8549", "gsp": 451.8, "tan": 339.8016357}, "windSpd_kt": 37.566, "windDir_deg": 70.285, "temperature_K": 495.572, "address": "7809e4", "createdAt": 