{"time": 24602.45497829, "bds50": {"value": {"rol": 0.9, "tan": 281.074, "gsp": 238, "tanR": 0.031, "tas": 228}, "time": 24602.45497829, "msg": "02188d0696603496eef2807f00a800180a80bc7f1de00c727801c2"}, "bds60": {"value": {"mhd": 280.195, "ias": 211, "mach": 0.344, "bar": -416, "ivv": -416}, "time": 24601.803245283, "msg": "02188d0696600dbe46e3907c00a000033be3a9a715bf9ff37801c2"}, "df17": {"time": 24602.1796875, "Lat": 22.0598388, "Lon": 113.8957143, "geometric_height": 4800, "TId": "HDA207", "gsp": 237.5, "tan": 281.1676025}, "windSpd_kt": 10.619, "windDir_deg": -59.695, "temperature_K": 578.376, "address": "7801c2", "createdAt": 