{"time": 25108.806025653, "bds50": {"value": {"rol": 0.5, "tan": 263.672, "gsp": 372, "tanR": null, "tas": 412}, "time": 25108.798564785, "msg": "02188d0696d61904e9b1809000a8001125807bb92ebffcce7805e0"}, "bds60": {"value": {"mhd": 266.66, "ias": 296, "mach": 0.656, "bar": -2624, "ivv": -2528}, "time": 25108.806025653, "msg": "02188d0696d61976c1b5809100a0000d9ddeda51293d77b17805e0"}, "df17": {"time": 25108.5859375, "Lat": 22.9043055, "Lon": 115.4277062, "geometric_height": 22125, "TId": "CXA8643", "gsp": 373.3, "tan": 263.6938477}, "windSpd_kt": 44.908, "windDir_deg": 112.242, "temperature_K": 519.332, "address": "7805e0", "createdAt": "06:58:28.841923"}