{"time": 25162.183197633, "bds50": {"value": {"rol": -0.4, "tan": 229.57, "gsp": 418, "tanR": null, "tas": 470}, "time": 25161.335098331, "msg": "02188d0696e25470cbdb829400a02815bcffda35347ffceb781591"}, "bds60": {"value": {"mhd": 234.316, "ias": 276, "mach": 0.796, "bar": 96, "ivv": 0}, "time": 25162.183197633, "msg": "02188d0696e286fdc3c1819100a8280c28d35a2931e01c00781591"}, "df17": {"time": 25161.2109375, "Lat": 21.5627074, "Lon": 111.7348194, "geometric_height": 36100, "TId": "CHH7260", "gsp": 418.6, "tan": 229.65271}, "windSpd_kt": 63.649, "windDir_deg": 87.229, "temperature_K": 459.016, "address": "781591", "createdAt": "06:59:22.224015"}