{"time": 24685.602580199, "bds50": {"value": {"rol": 0.4, "tan": 218.672, "gsp": 236, "tanR": null, "tas": 240}, "time": 24685.602580199, "msg": "02188d0696739092a6e7808600a8001f2e8059b91d800478780170"}, "bds60": {"value": {"mhd": 220.078, "ias": 211, "mach": 0.368, "bar": -736, "ivv": -768}, "time": 24685.585323193, "msg": "02188d0696738f8b54b9807f00a000059ece49a7173f4fe8780170"}, "df17": {"time": 24684.8046875, "Lat": 22.0638514, "Lon": 113.9727688, "geometric_height": 8575, "TId": "CPA543", "gsp": 236.9, "tan": 218.6608887}, "windSpd_kt": 7.079, "windDir_deg": 94.97, "temperature_K": 559.996, "address": "780170", "createdAt": 