{"time": 24711.859319471, "bds50": {"value": {"rol": -0.2, "tan": 259.102, "gsp": 324, "tanR": 0.0, "tas": 354}, "time": 24710.836734883, "msg": "02188d06967970a54ba3809900a8000e94fffb8528a004b179a054"}, "bds60": {"value": {"mhd": 262.09, "ias": 276, "mach": 0.548, "bar": -1504, "ivv": -1568}, "time": 24711.859319471, "msg": "02188d069679ad98b2af808400a00009bfdd3a29227e8fcf79a054"}, "df17": {"time": 24711.3828125, "Lat": 22.835083, "Lon": 114.7960997, "geometric_height": 15775, "TId": "CSN6325", "gsp": 323.9, "tan": 259.1400146}, "windSpd_kt": 34.812, "windDir_deg": 111.113, "temperature_K": 549.418, "address": "79a054", "createdAt": 