{"time": 25232.70132809, "bds50": {"value": {"rol": 0.0, "tan": 227.285, "gsp": 408, "tanR": 0.0, "tas": 458}, "time": 25231.847485216, "msg": "02188d0696f2bf4e6f2090a000a8001098801a1b332004e5780add"}, "bds60": {"value": {"mhd": 231.152, "ias": 286, "mach": 0.76, "bar": -64, "ivv": 0}, "time": 25232.70132809, "msg": "02188d0696f2f2330ada81a400a000133cd23a3d2fbff400780add"}, "df17": {"time": 25232.3984375, "Lat": 22.0325232, "Lon": 112.3610187, "geometric_height": 31825, "TId": "CES5736", "gsp": 408.3, "tan": 227.2851562}, "windSpd_kt": 57.887, "windDir_deg": 79.533, "temperature_K": 478.148, "address": "780add", "createdAt": "07:00:32.734515"}