{"time": 25175.217690547, "bds50": {"value": {"rol": -0.2, "tan": 262.441, "gsp": 406, "tanR": 0.0, "tas": 462}, "time": 25175.217690547, "msg": "02188d0696e58fe857b3819000a8000925fffbab32e004e77809c2"}, "bds60": {"value": {"mhd": 262.793, "ias": 311, "mach": 0.752, "bar": -64, "ivv": -32}, "time": 25175.206019997, "msg": "02188d0696e58f36439d819000a0001098dd7a6f2f3ff7ff7809c2"}, "df17": {"time": 25174.9609375, "Lat": 23.3222151, "Lon": 115.7863927, "geometric_height": 27025, "TId": "CES2476", "gsp": 407.6, "tan": 262.3864746}, "windSpd_kt": 56.063, "windDir_deg": 85.343, "temperature_K": 496.942, "address": "7809c2", "createdAt": "06:59:35.269623"}