{"time": 25279.030326199, "bds50": {"value": {"rol": 0.0, "tan": 334.512, "gsp": 436, "tanR": null, "tas": 436}, "time": 25279.030326199, "msg": "02188d0696fdbb9f73b7809000a80009bb801edf36bffcda78115c"}, "bds60": {"value": {"mhd": 331.348, "ias": 298, "mach": 0.704, "bar": 320, "ivv": 256}, "time": 25278.879961753, "msg": "02188d0696fdb2a91299818900a0000fbff5da552c20540878115c"}, "df17": {"time": 25278.5, "Lat": 22.8747797, "Lon": 113.963027, "geometric_height": 25950, "TId": "CCA112", "gsp": 434.8, "tan": 334.3798828}, "windSpd_kt": 24.074, "windDir_deg": 62.93, "temperature_K": 504.994, "address": "78115c", "createdAt": "07:01:19.072131"}