{"time": 25191.191008615, "bds50": {"value": {"rol": 0.7, "tan": 260.156, "gsp": 348, "tanR": 0.031, "tas": 364}, "time": 25191.191008615, "msg": "02188d0696e947fdd567818e00a8001e91809b912ba00cb6780e17"}, "bds60": {"value": {"mhd": 262.441, "ias": 291, "mach": 0.56, "bar": -1056, "ivv": -1024}, "time": 25190.84534362, "msg": "02188d0696e933636784819000a0000915dd5a47233effe0780e17"}, "df17": {"time": 25190.7109375, "Lat": 22.8102779, "Lon": 114.6631908, "geometric_height": 14350, "TId": "CDC8835", "gsp": 348.0, "tan": 260.2386475}, "windSpd_kt": 21.388, "windDir_deg": 122.886, "temperature_K": 556.268, "address": "780e17", "createdAt": "06:59:51.237577"}