{"time": 24657.968398572, "bds50": {"value": {"rol": -0.4, "tan": 226.406, "gsp": 406, "tanR": null, "tas": 462}, "time": 24657.968398572, "msg": "02188d06966d217280ec81a400a8000925ffda1132fffce77809c2"}, "bds60": {"value": {"mhd": 230.977, "ias": 311, "mach": 0.748, "bar": 32, "ivv": 0}, "time": 24657.96021696, "msg": "02188d06966d20f5a98081a300a0001098d22a6f2ee00c007809c2"}, "df17": {"time": 24654.3046875, "Lat": 23.4920096, "Lon": 116.8257165, "geometric_height": 27000, "TId": "CES2476", "gsp": 406.1, "tan": 226.3952637}, "windSpd_kt": 65.797, "windDir_deg": 80.433, "temperature_K": 502.272, "address": "7809c2", "createdAt": 