{"time": 25117.869858877, "bds50": {"value": {"rol": 0.5, "tan": 71.016, "gsp": 132, "tanR": 0.219, "tas": 140}, "time": 25116.890990941, "msg": "02188d0696d7fb5d895d808700a80018b780732910a03c46780a71"}, "bds60": {"value": {"mhd": 70.137, "ias": 138, "mach": 0.212, "bar": -672, "ivv": -640}, "time": 25117.869858877, "msg": "02188d0696d835b5e03d807e00a000013498f9150d7f5fec780a71"}, "df17": {"time": 25117.875, "Lat": 22.2890711, "Lon": 113.8301396, "geometric_height": 1350, "TId": "HKE553", "gsp": 133.2, "tan": 71.1584473}, "windSpd_kt": 8.267, "windDir_deg": -124.041, "temperature_K": 574.172, "address": "780a71", "createdAt": "06:58:37.910719"}