{"time": 24627.731081346, "bds50": {"value": {"rol": -0.2, "tan": 339.785, "gsp": 452, "tanR": null, "tas": 454}, "time": 24627.731081346, "msg": "02188d0696661729a882828c00a80004b3ffff1b38bffce37809e4"}, "bds60": {"value": {"mhd": 334.863, "ias": 300, "mach": 0.74, "bar": 0, "ivv": -32}, "time": 24627.722991724, "msg": "02188d06966616ae386c828c00a0001130f71a592e6007ff7809e4"}, "df17": {"time": 24627.71875, "Lat": 23.2733345, "Lon": 113.8367701, "geometric_height": 28075, "TId": "CSN8549", "gsp": 451.8, "tan": 339.8016357}, "windSpd_kt": 38.954, "windDir_deg": 70.264, "temperature_K": 495.572, "address": "7809e4", "createdAt": 