{"time": 25067.932399776, "bds50": {"value": {"rol": -0.5, "tan": 263.145, "gsp": 392, "tanR": null, "tas": 450}, "time": 25067.932399776, "msg": "02188d0696cc9534b8a0819c00a8000a31ffbbb3313ffce1888143"}, "bds60": {"value": {"mhd": 262.441, "ias": 272, "mach": 0.752, "bar": 96, "ivv": 0}, "time": 25067.297344115, "msg": "02188d0696cc6f5a8a73919a00a000149cdd5a212f201c00888143"}, "df17": {"time": 25067.0390625, "Lat": 22.8990912, "Lon": 110.1833653, "geometric_height": 33825, "TId": "VJC933", "gsp": 390.7, "tan": 263.237915}, "windSpd_kt": 58.229, "windDir_deg": 77.696, "temperature_K": 471.462, "address": "888143", "createdAt": "06:57:47.967653"}