{"time": 24684.80221415, "bds50": {"value": {"rol": 0.4, "tan": 37.266, "gsp": 408, "tanR": 0.0, "tas": 380}, "time": 24684.80221415, "msg": "02188d06967360de0906818a00a80014b28051a9332004be780fc7"}, "bds60": {"value": {"mhd": 36.035, "ias": 280, "mach": 0.6, "bar": 1632, "ivv": 1792}, "time": 24683.513856319, "msg": "02188d0696731413413f809300a0000c978cda3125a19c38780fc7"}, "df17": {"time": 24684.09375, "Lat": 23.7615609, "Lon": 114.4184446, "geometric_height": 20175, "TId": "CSN3501", "gsp": 408.9, "tan": 37.3480225}, "windSpd_kt": 29.25, "windDir_deg": 53.472, "temperature_K": 528.108, "address": "780fc7", "createdAt": 