{"time": 24574.246721282, "bds50": {"value": {"rol": -0.4, "tan": 24.082, "gsp": 498, "tanR": -0.094, "tas": 466}, "time": 24574.238532349, "msg": "02188d069659a2c222fd819600a0001530ffd1133e7fece988815e"}, "bds60": {"value": {"mhd": 22.5, "ias": 277, "mach": 0.784, "bar": -96, "ivv": 0}, "time": 24574.246721282, "msg": "02188d069659a33f1702829800a0001530880a2b313fec0088815e"}, "df17": {"time": 24572.6328125, "Lat": 20.569303, "Lon": 113.2367921, "geometric_height": 35025, "TId": "VJC5420", "gsp": 497.2, "tan": 24.0930176}, "windSpd_kt": 34.654, "windDir_deg": 45.874, "temperature_K": 465.154, "address": "88815e", "createdAt": 