{"time": 25208.176176293, "bds50": {"value": {"rol": 5.4, "tan": 234.141, "gsp": 396, "tanR": 0.219, "tas": 446}, "time": 25206.785538505, "msg": "02188d0696ece97f79c9828a00a80013bc83fa6931a03cdf78061f"}, "bds60": {"value": {"mhd": 238.887, "ias": 288, "mach": 0.732, "bar": 64, "ivv": 0}, "time": 25208.176176293, "msg": "02188d0696ed3c62eca5818900a0001218d4fa412de0140078061f"}, "df17": {"time": 25207.6875, "Lat": 22.5365853, "Lon": 115.9937596, "geometric_height": 29650, "TId": "CQH8615", "gsp": 396.2, "tan": 234.140625}, "windSpd_kt": 60.919, "windDir_deg": 91.423, "temperature_K": 488.77, "address": "78061f", "createdAt": "07:00:08.215760"}