{"time": 25238.936539879, "bds50": {"value": {"rol": 0.2, "tan": 268.066, "gsp": 372, "tanR": null, "tas": 404}, "time": 25238.936539879, "msg": "02188d0696f465d8d2e7808f00a8000b1f803beb2e8004ca780172"}, "bds60": {"value": {"mhd": 270.0, "ias": 304, "mach": 0.632, "bar": -1344, "ivv": -1376}, "time": 25238.888533062, "msg": "02188d0696f462fc4c46818b00a0000b9ee00a6127beb7d5780172"}, "df17": {"time": 25238.796875, "Lat": 22.2773337, "Lon": 115.1633263, "geometric_height": 18750, "TId": "CPA501", "gsp": 372.2, "tan": 268.1542969}, "windSpd_kt": 34.572, "windDir_deg": 111.293, "temperature_K": 538.006, "address": "780172", "createdAt": "07:00:38.975126"}