{"time": 24567.790528347, "bds50": {"value": {"rol": -0.4, "tan": 24.082, "gsp": 498, "tanR": null, "tas": 466}, "time": 24567.790528347, "msg": "02188d069658226d675b819700a80019b3ffd1133e7ffce988815e"}, "bds60": {"value": {"mhd": 22.676, "ias": 277, "mach": 0.78, "bar": -160, "ivv": 0}, "time": 24567.753009374, "msg": "02188d0696582030e8de819700a0001530881a2b30ffdc0088815e"}, "df17": {"time": 24566.5234375, "Lat": 20.5564499, "Lon": 113.2306981, "geometric_height": 35025, "TId": "VJC5420", "gsp": 497.2, "tan": 24.0930176}, "windSpd_kt": 34.114, "windDir_deg": 43.665, "temperature_K": 469.938, "address": "88815e", "createdAt": 