{"time": 24677.512507051, "bds50": {"value": {"rol": -0.2, "tan": 268.066, "gsp": 366, "tanR": 0.0, "tas": 396}, "time": 24677.512507051, "msg": "02188d069671ae5deeab808d00a8200e2efffbeb2de004c6789211"}, "bds60": {"value": {"mhd": 269.824, "ias": 300, "mach": 0.62, "bar": -1856, "ivv": -1888}, "time": 24677.505137348, "msg": "02188d069671aded7ac4818800a0200b3edffa5926fe37c5789211"}, "df17": {"time": 24677.15625, "Lat": 22.2760248, "Lon": 115.1190376, "geometric_height": 18350, "TId": "CRK611", "gsp": 366.3, "tan": 268.1213379}, "windSpd_kt": 32.194, "windDir_deg": 110.236, "temperature_K": 537.112, "address": "789211", "createdAt": 