{"time": 25301.646096088, "bds50": {"value": {"rol": -0.4, "tan": 1.582, "gsp": 450, "tanR": 0.0, "tas": 432}, "time": 25301.646096088, "msg": "02188d069702ffa0b6d8819a00a800049dffd013386004d87807dc"}, "bds60": {"value": {"mhd": 355.605, "ias": 273, "mach": 0.712, "bar": 2368, "ivv": 2208}, "time": 25301.63887528, "msg": "02188d069702ff328890819a00a00012bafe7a232ca254457807dc"}, "df17": {"time": 25299.8828125, "Lat": 24.5534563, "Lon": 113.4255981, "geometric_height": 30700, "TId": "CSN6274", "gsp": 452.2, "tan": 1.5216064}, "windSpd_kt": 49.372, "windDir_deg": 67.242, "temperature_K": 484.692, "address": "7807dc", "createdAt": "07:01:41.683808"}