{"time": 25140.51863247, "bds50": {"value": {"rol": -0.2, "tan": 320.098, "gsp": 200, "tanR": 0.0, "tas": 200}, "time": 25140.51863247, "msg": "02188d0696dd7baebc16807700a8000e94fffe3b1920046479a054"}, "bds60": {"value": {"mhd": 320.273, "ias": 178, "mach": 0.308, "bar": -1056, "ivv": -1056}, "time": 25140.449330107, "msg": "02188d0696dd778d43bb807700a0000519f1e965137effdf79a054"}, "df17": {"time": 25140.4765625, "Lat": 22.7675557, "Lon": 114.2032886, "geometric_height": 7600, "TId": "CSN6325", "gsp": 200.8, "tan": 320.0482178}, "windSpd_kt": 0.611, "windDir_deg": -129.815, "temperature_K": 555.158, "address": "79a054", "createdAt": "06:59:00.553268"}