{"time": 24713.638369845, "bds50": {"value": {"rol": 0.4, "tan": 1.406, "gsp": 480, "tanR": 0.0, "tas": 464}, "time": 24713.638369845, "msg": "02188d06967a17a2da3581a200a8000f388050113c2004e8780340"}, "bds60": {"value": {"mhd": 355.781, "ias": 298, "mach": 0.764, "bar": 640, "ivv": 736}, "time": 24713.630822761, "msg": "02188d06967a172fb16990a500a0001290fe8a552fe0a417780340"}, "df17": {"time": 24712.296875, "Lat": 25.0556731, "Lon": 113.4397388, "geometric_height": 30000, "TId": "AMU016", "gsp": 480.1, "tan": 1.3128662}, "windSpd_kt": 48.999, "windDir_deg": 69.559, "temperature_K": 485.632, "address": "780340", "createdAt": 