{"time": 24635.964345552, "bds50": {"value": {"rol": 0.2, "tan": 216.211, "gsp": 418, "tanR": 0.031, "tas": 454}, "time": 24635.056594838, "msg": "02188d069667cbcc1f96819000a8001da480399d34600ce370e063"}, "bds60": {"value": {"mhd": 220.957, "ias": 266, "mach": 0.768, "bar": -64, "ivv": 0}, "time": 24635.964345552, "msg": "02188d06966801e74cd0819b00a00015b8ce9a15303ff40070e063"}, "df17": {"time": 24633.3515625, "Lat": 20.1690745, "Lon": 113.3983254, "geometric_height": 36000, "TId": "MKR978", "gsp": 417.9, "tan": 216.2384033}, "windSpd_kt": 50.964, "windDir_deg": 83.692, "temperature_K": 460.094, "address": "70e063", "createdAt": 