{"time": 25168.113965054, "bds50": {"value": {"rol": -0.5, "tan": 333.457, "gsp": 154, "tanR": -0.062, "tas": 150}, "time": 25167.207764272, "msg": "02188d0696e3b27a9130818800a8001827ffbed3137ff44b781319"}, "bds60": {"value": {"mhd": 338.203, "ias": 147, "mach": 0.228, "bar": -992, "ivv": -1056}, "time": 25168.113965054, "msg": "02188d0696e3e87e17fe907b00a0000196f849270e7f0fdf781319"}, "df17": {"time": 25167.859375, "Lat": 22.5434303, "Lon": 113.8457179, "geometric_height": 1825, "TId": "TBA9847", "gsp": 154.2, "tan": 333.4350586}, "windSpd_kt": 13.206, "windDir_deg": -96.555, "temperature_K": 569.864, "address": "781319", "createdAt": "06:59:28.148430"}