{"time": 24591.944599198, "bds50": {"value": {"rol": 0.4, "tan": 223.77, "gsp": 410, "tanR": 0.031, "tas": 462}, "time": 24591.944599198, "msg": "02188d06965dc21f469e819e00a80016ad8059f333600ce778109c"}, "bds60": {"value": {"mhd": 229.219, "ias": 270, "mach": 0.78, "bar": -96, "ivv": 0}, "time": 24590.638091653, "msg": "02188d06965d743f8d8590a500a00015bcd18a1d30ffec0078109c"}, "df17": {"time": 24591.6484375, "Lat": 21.6755319, "Lon": 111.8609047, "geometric_height": 36075, "TId": "CSN6624", "gsp": 410.2, "tan": 223.8134766}, "windSpd_kt": 66.452, "windDir_deg": 85.084, "temperature_K": 461.904, "address": "78109c", "createdAt": 