{"time": 24672.521833903, "bds50": {"value": {"rol": -0.4, "tan": 197.402, "gsp": 278, "tanR": 0.062, "tas": 280}, "time": 24672.521833903, "msg": "02188d06967084e64daf908a00a8000435ffd8c722e0148c780447"}, "bds60": {"value": {"mhd": 201.094, "ias": 249, "mach": 0.432, "bar": -1280, "ivv": -1088}, "time": 24672.51469345, "msg": "02188d0696708479594a808a00a000053dc789f31b3ec7de780447"}, "df17": {"time": 24672.34375, "Lat": 22.7402401, "Lon": 113.4488153, "geometric_height": 8175, "TId": "CSZ9902", "gsp": 277.7, "tan": 197.3913574}, "windSpd_kt": 18.086, "windDir_deg": 102.902, "temperature_K": 553.104, "address": "780447", "createdAt": 