{"time": 24629.453532864, "bds50": {"value": {"rol": 0.5, "tan": 175.605, "gsp": 362, "tanR": null, "tas": 362}, "time": 24629.445318652, "msg": "02188d0696667d56d7fc807a00a00008b08077cf2d7ffcb570e050"}, "bds60": {"value": {"mhd": 180.703, "ias": 293, "mach": 0.556, "bar": 32, "ivv": 0}, "time": 24629.453532864, "msg": "02188d0696667dd42ec0808c00a00008b0c04a4b22e00c0070e050"}, "df17": {"time": 24629.4140625, "Lat": 22.1491241, "Lon": 114.0127659, "geometric_height": 13750, "TId": "JCC625", "gsp": 361.0, "tan": 175.7098389}, "windSpd_kt": 32.199, "windDir_deg": 88.154, "temperature_K": 558.118, "address": "70e050", "createdAt": 