{"time": 24615.288829535, "bds50": {"value": {"rol": 0.2, "tan": 146.602, "gsp": 204, "tanR": 0.031, "tas": 208}, "time": 24615.288829535, "msg": "02188d069663318bf65f908600a80010b480368519a00c687812a0"}, "bds60": {"value": {"mhd": 149.766, "ias": 196, "mach": 0.316, "bar": 32, "ivv": 0}, "time": 24614.212116099, "msg": "02188d069662f15e9e83908500a00002bab5498913e00c007812a0"}, "df17": {"time": 24615.171875, "Lat": 22.5263071, "Lon": 113.7325072, "geometric_height": 3900, "TId": "CHH7709", "gsp": 204.1, "tan": 146.3873291}, "windSpd_kt": 12.057, "windDir_deg": 38.816, "temperature_K": 570.44, "address": "7812a0", "createdAt": 