{"time": 25188.444768828, "bds50": {"value": {"rol": -0.2, "tan": 267.715, "gsp": 264, "tanR": null, "tas": 278}, "time": 25187.110249664, "msg": "02188d0696e854c264c0808200a8000e2efffbe7213ffc8b789211"}, "bds60": {"value": {"mhd": 268.066, "ias": 230, "mach": 0.424, "bar": 32, "ivv": -32}, "time": 25188.444768828, "msg": "02188d0696e8a44d8a3c907f00a0000790df59cd1aa00fff789211"}, "df17": {"time": 25188.0625, "Lat": 22.2494602, "Lon": 114.334352, "geometric_height": 11550, "TId": "CRK611", "gsp": 265.2, "tan": 267.62146}, "windSpd_kt": 14.098, "windDir_deg": 94.653, "temperature_K": 565.998, "address": "789211", "createdAt": "06:59:48.493728"}