{"time": 25036.985870978, "bds50": {"value": {"rol": -19.7, "tan": 342.598, "gsp": 394, "tanR": -0.875, "tas": 402}, "time": 25036.985870978, "msg": "02188d0696c560a62a82818a00a8001a21f21f3b317f24c97811ae"}, "bds60": {"value": {"mhd": 337.324, "ias": 289, "mach": 0.64, "bar": 1856, "ivv": 1952}, "time": 25036.189868715, "msg": "02188d0696c5313422ab829100a0000d9bf7fa432821d43d7811ae"}, "df17": {"time": 25035.8984375, "Lat": 23.5183811, "Lon": 113.3862877, "geometric_height": 21925, "TId": "CSZ8849", "gsp": 395.7, "tan": 344.3115234}, "windSpd_kt": 37.484, "windDir_deg": 82.271, "temperature_K": 519.458, "address": "7811ae", "createdAt": "06:57:17.039610"}