{"time": 24584.084703776, "bds50": {"value": {"rol": 0.4, "tan": 39.727, "gsp": 498, "tanR": 0.0, "tas": 454}, "time": 24584.084703776, "msg": "02188d06965beda2ca20919200a800151f8051c53e6004e3780e0d"}, "bds60": {"value": {"mhd": 39.199, "ias": 299, "mach": 0.736, "bar": -32, "ivv": 0}, "time": 24582.925137057, "msg": "02188d06965ba88534a1929500a00011308dfa572e3ffc00780e0d"}, "df17": {"time": 24584.109375, "Lat": 22.3992991, "Lon": 111.8839502, "geometric_height": 28050, "TId": "CSZ9324", "gsp": 497.9, "tan": 39.7045898}, "windSpd_kt": 44.218, "windDir_deg": 45.156, "temperature_K": 500.972, "address": "780e0d", "createdAt": 