{"time": 25042.360078679, "bds50": {"value": {"rol": 0.0, "tan": 37.09, "gsp": 442, "tanR": null, "tas": 398}, "time": 25041.3247414, "msg": "02188d0696c663441318818c00a8001cbb8011a7377ffcc7780a6a"}, "bds60": {"value": {"mhd": 36.035, "ias": 270, "mach": 0.644, "bar": -128, "ivv": 96}, "time": 25042.360078679, "msg": "02188d0696c6a0fa1157829200a00010108cda1d287fe403780a6a"}, "df17": {"time": 25041.6015625, "Lat": 23.8955426, "Lon": 114.5292091, "geometric_height": 25975, "TId": "CRK270", "gsp": 442.5, "tan": 37.1008301}, "windSpd_kt": 44.673, "windDir_deg": 46.531, "temperature_K": 502.866, "address": "780a6a", "createdAt": "06:57:22.400382"}