{"time": 24673.81602389, "bds50": {"value": {"rol": 0.5, "tan": 183.867, "gsp": 332, "tanR": 0.062, "tas": 342}, "time": 24673.81602389, "msg": "02188d069670d20a1352808800a8000cbc80782d29a014ab76cdb0"}, "bds60": {"value": {"mhd": 186.855, "ias": 311, "mach": 0.524, "bar": 2560, "ivv": 2496}, "time": 24673.110217501, "msg": "02188d069670a7f8531d808800a8000cbcc27a6f20e2844e76cdb0"}, "df17": {"time": 24673.4765625, "Lat": 21.9648886, "Lon": 114.0714097, "geometric_height": 6450, "TId": "SIA863", "gsp": 331.8, "tan": 183.9770508}, "windSpd_kt": 20.217, "windDir_deg": 65.727, "temperature_K": 560.85, "address": "76cdb0", "createdAt": 