{"time": 24562.064803868, "bds50": {"value": {"rol": -0.2, "tan": 70.84, "gsp": 344, "tanR": null, "tas": 326}, "time": 24562.064803868, "msg": "02188d069656cd25c81c808200a8001e31fff3272b3ffca37805f5"}, "bds60": {"value": {"mhd": 73.477, "ias": 269, "mach": 0.5, "bar": 1728, "ivv": 1664}, "time": 24562.053194075, "msg": "02188d069656cc74a15b808300a00007b49a2a1b1f61b4347805f5"}, "df17": {"time": 24561.96875, "Lat": 22.8556395, "Lon": 114.0294385, "geometric_height": 12100, "TId": "DKH1034", "gsp": 342.8, "tan": 70.9332275}, "windSpd_kt": 23.696, "windDir_deg": 31.571, "temperature_K": 559.696, "address": "7805f5", "createdAt": 