{"time": 25008.077057745, "bds50": {"value": {"rol": -0.2, "tan": 157.148, "gsp": 420, "tanR": 0.0, "tas": 410}, "time": 25007.60143849, "msg": "02188d0696be89334f1a818b00a8001e24fff6fd34a004cd7813bd"}, "bds60": {"value": {"mhd": 164.531, "ias": 310, "mach": 0.644, "bar": 64, "ivv": -32}, "time": 25008.077057745, "msg": "02188d0696bea58caed1828c00a0000b9cba8a6d286017ff7813bd"}, "df17": {"time": 25006.875, "Lat": 23.0641866, "Lon": 113.1704664, "geometric_height": 18650, "TId": "CSN335", "gsp": 419.0, "tan": 157.1044922}, "windSpd_kt": 54.363, "windDir_deg": 81.417, "temperature_K": 533.646, "address": "7813bd", "createdAt": "06:56:48.103771"}