{"time": 25232.047550599, "bds50": {"value": {"rol": 0.4, "tan": 247.852, "gsp": 262, "tanR": -0.062, "tas": 270}, "time": 25232.047550599, "msg": "02188d0696f2cb3b3087807300a800160f805b0520fff487780a49"}, "bds60": {"value": {"mhd": 250.137, "ias": 231, "mach": 0.412, "bar": -960, "ivv": -960}, "time": 25231.180633417, "msg": "02188d0696f2978f1549807200a000063dd8f9cf19ff17e2780a49"}, "df17": {"time": 25231.984375, "Lat": 22.1738005, "Lon": 114.0967298, "geometric_height": 9775, "TId": "CPA495", "gsp": 262.4, "tan": 247.835083}, "windSpd_kt": 13.285, "windDir_deg": 121.977, "temperature_K": 565.446, "address": "780a49", "createdAt": "07:00:32.087314"}