{"time": 24567.328276456, "bds50": {"value": {"rol": 18.8, "tan": 313.066, "gsp": 242, "tanR": 1.656, "tas": 224}, "time": 24566.770741998, "msg": "02188d069657e5a4b2ee908f00a80008078d7deb1e61ac70780a0e"}, "bds60": {"value": {"mhd": 319.922, "ias": 209, "mach": 0.34, "bar": -832, "ivv": -768}, "time": 24567.328276456, "msg": "02188d06965806dfffe8827a00a000031cf1c9a3157f37e8780a0e"}, "df17": {"time": 24566.6796875, "Lat": 22.0878196, "Lon": 113.7967944, "geometric_height": 4425, "TId": "CPA110", "gsp": 242.4, "tan": 311.3195801}, "windSpd_kt": 33.155, "windDir_deg": -100.691, "temperature_K": 571.474, "address": "780a0e", "createdAt": 