{"time": 25177.302522622, "bds50": {"value": {"rol": 21.3, "tan": 197.227, "gsp": 384, "tanR": 1.094, "tas": 396}, "time": 25177.2949938, "msg": "02188d0696e60bb97988808d00a0000b988f38c530211cc6780126"}, "bds60": {"value": {"mhd": 206.543, "ias": 299, "mach": 0.62, "bar": 1760, "ivv": 1760}, "time": 25177.302522622, "msg": "02188d0696e60c2c5afe808d00a0000b98c97a5726e1bc37780126"}, "df17": {"time": 25176.0078125, "Lat": 21.4403129, "Lon": 114.0317345, "geometric_height": 18500, "TId": "HDA694", "gsp": 384.3, "tan": 196.171875}, "windSpd_kt": 64.461, "windDir_deg": 101.192, "temperature_K": 537.112, "address": "780126", "createdAt": "06:59:37.334441"}