{"time": 25104.896754416, "bds50": {"value": {"rol": 24.1, "tan": 285.117, "gsp": 218, "tanR": 2.188, "tas": 222}, "time": 25104.896754416, "msg": "02188d0696d5307402f0908500a8000e94913cad1b62346f79a054"}, "bds60": {"value": {"mhd": 289.336, "ias": 197, "mach": 0.34, "bar": -1056, "ivv": -1216}, "time": 25104.776930961, "msg": "02188d0696d5294fa691808500a0000539e6e98b157effda79a054"}, "df17": {"time": 25104.8125, "Lat": 22.7444458, "Lon": 114.2305398, "geometric_height": 8025, "TId": "CSN6325", "gsp": 218.6, "tan": 282.9528809}, "windSpd_kt": 16.682, "windDir_deg": -176.637, "temperature_K": 561.314, "address": "79a054", "createdAt": "06:58:24.934062"}