{"time": 25231.830319335, "bds50": {"value": {"rol": 0.2, "tan": 263.672, "gsp": 294, "tanR": 0.0, "tas": 326}, "time": 25231.830319335, "msg": "02188d0696f2be4880e7808700a0000a31803bb924e004a3780612"}, "bds60": {"value": {"mhd": 266.66, "ias": 253, "mach": 0.508, "bar": -896, "ivv": -1024}, "time": 25231.121361107, "msg": "02188d0696f29406a8d3819100a0000a31ded9fb1fff27e0780612"}, "df17": {"time": 25231.3203125, "Lat": 22.8519917, "Lon": 114.9257898, "geometric_height": 16275, "TId": "CES5343", "gsp": 293.8, "tan": 263.7432861}, "windSpd_kt": 35.841, "windDir_deg": 111.974, "temperature_K": 542.208, "address": "780612", "createdAt": "07:00:31.864519"}