{"time": 24578.241937007, "bds50": {"value": {"rol": -0.7, "tan": 78.223, "gsp": 284, "tanR": null, "tas": 278}, "time": 24577.964559367, "msg": "02188d06965a80d8cc07808e00a8001a36ff937b23bffc8b880456"}, "bds60": {"value": {"mhd": 81.914, "ias": 247, "mach": 0.428, "bar": 2624, "ivv": 2528}, "time": 24578.241937007, "msg": "02188d06965a91613e6f808100a00005379d29ef1ae2944f880456"}, "df17": {"time": 24578.046875, "Lat": 22.3503327, "Lon": 113.7378502, "geometric_height": 7950, "TId": "AIQ763", "gsp": 283.0, "tan": 78.1732178}, "windSpd_kt": 19.067, "windDir_deg": 8.401, "temperature_K": 555.468, "address": "880456", "createdAt": 