{"time": 24667.687748211, "bds50": {"value": {"rol": 0.2, "tan": 38.145, "gsp": 498, "tanR": 0.0, "tas": 456}, "time": 24666.77670221, "msg": "02188d06966f2e768d02819600a8001cbb8031b33e6004e4780a6a"}, "bds60": {"value": {"mhd": 38.32, "ias": 313, "mach": 0.74, "bar": 192, "ivv": 704}, "time": 24667.687748211, "msg": "02188d06966f64c40273809f00a0000fbd8daa732e603416780a6a"}, "df17": {"time": 24666.703125, "Lat": 23.2731628, "Lon": 114.0045691, "geometric_height": 25850, "TId": "CRK270", "gsp": 498.6, "tan": 38.1555176}, "windSpd_kt": 42.025, "windDir_deg": 36.246, "temperature_K": 499.948, "address": "780a6a", "createdAt": 