{"time": 25027.369929499, "bds50": {"value": {"rol": -0.2, "tan": 146.602, "gsp": 228, "tanR": -0.062, "tas": 234}, "time": 25027.369929499, "msg": "02188d0696c3237e8b1b808700a8000814fff6851cbff475781433"}, "bds60": {"value": {"mhd": 151.348, "ias": 208, "mach": 0.356, "bar": -960, "ivv": -960}, "time": 25027.362549068, "msg": "02188d0696c3230ded4c808800a0000512b5d9a1167f17e2781433"}, "df17": {"time": 25027.1171875, "Lat": 22.6074815, "Lon": 113.5069442, "geometric_height": 7400, "TId": "CSZ9504", "gsp": 228.7, "tan": 146.585083}, "windSpd_kt": 20.046, "windDir_deg": 41.575, "temperature_K": 568.84, "address": "781433", "createdAt": "06:57:07.409603"}