{"time": 24579.662775086, "bds50": {"value": {"rol": 20.9, "tan": 35.156, "gsp": 232, "tanR": 1.656, "tas": 226}, "time": 24579.654719137, "msg": "02188d06965ae59696a1808900a00003348ef1911d21ac71780f95"}, "bds60": {"value": {"mhd": 43.594, "ias": 211, "mach": 0.344, "bar": 2208, "ivv": 2176}, "time": 24579.662775086, "msg": "02188d06965ae611832e908900a00003348f89a715a22c44780f95"}, "df17": {"time": 24579.5390625, "Lat": 22.7619982, "Lon": 113.7642431, "geometric_height": 4575, "TId": "CSH9332", "gsp": 232.5, "tan": 35.1947021}, "windSpd_kt": 34.222, "windDir_deg": -40.555, "temperature_K": 568.274, "address": "780f95", "createdAt": 