{"time": 24643.225405526, "bds50": {"value": {"rol": 0.0, "tan": 315.703, "gsp": 256, "tanR": 0.031, "tas": 260}, "time": 24643.218208831, "msg": "02188d069669b244783f808b00a00004b2801e0920200c82780d02"}, "bds60": {"value": {"mhd": 315.0, "ias": 234, "mach": 0.4, "bar": 160, "ivv": 32}, "time": 24643.225405526, "msg": "02188d069669b2b24856808e00a00004b2f009d519202c01780d02"}, "df17": {"time": 24642.875, "Lat": 23.5485935, "Lon": 113.3053493, "geometric_height": 7000, "TId": "JYH1001", "gsp": 255.3, "tan": 315.7910156}, "windSpd_kt": 5.101, "windDir_deg": 96.993, "temperature_K": 556.268, "address": "780d02", "createdAt": 