{"time": 25132.250705915, "bds50": {"value": {"rol": -0.2, "tan": 195.469, "gsp": 420, "tanR": null, "tas": 458}, "time": 25132.250705915, "msg": "02188d0696db8ee02ffb809300a8001994fff8b134bffce5780508"}, "bds60": {"value": {"mhd": 205.137, "ias": 278, "mach": 0.768, "bar": -32, "ivv": -32}, "time": 25131.428007066, "msg": "02188d0696db5dd6cc9a809200a000149cc8fa2d303fffff780508"}, "df17": {"time": 25132.1796875, "Lat": 23.3750224, "Lon": 113.8163209, "geometric_height": 33875, "TId": "CSN3516", "gsp": 418.4, "tan": 195.5291748}, "windSpd_kt": 83.114, "windDir_deg": 83.201, "temperature_K": 468.238, "address": "780508", "createdAt": "06:58:52.286118"}