{"time": 24565.665660233, "bds50": {"value": {"rol": 0.2, "tan": 197.93, "gsp": 328, "tanR": null, "tas": 344}, "time": 24565.665660233, "msg": "02188d069657a3c67d49809500a8001a148038cd290004ac780cb1"}, "bds60": {"value": {"mhd": 203.027, "ias": 287, "mach": 0.524, "bar": -928, "ivv": 480}, "time": 24565.655041847, "msg": "02188d069657a3247737828c00a0000731c83a3f20ff1c0f780cb1"}, "df17": {"time": 24564.5390625, "Lat": 23.631742, "Lon": 113.4954, "geometric_height": 11100, "TId": "CSN300", "gsp": 329.2, "tan": 198.0505371}, "windSpd_kt": 33.887, "windDir_deg": 82.335, "temperature_K": 567.43, "address": "780cb1", "createdAt": 