{"time": 25210.832942792, "bds50": {"value": {"rol": 0.2, "tan": 268.418, "gsp": 370, "tanR": 0.0, "tas": 416}, "time": 25210.832942792, "msg": "02188d0696eddabdf6c8819100a8001ab0803bef2e6004d0789207"}, "bds60": {"value": {"mhd": 267.539, "ias": 275, "mach": 0.672, "bar": -1248, "ivv": -1440}, "time": 25210.710923681, "msg": "02188d0696edd37819a1829200a00010b6df2a272a3ecfd3789207"}, "df17": {"time": 25210.0078125, "Lat": 22.29671, "Lon": 115.844779, "geometric_height": 27500, "TId": "HKE619", "gsp": 370.2, "tan": 268.2971191}, "windSpd_kt": 46.392, "windDir_deg": 80.511, "temperature_K": 504.552, "address": "789207", "createdAt": "07:00:10.862249"}