{"time": 24737.78186286, "bds50": {"value": {"rol": -6.0, "tan": 148.008, "gsp": 436, "tanR": -0.281, "tas": 438}, "time": 24737.78186286, "msg": "02188d06967fb6b351cc808a00a8000e21fbd69536bfbcdb7809df"}, "bds60": {"value": {"mhd": 155.918, "ias": 291, "mach": 0.708, "bar": 704, "ivv": 800}, "time": 24737.771464728, "msg": "02188d06967fb614a818808a00a00010b5b77a472c60b4197809df"}, "df17": {"time": 24737.625, "Lat": 21.8161869, "Lon": 113.6574268, "geometric_height": 27400, "TId": "CSN319", "gsp": 437.0, "tan": 148.09021}, "windSpd_kt": 60.315, "windDir_deg": 60.067, "temperature_K": 503.894, "address": "7809df", "createdAt": 