{"time": 24599.267689147, "bds50": {"value": {"rol": -0.2, "tan": 193.184, "gsp": 452, "tanR": null, "tas": 496}, "time": 24599.267689147, "msg": "02188d06965f769cc2bb818c00a8001397fff89738bffcf876bcc4"}, "bds60": {"value": {"mhd": 200.039, "ias": 273, "mach": 0.856, "bar": 32, "ivv": 0}, "time": 24597.920278487, "msg": "02188d06965f264ce7d7818c00a000183bc72a2335a00c0076bcc4"}, "df17": {"time": 24598.9296875, "Lat": 21.0079193, "Lon": 113.7278295, "geometric_height": 40325, "TId": "TGW157", "gsp": 450.9, "tan": 193.2055664}, "windSpd_kt": 71.703, "windDir_deg": 68.838, "temperature_K": 442.052, "address": "76bcc4", "createdAt": 