{"time": 25238.909139136, "bds50": {"value": {"rol": 0.2, "tan": 222.012, "gsp": 360, "tanR": -0.062, "tas": 388}, "time": 25238.09905094, "msg": "02188d0696f433edc1bc818900a800180e8039df2d3ff4c2780c3f"}, "bds60": {"value": {"mhd": 228.516, "ias": 290, "mach": 0.608, "bar": -864, "ivv": -992}, "time": 25238.909139136, "msg": "02188d0696f46436b8c0818c00a0000bbbd14a45263f2fe1780c3f"}, "df17": {"time": 25238.84375, "Lat": 24.0097404, "Lon": 113.8498378, "geometric_height": 19075, "TId": "CSN6609", "gsp": 359.7, "tan": 222.0721436}, "windSpd_kt": 50.813, "windDir_deg": 101.887, "temperature_K": 536.184, "address": "780c3f", "createdAt": "07:00:38.950883"}