{"time": 24575.681503102, "bds50": {"value": {"rol": -0.2, "tan": 206.543, "gsp": 230, "tanR": null, "tas": 240}, "time": 24575.2112426, "msg": "02188d069659dcbc8468829600a8000c3cfff92f1cfffc78780ed0"}, "bds60": {"value": {"mhd": 209.883, "ias": 219, "mach": 0.364, "bar": -1280, "ivv": -1216}, "time": 24575.681503102, "msg": "02188d069659f8c41f7e928c00a0000412caa9b716fec7da780ed0"}, "df17": {"time": 24574.828125, "Lat": 23.1515408, "Lon": 113.472805, "geometric_height": 5825, "TId": "CSN602", "gsp": 229.0, "tan": 206.4550781}, "windSpd_kt": 16.957, "windDir_deg": 82.092, "temperature_K": 572.37, "address": "780ed0", "createdAt": 