{"time": 24579.440957559, "bds50": {"value": {"rol": 0.2, "tan": 160.664, "gsp": 418, "tanR": 0.031, "tas": 428}, "time": 24579.440957559, "msg": "02188d06965ad8d8d877908a00a8000e2180372534600cd67809df"}, "bds60": {"value": {"mhd": 169.102, "ias": 289, "mach": 0.692, "bar": -64, "ivv": 0}, "time": 24578.358224873, "msg": "02188d06965a984fa7e9908c00a0001030bc2a432b7ff4007809df"}, "df17": {"time": 24578.4453125, "Lat": 22.0973682, "Lon": 113.5122228, "geometric_height": 26425, "TId": "CSN319", "gsp": 417.5, "tan": 160.6970215}, "windSpd_kt": 63.033, "windDir_deg": 65.78, "temperature_K": 503.654, "address": "7809df", "createdAt": 