{"time": 24709.984075915, "bds50": {"value": {"rol": -0.4, "tan": 191.25, "gsp": 416, "tanR": 0.0, "tas": 454}, "time": 24709.984075915, "msg": "02188d0696793dd2c08b829400a8000004ffd881342004e3789226"}, "bds60": {"value": {"mhd": 201.973, "ias": 296, "mach": 0.744, "bar": -64, "ivv": -32}, "time": 24709.976391139, "msg": "02188d0696793d5d7de3919300a00011b8c7da512ebff7ff789226"}, "df17": {"time": 24707.734375, "Lat": 24.6186018, "Lon": 114.1696215, "geometric_height": 29025, "TId": "CRK337", "gsp": 417.0, "tan": 191.2005615}, "windSpd_kt": 89.665, "windDir_deg": 81.654, "temperature_K": 490.256, "address": "789226", "createdAt": 