{"time": 24667.311168986, "bds50": {"value": {"rol": 0.5, "tan": 318.164, "gsp": 244, "tanR": 0.094, "tas": 236}, "time": 24665.993419717, "msg": "02188d06966effc69bc5808e00a80018b7807e251ea01c76780a71"}, "bds60": {"value": {"mhd": 319.219, "ias": 210, "mach": 0.36, "bar": -864, "ivv": -800}, "time": 24667.311168986, "msg": "02188d06966f4e51ddda808000a0000513f189a516bf2fe7780a71"}, "df17": {"time": 24667.1015625, "Lat": 21.9731069, "Lon": 113.8834834, "geometric_height": 7500, "TId": "HKE553", "gsp": 243.0, "tan": 318.1695557}, "windSpd_kt": 9.139, "windDir_deg": -70.225, "temperature_K": 565.818, "address": "780a71", "createdAt": 