{"time": 25003.278013099, "bds50": {"value": {"rol": 0.2, "tan": 279.844, "gsp": 234, "tanR": null, "tas": 230}, "time": 25002.554747812, "msg": "02188d0696bd5c64eba4908500a8000e19803c711d7ffc73780aab"}, "bds60": {"value": {"mhd": 279.844, "ias": 209, "mach": 0.352, "bar": -1024, "ivv": -928}, "time": 25003.278013099, "msg": "02188d0696bd878112ab808500a0000434e389a3163f07e3780aab"}, "df17": {"time": 25003.1796875, "Lat": 22.0280385, "Lon": 113.9159918, "geometric_height": 6225, "TId": "CPA859", "gsp": 233.3, "tan": 279.8657227}, "windSpd_kt": 4.0, "windDir_deg": -80.156, "temperature_K": 562.118, "address": "780aab", "createdAt": "06:56:43.304480"}