{"time": 25203.263038036, "bds50": {"value": {"rol": -0.4, "tan": 193.535, "gsp": 386, "tanR": 0.0, "tas": 414}, "time": 25201.913746029, "msg": "02188d0696ebc71dd26d81a000a8000029ffd89b306004cf7800a1"}, "bds60": {"value": {"mhd": 203.555, "ias": 288, "mach": 0.668, "bar": -1056, "ivv": -1088}, "time": 25203.263038036, "msg": "02188d0696ec178a6254829e00a0000f30c86a4129feffde7800a1"}, "df17": {"time": 25203.265625, "Lat": 24.7440434, "Lon": 114.1103339, "geometric_height": 24700, "TId": "CCA8261", "gsp": 386.7, "tan": 193.4637451}, "windSpd_kt": 75.226, "windDir_deg": 86.781, "temperature_K": 505.714, "address": "7800a1", "createdAt": "07:00:03.335688"}