{"time": 24650.509034513, "bds50": {"value": {"rol": 0.0, "tan": 80.156, "gsp": 374, "tanR": null, "tas": 352}, "time": 24650.509034513, "msg": "02188d06966b64d5a411818f00a80014b38013912efffcb0780861"}, "bds60": {"value": {"mhd": 81.738, "ias": 279, "mach": 0.544, "bar": 2848, "ivv": 2816}, "time": 24650.498736925, "msg": "02188d06966b6438831d829000a00009919d1a2f2222cc58780861"}, "df17": {"time": 24650.4375, "Lat": 23.5961223, "Lon": 113.9959216, "geometric_height": 14925, "TId": "CSN3795", "gsp": 372.4, "tan": 80.1068115}, "windSpd_kt": 24.174, "windDir_deg": 56.452, "temperature_K": 551.246, "address": "780861", "createdAt": 