{"time": 24674.93645259, "bds50": {"value": {"rol": -0.2, "tan": 268.066, "gsp": 366, "tanR": null, "tas": 396}, "time": 24673.550814975, "msg": "02188d069670c23b4eff808c00a8200e2efffbeb2dfffcc6789211"}, "bds60": {"value": {"mhd": 270.0, "ias": 300, "mach": 0.62, "bar": -1824, "ivv": -1920}, "time": 24674.93645259, "msg": "02188d06967114d275ee808d00a0200b91e00a5926fe3fc4789211"}, "df17": {"time": 24674.5390625, "Lat": 22.2761321, "Lon": 115.1239514, "geometric_height": 18450, "TId": "CRK611", "gsp": 366.3, "tan": 268.1213379}, "windSpd_kt": 32.636, "windDir_deg": 112.239, "temperature_K": 537.112, "address": "789211", "createdAt": 