{"time": 24586.479290183, "bds50": {"value": {"rol": 0.0, "tan": 131.836, "gsp": 376, "tanR": null, "tas": 374}, "time": 24586.479290183, "msg": "02188d06965c7c5d4747908400a80019ae8015dd2f3ffcbb780129"}, "bds60": {"value": {"mhd": 136.758, "ias": 310, "mach": 0.572, "bar": 2944, "ivv": 2976}, "time": 24586.462178138, "msg": "02188d06965c7b582b5a808400a000079ab0aa6d23e2e45d780129"}, "df17": {"time": 24586.2109375, "Lat": 22.1282887, "Lon": 114.4363832, "geometric_height": 11725, "TId": "CPA420", "gsp": 376.0, "tan": 131.8743896}, "windSpd_kt": 32.266, "windDir_deg": 47.847, "temperature_K": 562.872, "address": "780129", "createdAt": 