{"time": 25203.53587142, "bds50": {"value": {"rol": 0.5, "tan": 37.09, "gsp": 380, "tanR": 0.031, "tas": 346}, "time": 25203.53587142, "msg": "02188d0696ec27cd7dbc808e00a80000898071a72fa00cad781005"}, "bds60": {"value": {"mhd": 34.805, "ias": 245, "mach": 0.552, "bar": 1120, "ivv": 1120}, "time": 25202.367243501, "msg": "02188d0696ebe225a4ed819000a0000e1c8c69eb22a11c23781005"}, "df17": {"time": 25202.578125, "Lat": 23.8322854, "Lon": 114.4769382, "geometric_height": 22900, "TId": "CSZ9993", "gsp": 379.9, "tan": 37.0788574}, "windSpd_kt": 36.947, "windDir_deg": 59.014, "temperature_K": 517.288, "address": "781005", "createdAt": "07:00:03.605068"}