{"time": 25187.338278373, "bds50": {"value": {"rol": -6.2, "tan": 156.973, "gsp": 232, "tanR": -0.5, "tas": 236}, "time": 25186.075428174, "msg": "02188d0696e81714454e808800a0000530fbb6fb1d3f84767815a3"}, "bds60": {"value": {"mhd": 159.258, "ias": 207, "mach": 0.356, "bar": -1056, "ivv": -384}, "time": 25187.338278373, "msg": "02188d0696e86259d5e5808800a0000530b8a99f167efff47815a3"}, "df17": {"time": 25187.28125, "Lat": 22.5427437, "Lon": 113.5568762, "geometric_height": 7775, "TId": "EPA6236", "gsp": 232.0, "tan": 156.6375732}, "windSpd_kt": 10.152, "windDir_deg": 44.917, "temperature_K": 578.604, "address": "7815a3", "createdAt": "06:59:47.375814"}