{"time": 24613.944307223, "bds50": {"value": {"rol": 24.6, "tan": 347.695, "gsp": 204, "tanR": 2.562, "tas": 192}, "time": 24613.799936872, "msg": "02188d069662d8cd4368809e00a80002b0919f7519a29460780ac2"}, "bds60": {"value": {"mhd": 0.176, "ias": 183, "mach": 0.292, "bar": -1376, "ivv": -1248}, "time": 24613.944307223, "msg": "02188d069662e1682e17908b00a000029080196f127eafd9780ac2"}, "df17": {"time": 24613.7265625, "Lat": 22.23032, "Lon": 113.7149119, "geometric_height": 3250, "TId": "CRK772", "gsp": 203.7, "tan": 345.2124023}, "windSpd_kt": 44.668, "windDir_deg": -80.575, "temperature_K": 569.238, "address": "780ac2", "createdAt": 