{"time": 24696.037612336, "bds50": {"value": {"rol": 0.2, "tan": 14.414, "gsp": 426, "tanR": 0.031, "tas": 404}, "time": 24694.687594797, "msg": "02188d069675ae14f92d809600a80012218030a535600cca750457"}, "bds60": {"value": {"mhd": 12.129, "ias": 283, "mach": 0.648, "bar": 64, "ivv": 0}, "time": 24696.037612336, "msg": "02188d069675fe8c9b30818c00a0000eb0845a3728a01400750457"}, "df17": {"time": 24695.6171875, "Lat": 22.9400539, "Lon": 116.2297082, "geometric_height": 23975, "TId": "AXM142", "gsp": 427.4, "tan": 14.3591309}, "windSpd_kt": 27.526, "windDir_deg": 50.229, "temperature_K": 511.764, "address": "750457", "createdAt": 