{"time": 24602.165682804, "bds50": {"value": {"rol": -0.2, "tan": 237.129, "gsp": 392, "tanR": 0.0, "tas": 452}, "time": 24602.165682804, "msg": "02188d0696602358a274829f00a8001a1efffa8b312004e2789205"}, "bds60": {"value": {"mhd": 243.105, "ias": 264, "mach": 0.76, "bar": 128, "ivv": 0}, "time": 24601.444492983, "msg": "02188d06965ff85c26b7829e00a00015b8d67a112fa02400789205"}, "df17": {"time": 24602.0546875, "Lat": 22.6779699, "Lon": 118.0772352, "geometric_height": 36000, "TId": "HKE601", "gsp": 392.9, "tan": 237.1618652}, "windSpd_kt": 74.336, "windDir_deg": 96.405, "temperature_K": 465.702, "address": "789205", "createdAt": 