{"time": 25038.710543093, "bds50": {"value": {"rol": 0.0, "tan": 183.516, "gsp": 402, "tanR": 0.0, "tas": 412}, "time": 25038.710543093, "msg": "02188d0696c5c77292f5819200a8000cbc801829326004ce76cdb0"}, "bds60": {"value": {"mhd": 189.141, "ias": 311, "mach": 0.64, "bar": 1568, "ivv": 1600}, "time": 25038.393798719, "msg": "02188d0696c5b491703f809a00a0000b3dc34a6f28218c3276cdb0"}, "df17": {"time": 25037.453125, "Lat": 21.3325739, "Lon": 114.0275931, "geometric_height": 18250, "TId": "SIA863", "gsp": 402.8, "tan": 183.5595703}, "windSpd_kt": 41.171, "windDir_deg": 82.289, "temperature_K": 545.622, "address": "76cdb0", "createdAt": "06:57:18.743738"}