{"time": 25056.979118135, "bds50": {"value": {"rol": -0.2, "tan": 199.512, "gsp": 382, "tanR": null, "tas": 406}, "time": 25056.979118135, "msg": "02188d0696ca0856e837829700a800180efff8df2ffffccb780c3f"}, "bds60": {"value": {"mhd": 207.949, "ias": 292, "mach": 0.648, "bar": -1088, "ivv": -1024}, "time": 25056.376386762, "msg": "02188d0696c9e469f4ca809e00a800180ec9fa4928bef7e0780c3f"}, "df17": {"time": 25056.234375, "Lat": 24.2776823, "Lon": 114.011972, "geometric_height": 22300, "TId": "CSN6609", "gsp": 382.1, "tan": 199.5721436}, "windSpd_kt": 62.713, "windDir_deg": 91.294, "temperature_K": 516.844, "address": "780c3f", "createdAt": "06:57:37.017326"}