{"time": 25003.901148805, "bds50": {"value": {"rol": -0.2, "tan": 223.945, "gsp": 422, "tanR": -0.062, "tas": 474}, "time": 25003.901148805, "msg": "02188d0696bdaca55e85919500a80012b9fff9f534fff4ed781392"}, "bds60": {"value": {"mhd": 230.273, "ias": 278, "mach": 0.8, "bar": 224, "ivv": 0}, "time": 25003.890494624, "msg": "02188d0696bdac02cca0829700a00015bcd1ea2d32203c00781392"}, "df17": {"time": 25002.8828125, "Lat": 22.0189834, "Lon": 112.2150207, "geometric_height": 36050, "TId": "CES235", "gsp": 421.4, "tan": 224.0386963}, "windSpd_kt": 71.704, "windDir_deg": 90.715, "temperature_K": 462.204, "address": "781392", "createdAt": "06:56:43.917879"}