{"time": 25030.320150695, "bds50": {"value": {"rol": 0.7, "tan": 183.867, "gsp": 332, "tanR": 0.031, "tas": 338}, "time": 25030.283198574, "msg": "02188d0696c3d123806e908100a8000ca880982d29a00ca976aa77"}, "bds60": {"value": {"mhd": 186.328, "ias": 300, "mach": 0.52, "bar": 2784, "ivv": 2944}, "time": 25030.320150695, "msg": "02188d0696c3d35758a7808300a0000590c24a5920a2bc5c76aa77"}, "df17": {"time": 25030.3515625, "Lat": 21.9955087, "Lon": 114.0739417, "geometric_height": 8175, "TId": "JSA698", "gsp": 330.9, "tan": 183.9880371}, "windSpd_kt": 15.588, "windDir_deg": 72.465, "temperature_K": 556.268, "address": "76aa77", "createdAt": "06:57:10.364290"}