{"time": 24605.610678946, "bds50": {"value": {"rol": -0.9, "tan": 69.609, "gsp": 164, "tanR": -0.25, "tas": 174}, "time": 24605.595482481, "msg": "02188d069660efc73971807400a0000233ff731914bfc45778115c"}, "bds60": {"value": {"mhd": 72.773, "ias": 168, "mach": 0.264, "bar": 2912, "ivv": 2976}, "time": 24605.610678946, "msg": "02188d069660f0af1aa2807200a000023399e95110a2dc5d78115c"}, "df17": {"time": 24605.140625, "Lat": 22.3206568, "Lon": 113.9767599, "geometric_height": 2900, "TId": "CCA112", "gsp": 165.2, "tan": 69.8071289}, "windSpd_kt": 13.675, "windDir_deg": -65.779, "temperature_K": 571.938, "address": "78115c", "createdAt": 