{"time": 24593.338575108, "bds50": {"value": {"rol": 0.0, "tan": 92.461, "gsp": 488, "tanR": null, "tas": 452}, "time": 24593.3310865, "msg": "02188d06965e14c364a4818e00a0000fb880141d3d3ffce28990af"}, "bds60": {"value": {"mhd": 97.91, "ias": 310, "mach": 0.732, "bar": 2048, "ivv": 1664}, "time": 24593.338575108, "msg": "02188d06965e1535a904818d00a0000fb8a2da6d2de204348990af"}, "df17": {"time": 24592.8515625, "Lat": 21.8043852, "Lon": 115.0300527, "geometric_height": 25750, "TId": "CAL672", "gsp": 488.5, "tan": 92.4664307}, "windSpd_kt": 57.354, "windDir_deg": 44.012, "temperature_K": 502.01, "address": "8990af", "createdAt": 