{"time": 25092.63398134, "bds50": {"value": {"rol": -19.2, "tan": 359.121, "gsp": 286, "tanR": -1.375, "tas": 276}, "time": 25092.63398134, "msg": "02188d0696d25588f19c808d00a8001812f27ff723fea48a780c75"}, "bds60": {"value": {"mhd": 355.254, "ias": 230, "mach": 0.42, "bar": -1312, "ivv": -1280}, "time": 25091.991023321, "msg": "02188d0696d22f362ed9808b00a0000716fe59cd1a7ebfd8780c75"}, "df17": {"time": 25092.4375, "Lat": 23.2413411, "Lon": 113.7910867, "geometric_height": 10875, "TId": "CSN644", "gsp": 287.0, "tan": 359.8022461}, "windSpd_kt": 21.434, "windDir_deg": 59.395, "temperature_K": 568.562, "address": "780c75", "createdAt": "06:58:12.678655"}