{"time": 25050.068339673, "bds50": {"value": {"rol": -1.1, "tan": 177.363, "gsp": 340, "tanR": -0.094, "tas": 350}, "time": 25050.061408306, "msg": "02188d0696c86c030832807100a8000cb9ff57e32abfecaf7801c1"}, "bds60": {"value": {"mhd": 180.0, "ias": 318, "mach": 0.532, "bar": 896, "ivv": 864}, "time": 25050.068339673, "msg": "02188d0696c86c6ccbd9807100a0000439c00a7d2160e41b7801c1"}, "df17": {"time": 25050.0546875, "Lat": 22.2202992, "Lon": 114.0820742, "geometric_height": 6425, "TId": "HDA254", "gsp": 340.4, "tan": 177.4731445}, "windSpd_kt": 18.762, "windDir_deg": 56.484, "temperature_K": 569.864, "address": "7801c1", "createdAt": "06:57:30.112166"}