{"time": 25017.619217218, "bds50": {"value": {"rol": -0.4, "tan": 248.203, "gsp": 352, "tanR": 0.0, "tas": 372}, "time": 25017.619217218, "msg": "02188d0696c0de4e7b42807b00a8001d80ffdb092c2004ba780265"}, "bds60": {"value": {"mhd": 250.137, "ias": 301, "mach": 0.572, "bar": 32, "ivv": 0}, "time": 25017.419784046, "msg": "02188d0696c0d26b5f6e807d00a0000898d8fa5b23e00c00780265"}, "df17": {"time": 25016.328125, "Lat": 22.6874971, "Lon": 113.9784122, "geometric_height": 13425, "TId": "CSN3690", "gsp": 351.3, "tan": 248.1097412}, "windSpd_kt": 23.435, "windDir_deg": 100.596, "temperature_K": 556.868, "address": "780265", "createdAt": "06:56:57.643987"}