{"time": 24686.381002997, "bds50": {"value": {"rol": 0.2, "tan": 103.008, "gsp": 484, "tanR": null, "tas": 430}, "time": 24686.372204532, "msg": "02188d069673be722ff480a800a00015348034953cbffcd7780650"}, "bds60": {"value": {"mhd": 109.688, "ias": 253, "mach": 0.72, "bar": -1600, "ivv": -1472}, "time": 24686.381002997, "msg": "02188d069673bef870f590a400a0001534a709fb2d3e77d2780650"}, "df17": {"time": 24685, "Lat": 23.191452, "Lon": 111.6630006, "geometric_height": 34975, "TId": "CES733", "gsp": 485.4, "tan": 102.9748535}, "windSpd_kt": 75.774, "windDir_deg": 61.7, "temperature_K": 469.602, "address": "780650", "createdAt": 