{"time": 24630.173486417, "bds50": {"value": {"rol": 15.1, "tan": 281.602, "gsp": 236, "tanR": 1.062, "tas": 226}, "time": 24630.173486417, "msg": "02188d069666a8bdcd51907d00a800180a8adc851da114717801c2"}, "bds60": {"value": {"mhd": 282.48, "ias": 210, "mach": 0.34, "bar": -512, "ivv": -608}, "time": 24630.159817671, "msg": "02188d069666a7ed3bc7808000a0000332e479a5157f87ed7801c2"}, "df17": {"time": 24630, "Lat": 22.065804, "Lon": 113.8635063, "geometric_height": 4575, "TId": "HDA207", "gsp": 236.4, "tan": 281.217041}, "windSpd_kt": 10.608, "windDir_deg": -97.453, "temperature_K": 581.724, "address": "7801c2", "createdAt": 