{"time": 24659.340587701, "bds50": {"value": {"rol": 0.9, "tan": 339.609, "gsp": 206, "tanR": 0.188, "tas": 190}, "time": 24659.340587701, "msg": "02188d06966d733c72b5908700a800080780bf1919e0345f780a0e"}, "bds60": {"value": {"mhd": 344.707, "ias": 181, "mach": 0.288, "bar": -512, "ivv": -480}, "time": 24659.33336209, "msg": "02188d06966d72ce31aa908700a0000295fa996b123f87f1780a0e"}, "df17": {"time": 24658.6328125, "Lat": 22.1673417, "Lon": 113.7439442, "geometric_height": 3425, "TId": "CPA110", "gsp": 205.4, "tan": 339.1809082}, "windSpd_kt": 23.784, "windDir_deg": -65.615, "temperature_K": 573.034, "address": "780a0e", "createdAt": 