{"time": 24672.617384001, "bds50": {"value": {"rol": -0.4, "tan": 1.406, "gsp": 476, "tanR": 0.0, "tas": 466}, "time": 24672.617384001, "msg": "02188d0696708a984841919c00a8000f38ffd0113ba004e9780340"}, "bds60": {"value": {"mhd": 355.957, "ias": 304, "mach": 0.764, "bar": 1344, "ivv": 1408}, "time": 24671.226367483, "msg": "02188d06967037af0dfb80a200a00011befe9a612fe1542c780340"}, "df17": {"time": 24671.9765625, "Lat": 24.9667096, "Lon": 113.4373569, "geometric_height": 29150, "TId": "AMU016", "gsp": 476.1, "tan": 1.4447021}, "windSpd_kt": 45.877, "windDir_deg": 76.106, "temperature_K": 489.828, "address": "780340", "createdAt": 