{"time": 24710.974649387, "bds50": {"value": {"rol": 0.2, "tan": 263.496, "gsp": 408, "tanR": null, "tas": 462}, "time": 24710.696616431, "msg": "02188d069679684b41ef809a00a8001125803bb7333ffce77805e0"}, "bds60": {"value": {"mhd": 264.199, "ias": 300, "mach": 0.752, "bar": -96, "ivv": 0}, "time": 24710.974649387, "msg": "02188d06967978ddb42b829500a00011b8ddfa592f3fec007805e0"}, "df17": {"time": 24710.65625, "Lat": 22.9362345, "Lon": 116.2246656, "geometric_height": 29150, "TId": "CXA8643", "gsp": 407.6, "tan": 263.5180664}, "windSpd_kt": 54.262, "windDir_deg": 89.492, "temperature_K": 496.942, "address": "7805e0", "createdAt": 