{"time": 24625.136557566, "bds50": {"value": {"rol": 0.2, "tan": 29.18, "gsp": 490, "tanR": 0.0, "tas": 446}, "time": 24625.136557566, "msg": "02188d0696657c845dfe929e00a000153480314d3d6004df78110c"}, "bds60": {"value": {"mhd": 25.84, "ias": 264, "mach": 0.752, "bar": 32, "ivv": 32}, "time": 24624.194953931, "msg": "02188d0696654464a2cb819b00a0001534893a112f200c0178110c"}, "df17": {"time": 24624.984375, "Lat": 22.3396039, "Lon": 111.8454552, "geometric_height": 34925, "TId": "CHH6183", "gsp": 491.1, "tan": 29.1247559}, "windSpd_kt": 51.754, "windDir_deg": 59.318, "temperature_K": 463.118, "address": "78110c", "createdAt": 