{"time": 24613.256948565, "bds50": {"value": {"rol": -17.4, "tan": 261.035, "gsp": 264, "tanR": -0.094, "tas": 278}, "time": 24613.248078916, "msg": "02188d069662b7e89444807d00a0000790f3bb9b213fec8b780aab"}, "bds60": {"value": {"mhd": 261.738, "ias": 230, "mach": 0.424, "bar": -64, "ivv": 0}, "time": 24613.256948565, "msg": "02188d069662b86feb55807d00a0000790dd19cd1abff400780aab"}, "df17": {"time": 24612.5546875, "Lat": 22.2474432, "Lon": 114.294827, "geometric_height": 11525, "TId": "CPA859", "gsp": 263.5, "tan": 262.1447754}, "windSpd_kt": 14.389, "windDir_deg": 94.747, "temperature_K": 565.998, "address": "780aab", "createdAt": 