{"time": 24600.110858853, "bds50": {"value": {"rol": 0.2, "tan": 166.289, "gsp": 436, "tanR": 0.0, "tas": 454}, "time": 24599.139453263, "msg": "02188d06965f6ef8094f81ab00a8000e1180376536a004e378041c"}, "bds60": {"value": {"mhd": 180.879, "ias": 277, "mach": 0.764, "bar": -672, "ivv": -512}, "time": 24600.110858853, "msg": "02188d06965fa8de826581a900a0001490c05a2b2fff5ff078041c"}, "df17": {"time": 24599.3046875, "Lat": 26.2679887, "Lon": 113.9345098, "geometric_height": 33375, "TId": "AMU005", "gsp": 436.4, "tan": 166.3439941}, "windSpd_kt": 114.412, "windDir_deg": 74.606, "temperature_K": 464.924, "address": "78041c", "createdAt": 