{"time": 25051.147888024, "bds50": {"value": {"rol": 0.0, "tan": 0.176, "gsp": 426, "tanR": 0.0, "tas": 410}, "time": 25051.147888024, "msg": "02188d0696c8acc56598809f00a800180b801003356004cd70e066"}, "bds60": {"value": {"mhd": 22.324, "ias": 304, "mach": 0.644, "bar": -1792, "ivv": null}, "time": 25050.502735561, "msg": "02188d0696c8865126c9829900a0000c3987fa61287e400070e066"}, "df17": {"time": 25047.765625, "Lat": 20.677321, "Lon": 112.9721117, "geometric_height": 20125, "TId": "MKR500", "gsp": 429.6, "tan": 22.4450684}, "windSpd_kt": 161.342, "windDir_deg": -73.165, "temperature_K": 533.646, "address": "70e066", "createdAt": "06:57:31.179688"}