{"time": 25111.56215704, "bds50": {"value": {"rol": -20.7, "tan": 203.73, "gsp": 204, "tanR": -2.031, "tas": 210}, "time": 25111.56215704, "msg": "02188d0696d6bdbdfbf0808700a8000920f1590f19bdfc69780192"}, "bds60": {"value": {"mhd": 202.148, "ias": 196, "mach": 0.316, "bar": -512, "ivv": -544}, "time": 25110.382653898, "msg": "02188d0696d6777031ca808b00a00002bfc7e98913ff87ef780192"}, "df17": {"time": 25110.8359375, "Lat": 21.9490528, "Lon": 113.1542444, "geometric_height": 4075, "TId": "CPA9993", "gsp": 205.7, "tan": 205.3179932}, "windSpd_kt": 8.286, "windDir_deg": -20.672, "temperature_K": 581.464, "address": "780192", "createdAt": "06:58:31.598614"}