{"time": 24665.539341236, "bds50": {"value": {"rol": -1.1, "tan": 176.66, "gsp": 314, "tanR": -0.062, "tas": 324}, "time": 24665.04620113, "msg": "02188d06966ec751332a807100a0000398ff57db277ff4a2780126"}, "bds60": {"value": {"mhd": 178.77, "ias": 300, "mach": 0.492, "bar": -64, "ivv": -64}, "time": 24665.539341236, "msg": "02188d06966ee4b5ebb4807000a0000398bf9a591efff7fe780126"}, "df17": {"time": 24665.5625, "Lat": 22.2364569, "Lon": 114.0797782, "geometric_height": 5100, "TId": "HDA694", "gsp": 313.5, "tan": 176.5283203}, "windSpd_kt": 15.426, "windDir_deg": 47.313, "temperature_K": 570.976, "address": "780126", "createdAt": 