{"time": 25030.290440055, "bds50": {"value": {"rol": 10.4, "tan": 304.805, "gsp": 238, "tanR": 0.094, "tas": 230}, "time": 25030.290440055, "msg": "02188d0696c3d191ff77808700a8000e19877d8d1de01c73780aab"}, "bds60": {"value": {"mhd": 306.387, "ias": 210, "mach": 0.352, "bar": -1312, "ivv": -1216}, "time": 25030.276635441, "msg": "02188d0696c3d0bf5b31808700a0000410ecf9a5163ebfda780aab"}, "df17": {"time": 25029.3125, "Lat": 22.0369434, "Lon": 113.8872814, "geometric_height": 5725, "TId": "CPA859", "gsp": 238.6, "tan": 303.8873291}, "windSpd_kt": 10.282, "windDir_deg": -93.331, "temperature_K": 562.118, "address": "780aab", "createdAt": "06:57:10.328077"}