{"time": 24711.01387184, "bds50": {"value": {"rol": 12.1, "tan": 222.188, "gsp": 406, "tanR": 0.562, "tas": 468}, "time": 24711.006720163, "msg": "02188d0696797ac710a3818c00a000149c88b9e132e094ea7809ab"}, "bds60": {"value": {"mhd": 230.098, "ias": 284, "mach": 0.784, "bar": -32, "ivv": 32}, "time": 24711.01387184, "msg": "02188d0696797b3430e0909300a000149cd1da39313ffc017809ab"}, "df17": {"time": 24709.9140625, "Lat": 23.5331869, "Lon": 113.8506532, "geometric_height": 33900, "TId": "CQH8579", "gsp": 408.0, "tan": 219.2321777}, "windSpd_kt": 86.369, "windDir_deg": 90.407, "temperature_K": 469.156, "address": "7809ab", "createdAt": 