{"time": 24712.773190196, "bds50": {"value": {"rol": 1.4, "tan": 69.258, "gsp": 220, "tanR": 0.031, "tas": 222}, "time": 24712.766115786, "msg": "02188d069679e3a54fca807500a00001988113151ba00c6f76aa77"}, "bds60": {"value": {"mhd": 71.367, "ias": 217, "mach": 0.336, "bar": 1440, "ivv": 1568}, "time": 24712.773190196, "msg": "02188d069679e4114234907400a00001989969b315216c3176aa77"}, "df17": {"time": 24712.359375, "Lat": 22.3208284, "Lon": 113.9712238, "geometric_height": 1825, "TId": "JSA698", "gsp": 218.0, "tan": 69.3182373}, "windSpd_kt": 8.377, "windDir_deg": -33.499, "temperature_K": 574.758, "address": "76aa77", "createdAt": 