{"time": 24577.643874614, "bds50": {"value": {"rol": 0.5, "tan": 1.406, "gsp": 482, "tanR": null, "tas": 458}, "time": 24577.643874614, "msg": "02188d06965a6dbb8936819600a80018bb8070113c7ffce5780e1d"}, "bds60": {"value": {"mhd": 354.199, "ias": 282, "mach": 0.764, "bar": -32, "ivv": 0}, "time": 24576.332227891, "msg": "02188d06965a1f8d653381a200a0001414fdfa352ffffc00780e1d"}, "df17": {"time": 24577.6171875, "Lat": 25.8858919, "Lon": 113.5561037, "geometric_height": 32550, "TId": "CCA104", "gsp": 481.2, "tan": 1.4282227}, "windSpd_kt": 63.751, "windDir_deg": 65.734, "temperature_K": 473.154, "address": "780e1d", "createdAt": 