{"time": 25030.312408161, "bds50": {"value": {"rol": 0.4, "tan": 236.074, "gsp": 388, "tanR": 0.0, "tas": 434}, "time": 25030.30750039, "msg": "02188d0696c3d2965166819800a8001935805a7f30a004d9780c4c"}, "bds60": {"value": {"mhd": 238.359, "ias": 290, "mach": 0.704, "bar": -64, "ivv": -32}, "time": 25030.312408161, "msg": "02188d0696c3d2e1346180a000a0001098d4ca452c3ff7ff780c4c"}, "df17": {"time": 25028.875, "Lat": 21.6591811, "Lon": 111.9680858, "geometric_height": 27025, "TId": "CES5199", "gsp": 388.3, "tan": 236.0247803}, "windSpd_kt": 48.824, "windDir_deg": 76.831, "temperature_K": 500.37, "address": "780c4c", "createdAt": "06:57:10.354513"}