{"time": 24563.671654994, "bds50": {"value": {"rol": 0.5, "tan": 250.312, "gsp": 418, "tanR": 0.0, "tas": 466}, "time": 24563.452812252, "msg": "02188d0696571fe11bdc818700a800160a807b21346004e98880ae"}, "bds60": {"value": {"mhd": 252.07, "ias": 273, "mach": 0.788, "bar": -160, "ivv": -32}, "time": 24563.671654994, "msg": "02188d0696572cec6252908f00a00015b7d9aa23317fdfff8880ae"}, "df17": {"time": 24562.8203125, "Lat": 21.0570359, "Lon": 113.6964583, "geometric_height": 35975, "TId": "HVN577", "gsp": 418.1, "tan": 250.4388428}, "windSpd_kt": 49.874, "windDir_deg": 86.969, "temperature_K": 460.444, "address": "8880ae", "createdAt": 