{"time": 25130.327877154, "bds50": {"value": {"rol": -0.7, "tan": 245.918, "gsp": 378, "tanR": 0.0, "tas": 400}, "time": 25130.320627303, "msg": "02188d0696db1bd58667809700a0000930ff9aef2f6004c8780476"}, "bds60": {"value": {"mhd": 248.906, "ias": 320, "mach": 0.616, "bar": 352, "ivv": 32}, "time": 25130.327877154, "msg": "02188d0696db1c442622828e00a0000930d88a8126a05c01780476"}, "df17": {"time": 25128.71875, "Lat": 22.0514703, "Lon": 113.0316138, "geometric_height": 14500, "TId": "CSZ8909", "gsp": 378.8, "tan": 246.0058594}, "windSpd_kt": 29.919, "windDir_deg": 110.098, "temperature_K": 555.158, "address": "780476", "createdAt": "06:58:50.380206"}