{"time": 24495.277049828, "bds50": {"value": {"rol": 0.2, "tan": 199.16, "gsp": 360, "tanR": 0.031, "tas": 372}, "time": 24495.277049828, "msg": "02188d069647404987e4818f00a80005298038db2d200cba7815a3"}, "bds60": {"value": {"mhd": 205.137, "ias": 295, "mach": 0.576, "bar": -1152, "ivv": -1024}, "time": 24495.269934846, "msg": "02188d0696473fdcf6fe809100a0000995c8fa4f243ee7e07815a3"}, "df17": {"time": 24494.859375, "Lat": 23.360002, "Lon": 113.3183742, "geometric_height": 15025, "TId": "EPA6236", "gsp": 360.1, "tan": 199.2919922}, "windSpd_kt": 40.0, "windDir_deg": 94.716, "temperature_K": 549.16, "address": "7815a3", "createdAt": 