{"time": 25231.930962343, "bds50": {"value": {"rol": -0.9, "tan": 217.793, "gsp": 412, "tanR": -0.062, "tas": 458}, "time": 25231.930962343, "msg": "02188d0696f2c44831a7819900a8281990ff79af33bff4e57803ed"}, "bds60": {"value": {"mhd": 224.121, "ias": 286, "mach": 0.756, "bar": 0, "ivv": 32}, "time": 25230.687546798, "msg": "02188d0696f27a2b2dae819400a0281338cfba3d2f6004017803ed"}, "df17": {"time": 25229.7421875, "Lat": 22.8719687, "Lon": 116.2960768, "geometric_height": 31725, "TId": "CES2007", "gsp": 410.9, "tan": 218.1829834}, "windSpd_kt": 66.448, "windDir_deg": 87.231, "temperature_K": 483.22, "address": "7803ed", "createdAt": "07:00:31.969613"}