{"time": 24634.244693409, "bds50": {"value": {"rol": -0.4, "tan": 211.465, "gsp": 424, "tanR": null, "tas": 478}, "time": 24634.244693409, "msg": "02188d0696679b677da1819500a8001389ffd967353ffcef8991bb"}, "bds60": {"value": {"mhd": 218.145, "ias": 263, "mach": 0.824, "bar": -160, "ivv": 0}, "time": 24633.151678204, "msg": "02188d0696675a4166fc809d00a0001838cd9a0f33bfdc008991bb"}, "df17": {"time": 24632.875, "Lat": 22.2715187, "Lon": 118.2170105, "geometric_height": 40150, "TId": "CAL835", "gsp": 424.1, "tan": 211.4044189}, "windSpd_kt": 75.284, "windDir_deg": 79.075, "temperature_K": 443.056, "address": "8991bb", "createdAt": 