{"time": 25078.748328289, "bds50": {"value": {"rol": -0.4, "tan": 64.512, "gsp": 492, "tanR": 0.0, "tas": 436}, "time": 25078.748328289, "msg": "02188d0696cf19e2b161808900a800153dffd2df3da004da7810b1"}, "bds60": {"value": {"mhd": 66.621, "ias": 291, "mach": 0.708, "bar": -1856, "ivv": -2080}, "time": 25078.741107472, "msg": "02188d0696cf19748310808a00a000109f97ba472c7e37bf7810b1"}, "df17": {"time": 25078.1796875, "Lat": 22.9855871, "Lon": 114.9909568, "geometric_height": 27275, "TId": "GCR7441", "gsp": 492.0, "tan": 64.4787598}, "windSpd_kt": 58.537, "windDir_deg": 48.604, "temperature_K": 499.304, "address": "7810b1", "createdAt": "06:57:58.785085"}