{"time": 24605.734570982, "bds50": {"value": {"rol": 0.0, "tan": 8.086, "gsp": 364, "tanR": 0.0, "tas": 360}, "time": 24605.734570982, "msg": "02188d069660f8118be6808900a800181280105d2da004b4780c75"}, "bds60": {"value": {"mhd": 5.801, "ias": 282, "mach": 0.556, "bar": 96, "ivv": 32}, "time": 24605.726932109, "msg": "02188d069660f79cfc8d908900a00009b8821a3522e01c01780c75"}, "df17": {"time": 24604.71875, "Lat": 22.4978542, "Lon": 113.8885045, "geometric_height": 15600, "TId": "CSN644", "gsp": 363.6, "tan": 8.2177734}, "windSpd_kt": 14.98, "windDir_deg": 81.459, "temperature_K": 551.968, "address": "780c75", "createdAt": 