{"time": 24631.522373576, "bds50": {"value": {"rol": -0.2, "tan": 71.016, "gsp": 256, "tanR": 0.0, "tas": 250}, "time": 24631.154705546, "msg": "02188d069666e33a048a818100a8000f30fff3292020047d780f95"}, "bds60": {"value": {"mhd": 74.883, "ias": 227, "mach": 0.384, "bar": 1312, "ivv": 1152}, "time": 24631.522373576, "msg": "02188d069666f9242fc8808400a00004369aa9c718214c24780f95"}, "df17": {"time": 24630.25, "Lat": 22.7871251, "Lon": 113.817544, "geometric_height": 6225, "TId": "CSH9332", "gsp": 255.8, "tan": 71.0705566}, "windSpd_kt": 18.095, "windDir_deg": 2.303, "temperature_K": 558.052, "address": "780f95", "createdAt": 