{"time": 25169.288338263, "bds50": {"value": {"rol": 0.5, "tan": 226.406, "gsp": 398, "tanR": null, "tas": 456}, "time": 25169.288338263, "msg": "02188d0696e42e7d9b57819b00a8001cb5807a1131fffce476b4e9"}, "bds60": {"value": {"mhd": 231.855, "ias": 307, "mach": 0.74, "bar": -64, "ivv": 0}, "time": 25169.280242257, "msg": "02188d0696e42e02125180a200a0001098d27a672e7ff40076b4e9"}, "df17": {"time": 25169.0390625, "Lat": 23.7312412, "Lon": 117.0990443, "geometric_height": 26975, "TId": "SLK991", "gsp": 397.5, "tan": 226.4282227}, "windSpd_kt": 70.741, "windDir_deg": 84.149, "temperature_K": 499.948, "address": "76b4e9", "createdAt": "06:59:29.327866"}