{"time": 24627.336184467, "bds50": {"value": {"rol": -0.2, "tan": 327.48, "gsp": 214, "tanR": -0.062, "tas": 202}, "time": 24626.023458864, "msg": "02188d069665b1616830808300a8000807fffe8f1afff465780a0e"}, "bds60": {"value": {"mhd": 329.941, "ias": 190, "mach": 0.304, "bar": -512, "ivv": -512}, "time": 24627.336184467, "msg": "02188d069665ffa00293908000a00002b5f5597d133f87f0780a0e"}, "df17": {"time": 24627.21875, "Lat": 22.1404338, "Lon": 113.7591147, "geometric_height": 3825, "TId": "CPA110", "gsp": 213.6, "tan": 327.4255371}, "windSpd_kt": 14.958, "windDir_deg": -67.962, "temperature_K": 581.318, "address": "780a0e", "createdAt": 