{"time": 25061.098408363, "bds50": {"value": {"rol": -0.2, "tan": 64.688, "gsp": 494, "tanR": 0.0, "tas": 440}, "time": 25061.089339208, "msg": "02188d0696cafd53e748808900a800153dfff2e13de004dc7810b1"}, "bds60": {"value": {"mhd": 66.27, "ias": 292, "mach": 0.716, "bar": -1984, "ivv": -1952}, "time": 25061.098408363, "msg": "02188d0696cafdde49ab808800a0001117979a492cfe17c37810b1"}, "df17": {"time": 25059.5078125, "Lat": 22.9672837, "Lon": 114.9493933, "geometric_height": 27925, "TId": "GCR7441", "gsp": 494.8, "tan": 64.6270752}, "windSpd_kt": 55.513, "windDir_deg": 52.048, "temperature_K": 497.206, "address": "7810b1", "createdAt": "06:57:41.132327"}