{"time": 24626.897188033, "bds50": {"value": {"rol": -0.4, "tan": 270.879, "gsp": 416, "tanR": -0.094, "tas": 468}, "time": 24626.897188033, "msg": "02188d069665e57574c1909300a800178dffdc0b343fecea899029"}, "bds60": {"value": {"mhd": 271.758, "ias": 283, "mach": 0.776, "bar": -832, "ivv": -896}, "time": 24626.889599108, "msg": "02188d069665e501a884809700a0001494e0aa3730bf37e4899029"}, "df17": {"time": 24626.2265625, "Lat": 22.3794293, "Lon": 115.3391933, "geometric_height": 33850, "TId": "TTW371", "gsp": 416.2, "tan": 270.9613037}, "windSpd_kt": 52.439, "windDir_deg": 98.748, "temperature_K": 478.88, "address": "899029", "createdAt": 