{"time": 24738.356207216, "bds50": {"value": {"rol": 0.4, "tan": 227.461, "gsp": 278, "tanR": 0.031, "tas": 300}, "time": 24738.356207216, "msg": "02188d06967fd8ef1e70828e00a8000a83805a1d22e00c96780ccb"}, "bds60": {"value": {"mhd": 231.504, "ias": 250, "mach": 0.46, "bar": -96, "ivv": 0}, "time": 24738.345928861, "msg": "02188d06967fd852489d809500a0000738d259f51cffec00780ccb"}, "df17": {"time": 24738.359375, "Lat": 23.687489, "Lon": 113.7235594, "geometric_height": 11300, "TId": "CSN3086", "gsp": 277.5, "tan": 227.3345947}, "windSpd_kt": 29.985, "windDir_deg": 92.323, "temperature_K": 559.996, "address": "780ccb", "createdAt": 