{"time": 25063.066793036, "bds50": {"value": {"rol": 0.0, "tan": 267.891, "gsp": 354, "tanR": 0.0, "tas": 374}, "time": 25062.97355358, "msg": "02188d0696cb6da2bbac808e00a8001981801be92c6004bb780124"}, "bds60": {"value": {"mhd": 269.824, "ias": 298, "mach": 0.576, "bar": -864, "ivv": -800}, "time": 25063.066793036, "msg": "02188d0696cb7331744c828900a0000937dffa55243f2fe7780124"}, "df17": {"time": 25062.203125, "Lat": 22.2699738, "Lon": 114.927485, "geometric_height": 14750, "TId": "HDA865", "gsp": 354.2, "tan": 267.8961182}, "windSpd_kt": 23.467, "windDir_deg": 120.411, "temperature_K": 555.08, "address": "780124", "createdAt": "06:57:43.103587"}