{"time": 24685.213685337, "bds50": {"value": {"rol": -0.2, "tan": 70.84, "gsp": 150, "tanR": null, "tas": 158}, "time": 24685.137675065, "msg": "02188d06967374dcc339807f00a800199efff32712c0044f7801cc"}, "bds60": {"value": {"mhd": 70.84, "ias": 155, "mach": 0.24, "bar": -800, "ivv": -768}, "time": 24685.213685337, "msg": "02188d06967379649659808100a00001309939370f3f3fe87801cc"}, "df17": {"time": 24685.15625, "Lat": 22.2913456, "Lon": 113.837328, "geometric_height": 1250, "TId": "CPA766", "gsp": 150.3, "tan": 70.9606934}, "windSpd_kt": 8.0, "windDir_deg": -109.16, "temperature_K": 570.624, "address": "7801cc", "createdAt": 