{"time": 25105.605885473, "bds50": {"value": {"rol": -0.2, "tan": 174.727, "gsp": 246, "tanR": 0.062, "tas": 258}, "time": 25105.59896363, "msg": "02188d0696d55a4edfae807600a0000414fff7c51ee014818880ca"}, "bds60": {"value": {"mhd": 177.363, "ias": 236, "mach": 0.396, "bar": 1280, "ivv": 1344}, "time": 25105.605885473, "msg": "02188d0696d55ab87e21807600a0000414bf19d918e1442a8880ca"}, "df17": {"time": 25105.296875, "Lat": 22.2895646, "Lon": 114.0693498, "geometric_height": 5725, "TId": "HVN593", "gsp": 245.0, "tan": 174.6166992}, "windSpd_kt": 16.683, "windDir_deg": 40.064, "temperature_K": 558.864, "address": "8880ca", "createdAt": "06:58:25.646815"}