{"time": 25169.442878393, "bds50": {"value": {"rol": -0.7, "tan": 333.281, "gsp": 154, "tanR": -0.188, "tas": 150}, "time": 25168.124379667, "msg": "02188d0696e3e91d0213807c00a8001827ff9ed1137fd44b781319"}, "bds60": {"value": {"mhd": 338.203, "ias": 146, "mach": 0.228, "bar": -1024, "ivv": -1056}, "time": 25169.442878393, "msg": "02188d0696e437b3b3b9807a00a0000195f849250e7f07df781319"}, "df17": {"time": 25168.984375, "Lat": 22.5441813, "Lon": 113.8453102, "geometric_height": 1800, "TId": "TBA9847", "gsp": 153.4, "tan": 333.2702637}, "windSpd_kt": 13.652, "windDir_deg": -97.236, "temperature_K": 569.864, "address": "781319", "createdAt": "06:59:29.491562"}