{"time": 24649.751295813, "bds50": {"value": {"rol": 0.9, "tan": 247.148, "gsp": 262, "tanR": 0.0, "tas": 278}, "time": 24649.751295813, "msg": "02188d06966b37ab7745827a00a8000e1980bafd20e0048b780aab"}, "bds60": {"value": {"mhd": 249.434, "ias": 230, "mach": 0.424, "bar": 32, "ivv": 0}, "time": 24649.016318924, "msg": "02188d06966b0bdc9bcc807f00a0000790d8b9cd1aa00c00780aab"}, "df17": {"time": 24649.609375, "Lat": 22.2314358, "Lon": 114.2494226, "geometric_height": 11525, "TId": "CPA859", "gsp": 263.0, "tan": 246.9451904}, "windSpd_kt": 19.285, "windDir_deg": 102.246, "temperature_K": 565.998, "address": "780aab", "createdAt": 