{"time": 25255.197565664, "bds50": {"value": {"rol": 0.4, "tan": 71.016, "gsp": 224, "tanR": 0.031, "tas": 232}, "time": 25255.197565664, "msg": "02188d0696f82f1462e0808400a80018ad8053291c200c74880858"}, "bds60": {"value": {"mhd": 75.234, "ias": 219, "mach": 0.352, "bar": 2784, "ivv": 2752}, "time": 25255.190226262, "msg": "02188d0696f82ea46556808400a000029b9ac9b71622bc56880858"}, "df17": {"time": 25254.875, "Lat": 22.329669, "Lon": 114.0006852, "geometric_height": 3500, "TId": "AIQ521", "gsp": 223.2, "tan": 70.916748}, "windSpd_kt": 18.588, "windDir_deg": -42.348, "temperature_K": 571.938, "address": "880858", "createdAt": "07:00:55.238187"}