{"time": 25136.71286039, "bds50": {"value": {"rol": -0.9, "tan": 64.863, "gsp": 466, "tanR": null, "tas": 418}, "time": 25136.71286039, "msg": "02188d0696dc98d742e6908b00a800153dff72e33a7ffcd17810b1"}, "bds60": {"value": {"mhd": 67.676, "ias": 288, "mach": 0.676, "bar": -1632, "ivv": -1632}, "time": 25136.49943672, "msg": "02188d0696dc8c1eacb0808b00a0000f98981a412a7e6fcd7810b1"}, "df17": {"time": 25136.671875, "Lat": 23.0413985, "Lon": 115.1184368, "geometric_height": 25400, "TId": "GCR7441", "gsp": 467.1, "tan": 64.9182129}, "windSpd_kt": 52.663, "windDir_deg": 41.938, "temperature_K": 503.404, "address": "7810b1", "createdAt": "06:58:56.760225"}