{"time": 25150.177755182, "bds50": {"value": {"rol": -0.2, "tan": 211.113, "gsp": 426, "tanR": null, "tas": 476}, "time": 25150.177755182, "msg": "02188d0696dfbb69402e81a000a8001389fff963357ffcee8991bb"}, "bds60": {"value": {"mhd": 217.09, "ias": 262, "mach": 0.824, "bar": 32, "ivv": 0}, "time": 25148.811237444, "msg": "02188d0696df69f5d84482a200a0001838cd3a0d33a00c008991bb"}, "df17": {"time": 25144.4296875, "Lat": 21.4107656, "Lon": 117.6571584, "geometric_height": 40175, "TId": "CAL835", "gsp": 427.6, "tan": 211.1242676}, "windSpd_kt": 68.591, "windDir_deg": 77.385, "temperature_K": 439.356, "address": "8991bb", "createdAt": "06:59:10.218888"}