{"time": 24698.968076975, "bds50": {"value": {"rol": 0.0, "tan": 227.637, "gsp": 276, "tanR": 0.0, "tas": 300}, "time": 24698.961071186, "msg": "02188d069676accd0c52809500a8001e94801a1f22a004967811ab"}, "bds60": {"value": {"mhd": 231.328, "ias": 250, "mach": 0.456, "bar": -960, "ivv": -1024}, "time": 24698.968076975, "msg": "02188d069676ad37f2af818d00a0000719d249f51cbf17e07811ab"}, "df17": {"time": 24698.7421875, "Lat": 23.5996413, "Lon": 113.6193824, "geometric_height": 10900, "TId": "CSZ9676", "gsp": 276.6, "tan": 227.4884033}, "windSpd_kt": 30.323, "windDir_deg": 87.198, "temperature_K": 569.864, "address": "7811ab", "createdAt": 