{"time": 25286.363494407, "bds50": {"value": {"rol": 0.2, "tan": 287.754, "gsp": 386, "tanR": 0.0, "tas": 432}, "time": 25285.248802791, "msg": "02188d0696ff2e45dfe7818e00a80004b3803ccb306004d87809e4"}, "bds60": {"value": {"mhd": 286.172, "ias": 303, "mach": 0.692, "bar": -1920, "ivv": -1792}, "time": 25286.363494407, "msg": "02188d0696ff70b6b807818f00a0000eb2e5ca5f2b7e27c87809e4"}, "df17": {"time": 25285.8125, "Lat": 24.1064286, "Lon": 112.9301834, "geometric_height": 23925, "TId": "CSN8549", "gsp": 386.5, "tan": 287.7758789}, "windSpd_kt": 47.362, "windDir_deg": 93.169, "temperature_K": 513.114, "address": "7809e4", "createdAt": "07:01:26.404744"}