{"time": 24691.36997217, "bds50": {"value": {"rol": -0.2, "tan": 192.656, "gsp": 394, "tanR": null, "tas": 410}, "time": 24690.098503661, "msg": "02188d0696749c8cffed92a200a800100afff891317ffccd780305"}, "bds60": {"value": {"mhd": 200.742, "ias": 314, "mach": 0.64, "bar": -2432, "ivv": -2432}, "time": 24691.36997217, "msg": "02188d069674e85611ca829c00a0000b18c76a75283da7b4780305"}, "df17": {"time": 24689.9921875, "Lat": 24.676044, "Lon": 114.595685, "geometric_height": 17850, "TId": "CQH8855", "gsp": 393.5, "tan": 192.623291}, "windSpd_kt": 58.89, "windDir_deg": 90.974, "temperature_K": 540.338, "address": "780305", "createdAt": 