{"time": 25243.591355495, "bds50": {"value": {"rol": 0.5, "tan": 260.156, "gsp": 342, "tanR": 0.062, "tas": 358}, "time": 25243.591355495, "msg": "02188d0696f57b4bac67808e00a8001e91807b912ae014b3780e17"}, "bds60": {"value": {"mhd": 262.441, "ias": 290, "mach": 0.552, "bar": -160, "ivv": -96}, "time": 25242.876082631, "msg": "02188d0696f550a979c7829900a0000898dd5a4522bfdffd780e17"}, "df17": {"time": 25242.8046875, "Lat": 22.7959871, "Lon": 114.5740342, "geometric_height": 13550, "TId": "CDC8835", "gsp": 341.9, "tan": 260.2331543}, "windSpd_kt": 21.23, "windDir_deg": 122.403, "temperature_K": 553.79, "address": "780e17", "createdAt": "07:00:43.631155"}