{"time": 25145.20783649, "bds50": {"value": {"rol": 0.0, "tan": 248.027, "gsp": 264, "tanR": 0.0, "tas": 278}, "time": 25144.896804276, "msg": "02188d0696de80a455b4807a00a800160f801b072120048b780a49"}, "bds60": {"value": {"mhd": 250.137, "ias": 231, "mach": 0.424, "bar": -896, "ivv": -960}, "time": 25145.20783649, "msg": "02188d0696de932e4f4a807c00a0000736d8f9cf1abf27e2780a49"}, "df17": {"time": 25144.2265625, "Lat": 22.2141623, "Lon": 114.2039537, "geometric_height": 11350, "TId": "CPA495", "gsp": 264.3, "tan": 247.9998779}, "windSpd_kt": 17.191, "windDir_deg": 104.568, "temperature_K": 565.998, "address": "780a49", "createdAt": "06:59:05.249184"}