{"time": 25131.549545688, "bds50": {"value": {"rol": -0.4, "tan": 195.645, "gsp": 420, "tanR": 0.0, "tas": 458}, "time": 25130.284886637, "msg": "02188d0696db19b42a6d818c00a8000004ffd8b334a004e5789226"}, "bds60": {"value": {"mhd": 205.488, "ias": 297, "mach": 0.748, "bar": 256, "ivv": 0}, "time": 25131.549545688, "msg": "02188d0696db651554d8818e00a00011b8c91a532ee04400789226"}, "df17": {"time": 25130.703125, "Lat": 23.8263202, "Lon": 113.9534569, "geometric_height": 29075, "TId": "CRK337", "gsp": 419.5, "tan": 195.6280518}, "windSpd_kt": 84.304, "windDir_deg": 83.881, "temperature_K": 493.612, "address": "789226", "createdAt": "06:58:51.586276"}