{"time": 25187.198092514, "bds50": {"value": {"rol": 0.7, "tan": 172.617, "gsp": 302, "tanR": 0.062, "tas": 308}, "time": 25187.198092514, "msg": "02188d0696e859fec4e2907600a8001ca58097ad25e0149a8880ca"}, "bds60": {"value": {"mhd": 175.781, "ias": 277, "mach": 0.472, "bar": 64, "ivv": -32}, "time": 25187.187407851, "msg": "02188d0696e8595bbbeb807600a00004b7be8a2b1da017ff8880ca"}, "df17": {"time": 25186.8125, "Lat": 22.1816754, "Lon": 114.0835333, "geometric_height": 7100, "TId": "HVN593", "gsp": 301.5, "tan": 172.567749}, "windSpd_kt": 17.877, "windDir_deg": 64.596, "temperature_K": 560.628, "address": "8880ca", "createdAt": "06:59:47.234759"}