{"time": 25238.726087378, "bds50": {"value": {"rol": -0.5, "tan": 197.93, "gsp": 326, "tanR": 0.0, "tas": 342}, "time": 25238.726087378, "msg": "02188d0696f4594d92d2818c00a8001029ffb8cd28e004ab78135d"}, "bds60": {"value": {"mhd": 203.027, "ias": 280, "mach": 0.524, "bar": 32, "ivv": 0}, "time": 25238.718850603, "msg": "02188d0696f458df262b918c00a0000810c83a3120e00c0078135d"}, "df17": {"time": 25238.1875, "Lat": 22.8591156, "Lon": 113.1331086, "geometric_height": 12350, "TId": "CSN3759", "gsp": 326.1, "tan": 198.0450439}, "windSpd_kt": 33.73, "windDir_deg": 82.192, "temperature_K": 560.85, "address": "78135d", "createdAt": "07:00:38.759463"}