{"time": 24703.259776622, "bds50": {"value": {"rol": -0.2, "tan": 331.699, "gsp": 352, "tanR": null, "tas": 366}, "time": 24703.259776622, "msg": "02188d069677ad06166e808700a800189ffffebf2c3ffcb7780bcf"}, "bds60": {"value": {"mhd": 329.062, "ias": 281, "mach": 0.568, "bar": -832, "ivv": -928}, "time": 24703.245337658, "msg": "02188d069677ac29c43a808600a0000ab1f50a3323bf37e3780bcf"}, "df17": {"time": 24702.59375, "Lat": 22.1966958, "Lon": 113.9596367, "geometric_height": 17125, "TId": "CSN3070", "gsp": 352.4, "tan": 331.907959}, "windSpd_kt": 21.653, "windDir_deg": 100.651, "temperature_K": 546.668, "address": "780bcf", "createdAt": 