{"time": 24671.084392198, "bds50": {"value": {"rol": -0.2, "tan": 267.715, "gsp": 264, "tanR": 0.0, "tas": 278}, "time": 24671.084392198, "msg": "02188d0696702f38af06828400a8001798fffbe72120048b8990f5"}, "bds60": {"value": {"mhd": 268.594, "ias": 230, "mach": 0.424, "bar": 32, "ivv": 32}, "time": 24671.076792042, "msg": "02188d0696702ec4b6ea818300a0000790df89cd1aa00c018990f5"}, "df17": {"time": 24670.921875, "Lat": 22.2542238, "Lon": 114.4682908, "geometric_height": 11575, "TId": "CAL7863", "gsp": 265.2, "tan": 267.8411865}, "windSpd_kt": 14.604, "windDir_deg": 104.694, "temperature_K": 565.998, "address": "8990f5", "createdAt": 