{"time": 25108.98351848, "bds50": {"value": {"rol": -0.4, "tan": 64.688, "gsp": 482, "tanR": 0.0, "tas": 434}, "time": 25108.98351848, "msg": "02188d0696d6240b1510808c00a800153dffd2e13c6004d97810b1"}, "bds60": {"value": {"mhd": 67.5, "ias": 296, "mach": 0.704, "bar": -2048, "ivv": -1536}, "time": 25108.976153458, "msg": "02188d0696d6239ab372808b00a0001016980a512c3e07d07810b1"}, "df17": {"time": 25108.625, "Lat": 23.0151129, "Lon": 115.0582695, "geometric_height": 26175, "TId": "GCR7441", "gsp": 482.3, "tan": 64.7094727}, "windSpd_kt": 52.988, "windDir_deg": 40.996, "temperature_K": 500.37, "address": "7810b1", "createdAt": "06:58:29.023290"}