{"time": 25092.407090736, "bds50": {"value": {"rol": -0.2, "tan": 245.215, "gsp": 456, "tanR": null, "tas": 496}, "time": 25092.400728093, "msg": "02188d0696d247a1c81d819800a0001838fffae7393ffcf886ebfa"}, "bds60": {"value": {"mhd": 246.445, "ias": 274, "mach": 0.86, "bar": 64, "ivv": 0}, "time": 25092.407090736, "msg": "02188d0696d24802de3080a400a0001838d7aa2535e0140086ebfa"}, "df17": {"time": 25092.1015625, "Lat": 19.9460006, "Lon": 114.6254683, "geometric_height": 40350, "TId": "ANA847", "gsp": 455.9, "tan": 245.2313232}, "windSpd_kt": 41.282, "windDir_deg": 80.161, "temperature_K": 437.95, "address": "86ebfa", "createdAt": "06:58:12.448377"}